title,genres,keywords,original_language,overview
I Spy,Action Adventure Comedy Thriller,budapest kidnapping boxer secret agent liberation of hostage,en,"When the Switchblade, the most sophisticated prototype stealth fighter created yet, is stolen from the U.S. government, one of the United States' top spies, Alex Scott, is called to action. What he doesn't expect is to get teamed up with a cocky civilian, World Class Boxing Champion Kelly Robinson, on a dangerous top secret espionage mission. Their assignment: using equal parts skill and humor, catch Arnold Gundars, one of the world's most successful arms dealers."
Split Second,Thriller Action Horror Science Fiction Crime,flooding futuristic police detective,en,"In a futuristic London, the rising sea levels mean that large areas are under feet of water. Hauer plays a cop who previously lost his partner to some strange creature. Now the creature is back and its after him."
Gossip,Drama Mystery Thriller,college suspense gossip rumor social experiment,en,"On a beautiful college campus, something ugly is about to be spread around. A bit of gossip that was told is starting to take a frightening turn. Who could it have offended and how far will the person on the other side of the gossip handle the embarrassing situation."
Vicky Cristina Barcelona,Drama Romance,barcelona spain menage a trois author,en,"Two girlfriends on a summer holiday in Spain become enamored with the same painter, unaware that his ex-wife, with whom he has a tempestuous relationship, is about to re-enter the picture."
Harry Potter and the Half-Blood Prince,Adventure Fantasy Family,witch magic broom school of witchcraft wizardry,en,"As Harry begins his sixth year at Hogwarts, he discovers an old book marked as 'Property of the Half-Blood Prince', and begins to learn more about Lord Voldemort's dark past."
AVP: Alien vs. Predator,Adventure Science Fiction Action,saving the world predator laserpointer space marine pyramid,en,"When scientists discover something in the Arctic that appears to be a buried Pyramid, they send a research team out to investigate. Little do they know that they are about to step into a hunting ground where Aliens are grown as sport for the Predator race."
The Contender,Drama Thriller,politics suspense,en,"Political thriller about Laine Hanson's nomination and confirmation as Vice President. An allegation that she was involved in a sexual orgy at the age of 19 is leaked to the press. As pressure mounts on Laine, she's torn between fighting back or sticking to her principles and refusing to comment on the allegations."
Meet the Parents,Comedy Romance,cia airport cat jew orderly,en,"Greg Focker is ready to marry his girlfriend, Pam, but before he pops the question, he must win over her formidable father, humorless former CIA agent Jack Byrnes, at the wedding of Pam's sister. As Greg bends over backward to make a good impression, his visit to the Byrnes home turns into a hilarious series of disasters, and everything that can go wrong does, all under Jack's critical, hawklike gaze."
Away We Go,Drama Comedy Romance,interracial relationship dead father reference to bob dylan biracial bedtime story,en,"Verona and Burt have moved to Colorado to be close to Burt's parents but, with Veronica expecting their first child, Burt’s parents decide to move to Belgium, now leaving them in a place they hate and without a support structure in place. They set off on a whirlwind tour of of disparate locations where they have friends or relatives, sampling not only different cities and climates but also different families. Along the way they realize that the journey is less about discovering where they want to live and more about figuring out what type of parents they want to be."
Sleep Dealer,Drama Science Fiction Thriller,virtual reality dystopia moral conflict computer loneliness,en,"Set in a near-future, militarized world marked by closed borders, virtual labor and a global digital network that joins minds and experiences, three strangers risk their lives to connect with each other and break the barriers of technology."
In Her Line of Fire,Drama Action Thriller,rebel usa president hostage airplane,en,"When the Vice President's plane goes down near a remote Pacific island, he is kidnapped by rebel forces and held for ransom. It is up to his female Secret Service agent and a press secretary to infiltrate the camp and save him."
Beyond the Lights,Romance Drama,talent success musician woman director,en,"Noni Jean is a hot new rising star. But not all is what it seems, and the pressure causes Noni to nearly fall apart - until she meets Kaz Nicol, a promising young cop and aspiring politician who's been assigned to her detail. Can Kaz's love give Noni the courage to find her own voice and break free to become the artist she was meant to be?"
The Front Page,Romance Drama Comedy,chicago journalist newspaper marriage proposal stress,en,A journalist suffering from burn-out wants to finally say goodbye to his office – but his boss doesn’t like the idea one bit.
Taxi Driver,Crime Drama,vietnam veteran taxi obsession drug dealer night shift,en,"A mentally unstable Vietnam War veteran works as a night-time taxi driver in New York City where the perceived decadence and sleaze feeds his urge for violent action, attempting to save a preadolescent prostitute in the process."
Knight and Day,Action Comedy,spy airport gas station garage pilot,en,"A fugitive couple goes on a glamorous and sometimes deadly adventure where nothing and no one – even themselves – are what they seem. Amid shifting alliances and unexpected betrayals, they race across the globe, with their survival ultimately hinging on the battle of truth vs. trust."
End of Days,Action Fantasy Horror Mystery,christianity sex new year's eve pastor nudity,en,"On December 28th, 1999, the citizens of New York City are getting ready for the turn of the millennium. However, the Devil decides to crash the party by coming to the city, inhabiting a man's body, and searching for his chosen bride, a 20-year-old woman named Christine York. The world will end, and the only hope lies within an atheist called Jericho Cane."
Code 46,Drama Romance Science Fiction Thriller,seattle shanghai future insurance salesman dystopia,en,"A futuristic 'Brief Encounter', a love story in which the romance is doomed by genetic incompatibility."
Double Take,Adventure Drama Action Comedy Romance,mexico cia fbi train,en,"The governor of a Mexican state is assassinated. Soon after, junior executive Daryl Chase's life turns upside down: after he flags a huge transfer of funds from a Mexican account as probably illegal, he's attacked in his apartment, rescued by a CIA agent, finds his secretary shot dead, and witnesses two cops get killed. He calls the CIA guy who tells him to grab the next train to Mexico. Leaving M"
Tidal Wave,Action Adventure Drama Thriller,helicopter beach loss of father giant wave tsunami,ko,"Man-sik and Yeon-hee, are unsure as to whether they can overcome past wounds and continue being a couple. Dr. Kim, who cautions against a possible mega-tsunami at Haeundae, collapses in agony springing from an unexpected turn-up of his daughter and divorced wife. Hyoung-sik, after rescuing a woman from Seoul, rides out a ferocious storm to gladden her heart. A tsunami which destroys Haeundae symbolizes the establishment of a typical axis called provocation of conflicts, and later the inner spaces of the couples without anything left behind after all conflicts have ended"
I Heart Huckabees,Comedy Romance,sex detective jealousy humor protest,en,"A husband-and-wife team play detective, but not in the traditional sense. Instead, the happy duo helps others solve their existential issues, the kind that keep you up at night, wondering what it all means."
My Own Private Idaho,Drama Romance,individual gay father son relationship rome robbery,en,"In this loose adaptation of Shakespeare's ""Henry IV,"" Mike Waters (River Phoenix) is a gay hustler afflicted with narcolepsy. Scott Favor (Keanu Reeves) is the rebellious son of a mayor. Together, the two travel from Portland, Oregon to Idaho and finally to the coast of Italy in a quest to find Mike's estranged mother. Along the way they turn tricks for money and drugs, eventually attracting the attention of a wealthy benefactor and sexual deviant."
Bandits,Action Comedy Crime Romance,prison,en,Two bank robbers fall in love with the girl they've kidnapped.
Crazy in Alabama,Comedy Drama,,en,An abused wife heads to California to become a movie star while her nephew back in Alabama has to deal with a racially-motivated murder involving a corrupt sheriff.
(500) Days of Summer,Comedy Drama Romance,date sex jealousy fight architect,en,"Tom (Joseph Gordon-Levitt), greeting-card writer and hopeless romantic, is caught completely off-guard when his girlfriend, Summer (Zooey Deschanel), suddenly dumps him. He reflects on their 500 days together to try to figure out where their love affair went sour, and in doing so, Tom rediscovers his true passions in life."
Extremely Loud & Incredibly Close,Drama,based on novel autism key scavenger hunt death of father,en,"A year after his father's death, Oskar, a troubled young boy, discovers a mysterious key he believes was left for him by his father and embarks on a scavenger hunt to find the matching lock."
The Artist,Drama Comedy Romance,film producer film history movie studio hollywood dog,en,"Hollywood, 1927: As silent movie star George Valentin wonders if the arrival of talking pictures will cause him to fade into oblivion, he sparks with Peppy Miller, a young dancer set for a big break."
Stan Helsing,Comedy Horror,halloween slapstick duringcreditsstinger,en,"It's Halloween night and video store clerk Stan Helsing just got stuck with a last minute request to deliver some videos. With his best friend, his best friend's date, and a smoking hot ex-girlfriend waiting to go to a party, Stan convinces them to take a side trip to Stormy Night Estates for the drop. But the group gets locked inside and Stan discovers he's actually Stan Van Helsing, descendan"
The Relic,Horror Mystery Thriller,chicago based on novel monster museum pile of dead bodies,en,"A researcher at Chicago's Natural History Museum returns from South America with some crates containing his findings. When the crates arrive at the museum without the owner there appears to be very little inside. However, police discover gruesome murders on the cargo ship that brought the crates to the US and then another murder in the museum itself."
The Midnight Meat Train,Mystery Drama Crime Thriller Horror,photographer butcher vegetarian midnight blood splatter,en,"The photographer Leon lives with his girlfriend and waitress Maya waiting for a chance to get in the photo business. When Maya contacts their friend Jurgis, he schedules a meeting for Leon with the successful owner of arts gallery Susan Hoff; she analyzes Leon's work and asks him to improve the quality of his photos. During the night, the upset Leon decides to wander on the streets taking pictures with his camera, and he follows three punks down to the subway station; when the gang attacks a young woman, Leon defends her and the guys move on. On the next morning, Leon discovers that the woman is missing. He goes to the police station, but Detective Lynn Hadley does not give much attention to him and discredits his statement. Leon becomes obsessed to find what happened with the stranger and he watches the subway station. When he sees the elegant butcher Mahogany in the train, Leon believes he might be a murderer and stalks him everywhere, in the beginning of his journey to the darkness."
Ghost Rider: Spirit of Vengeance,Action Fantasy Thriller,monk eastern europe skeleton biker marvel comic,en,"When the devil resurfaces with aims to take over the world in human form, Johnny Blaze reluctantly comes out of hiding to transform into the flame-spewing supernatural hero Ghost Rider -- and rescue a 10-year-old boy from an unsavory end."
My Summer of Love,Drama Thriller Romance,england brother sister relationship becoming an adult northern england female friendship,en,"In the Yorkshire countryside, working-class tomboy Mona meets the exotic, pampered Tasmin. Over the summer season, the two young women discover they have much to teach one another, and much to explore together."
Dark Blue,Action Crime Drama Thriller,corruption police brutality riot ghetto street war,en,"Set during the Rodney King riots, a robbery homicide investigation triggers a series of events that will cause a corrupt LAPD officer to question his tactics."
Kill Bill: Vol. 1,Action Crime,japan coma martial arts kung fu underworld,en,"An assassin is shot at the altar by her ruthless employer, Bill and other members of their assassination circle – but 'The Bride' lives to plot her vengeance. Setting out for some payback, she makes a death list and hunts down those who wronged her, saving Bill for last."
Meek's Cutoff,Drama Western,gold oregon thirst tree settler,en,"Set in 1845, this drama follows a group of settlers as they embark on a punishing journey along the Oregon Trail. When their guide leads them astray, the expedition is forced to contend with the unforgiving conditions of the high plain desert."
The Master,Drama,post traumatic stress  disorder sexual obsession postwar period drifter alcoholic,en,"Freddie, a volatile, heavy-drinking veteran who suffers from post-traumatic stress disorder, finds some semblance of a family when he stumbles onto the ship of Lancaster Dodd, the charismatic leader of a new ""religion"" he forms after World War II."
Once Upon a Time in the West,Western,showdown bounty bounty hunter loss of brother sadness,it,This classic western masterpiece is an epic film about a widow whose land and life are in danger as the railroad is getting closer and closer to taking them over. A mysterious harmonica player joins forces with a desperado to protect the woman and her land.
The Golden Compass,Adventure Fantasy,england compass experiment lordship uncle,en,"After overhearing a shocking secret, precocious orphan Lyra Belacqua trades her carefree existence roaming the halls of Jordan College for an otherworldly adventure in the far North, unaware that it's part of her destiny."
The Monuments Men,War Drama History Action,world war ii nazis art theft post world war ii,en,"Based on the true story of the greatest treasure hunt in history, The Monuments Men is an action drama focusing on seven over-the-hill, out-of-shape museum directors, artists, architects, curators, and art historians who went to the front lines of WWII to rescue the world’s artistic masterpieces from Nazi thieves and return them to their rightful owners.  With the art hidden behind enemy lines, how could these guys hope to succeed?"
The Egyptian,History Drama,egypt,en,"In eighteenth-dynasty Egypt, Sinuhe, a poor orphan, becomes a brilliant physician and with his friend Horemheb is appointed to the service of the new Pharoah. Sinuhe's personal triumphs and tragedies are played against the larger canvas of the turbulent events of the 18th dynasty. As Sinuhe is drawn into court intrigues he learns the answers to the questions he has sought since his birth."
Free Style,Drama Family,duringcreditsstinger,en,"Cale Bryant is determined to win a coveted spot on the Grand National motocross racing team. With the support of his loving mother, precocious little sister and new girlfriend, Cale proves against all odds that he has the heart, the willpower and the courage never to give up on his dream."
X-Men: The Last Stand,Adventure Action Science Fiction Thriller,mutant marvel comic based on comic book superhuman beast,en,"When a cure is found to treat mutations, lines are drawn amongst the X-Men and The Brotherhood, a band of powerful mutants organized under Xavier's former ally, Magneto."
Rocky,Drama,underdog philadelphia transporter italo-american fight,en,"When world heavyweight boxing champion, Apollo Creed wants to give an unknown fighter a shot at the title as a publicity stunt, his handlers choose palooka Rocky Balboa, an uneducated collector for a Philadelphia loan shark. Rocky teams up with trainer  Mickey Goldmill to make the most of this once in a lifetime break."
Pitch Black,Thriller Science Fiction Action,darkness dystopia comet alien life-form survival,en,"When their ship crash-lands on a remote planet, the marooned passengers soon learn that escaped convict Riddick isn't the only thing they have to fear. Deadly creatures lurk in the shadows, waiting to attack in the dark, and the planet is rapidly plunging into the utter blackness of a total eclipse. With the body count rising, the doomed survivors are forced to turn to Riddick with his eerie eyes to guide them through the darkness to safety. With time running out, there's only one rule: Stay in the light."
Iron Man 2,Adventure Action Science Fiction,malibu marvel comic superhero based on comic book revenge,en,"With the world now aware of his dual life as the armored superhero Iron Man, billionaire inventor Tony Stark faces pressure from the government, the press and the public to share his technology with the military. Unwilling to let go of his invention, Stark, with Pepper Potts and James 'Rhodey' Rhodes at his side, must forge new alliances – and confront powerful enemies."
Ruby in Paradise,Drama Romance,independent film,en,"Reeling from her mother's recent death, Ruby Lee Gissing relocates to Florida to start anew. After finding a job at a souvenir store, Ruby becomes friends with the shop's owner, Mildred Chambers, and slowly acclimates to her new surroundings. Before long, she's juggling the affections of Mildred's Lothario son, Ricky, and the good-natured Mike. As she wavers between Ricky and Mike, Ruby also tries to come to terms with her past."
The Smurfs,Animation Family Adventure Comedy Fantasy,moon magic based on comic book animation good vs evil,en,"When the evil wizard Gargamel chases the tiny blue Smurfs out of their village, they tumble from their magical world and into ours -- in fact, smack dab in the middle of Central Park. Just three apples high and stuck in the Big Apple, the Smurfs must find a way to get back to their village before Gargamel tracks them down."
Oliver!,Drama Family Music,pickpocket musical victorian england orphan,en,"Musical adaptation of Charles Dickens' Oliver Twist, a classic tale of an orphan who runs away from the workhouse and joins up with a group of boys headed by the Artful Dodger and trained to be pickpockets by master thief Fagin."
The Celebration,Drama,suicide father son relationship child abuse sexual abuse depression,da,"A grandiose party to celebrate a sixtieth birthday unleashes a family drama with all the lies that conceal horrendous secrets. The eldest son, Christian, stages a showdown with the popular pater familias; his provocative, moving after-dinner speech dislodges all the masks, which finally fall completely as the father-son conflict intensifies and the bewildered guests look on."
The Last Witch Hunter,Fantasy Action Adventure,new york witch uprising witch hunter,en,"The modern world holds many secrets, but by far the most astounding is that witches still live among us; vicious supernatural creatures intent on unleashing the Black Death upon the world and putting an end to the human race once and for all. Armies of witch hunters have battled this unnatural enemy for centuries, including Kaulder, a valiant warrior who many years ago slayed the all-powerful Witch Queen, decimating her followers in the process. In the moments right before her death, the Queen cursed Kaulder with immortality, forever separating him from his beloved wife and daughter. Today, Kaulder is the last living hunter who has spent his immortal life tracking down rogue witches, all the while yearning for his long-lost family."
Prom Night,Crime Horror,aunt remake blood on shirt slasher death of family,en,"Donna's senior prom is supposed to be the best night of her life, though a sadistic killer from her past has different plans for her and her friends."
The Dead Girl,Mystery Drama Crime Thriller,prostitute fire newspaper independent film woman director,en,The clues to a young woman's death come together as the lives of seemingly unrelated people begin to intersect.
Saving Silverman,Comedy Crime Romance,female nudity harassment male friendship dark comedy director cameo,en,"A pair of buddies conspire to save their best friend from marrying the wrong woman, a cold-hearted beauty who snatches him from them and breaks up their Neil Diamond cover band."
Love Me Tender,Drama Action Western Music Romance,civil war,en,Elvis Prestley's first film is a Civil War drama.
Little Nicky,Comedy Fantasy Romance,father son relationship brother sister relationship mephisto bulldogg,en,"After the lord of darkness decides he will not cede his thrown to any of his three sons, the two most powerful of them escape to Earth to create a kingdom for themselves. This action closes the portal filtering sinful souls to Hell and causes Satan to wither away. He must send his most weak but beloved son, Little Nicky, to Earth to return his brothers to Hell."
Incident at Loch Ness,Adventure Comedy Horror,,en,"The German film director Werner Herzog sets out to the Scottish Highlands to make a documentary, ""Enigma of Loch Ness"", exploding the myth of the Loch Ness Monster. Meanwhile, another documentary film crew is making a film about Werner Herzog, and we see the production of ""Enigma"" from their point of view. Shooting on a rented boat, tensions begin to rise as director Herzog and his producer, Zak Penn, find themselves at cross-purposes on the black surface of Loch Ness. Things get very edgy when the film crew starts seeing shapes in the murky water."
Autumn in New York,Drama Romance,new love love of one's life unexpected happiness dying and death success,en,"Autumn in New York follows the sexual exploits of Will Keane - New York restaurateur, infamous verging-on-50 playboy, master of the no-commitment seduction - until he runs into an unexpected dead end when he meets Charlotte Fielding. Charlotte is half Will's age and twice his match, a 21 year-old free spirit yearning to get out and taste the excitement of adult life."
Training Day,Action Crime Drama Thriller,police brutality war on drugs drug traffic drug dealer los angeles,en,"On his first day on the job as a narcotics officer, a rookie cop works with a rogue detective who isn't what he appears."
Hocus Pocus,Comedy Family Fantasy,witch halloween salem trick or treating spellcasting,en,"After 300 years of slumber, three sister witches are accidentally resurrected in Salem on Halloween night, and it us up to three kids and their newfound feline friend to put an end to the witches' reign of terror once and for all."
Hardflip,Drama Action,skateboarding forgiveness sport family relationships aftercreditsstinger,en,"Hardflip follows the story of Caleb (Randy Wayne) a young skater whose ill mother (Rosanna Arquette) and absent father (John Schneider) leave him reaching for the only hope he has...becoming a sponsored skater. After his mother falls ill, Caleb finds a stack of old love letters. He sets out to find the father he never knew and inadvertently begins a journey he never could have expected. This story explores what happens when we let go of our anger and pain and forgive those who have hurt us most."
The Doors,Drama Music,hippie poetry sex rock and roll nudity,en,"The story of the famous and influential 1960's rock band and its lead singer and composer, Jim Morrison."
Scott Walker: 30 Century Man,Documentary Music,music,en,A documentary on the influential musician Scott Walker.
Why Did I Get Married?,Comedy Drama,,en,"The film is about the difficulty of maintaining a solid relationship in modern times. Eight married college friends plus one other non-friend (all of whom have achieved middle to upper class economic status) go to Colorado for their annual week-long reunion, but the mood shifts when one couple's infidelity comes to light. Secrets are revealed and each couple begins to question their own marriage"
To Kill a Mockingbird,Crime Drama,black people based on novel brother sister relationship becoming an adult isolation,en,"In a small Alabama town in the 1930s, scrupulously honest and highly respected lawyer, Atticus Finch puts his career on the line when he agrees to represent Tom Robinson, a black man accused of rape. The trial and the events surrounding it are seen through the eyes of Finch's six-year-old daughter, Scout. While Robinson's trial gives the movie its momentum, there are plenty of anecdotal occurrences before and after the court date: Scout's ever-strengthening bond with older brother, Jem, her friendship with precocious young Dill Harris, her father's no-nonsense reactions to such life-and-death crises as a rampaging mad dog, and especially Scout's reactions to, and relationship with, Boo Radley, the reclusive 'village idiot' who turns out to be her salvation when she is attacked by a venomous bigot."
Bachelorette,Comedy Romance,bridesmaid strip club female friendship reunion drug use,en,Three friends are asked to be bridesmaids at a wedding of a woman they used to ridicule back in high school.
Mr. Peabody & Sherman,Animation Adventure Family,father son relationship egypt intelligence adoption time travel,en,"A young boy and his dog, who happens to have a genius-level IQ, spring into action when their time-travel machine is stolen and moments in history begin to be changed."
Little Shop of Horrors,Horror Comedy Music,flower solar eclipse florist assistant plants,en,"Seymour Krelborn is a nerdy orphan working at Mushnik's, a flower shop in urban Skid Row. He harbors a crush on fellow co-worker Audrey Fulquard, and is berated by Mr. Mushnik daily. One day as Seymour is seeking a new mysterious plant, he finds a very mysterious unidentified plant which he calls Audrey II. The plant seems to have a craving for blood and soon begins to sing for his supper."
The Mexican,Action Comedy Crime Romance,kidnapping pistol,en,"Jerry Welbach, a reluctant bagman, has been given two ultimatums: The first is from his mob boss to travel to Mexico and retrieve a priceless antique pistol, known as ""the Mexican""... or suffer the consequences. The second is from his girlfriend Samantha to end his association with the mob. Jerry figures alive and in trouble with Samantha is better than the more permanent alternative, so he heads south of the border."
Point Blank,Action Crime Drama Thriller,alcatraz revenge organized crime,en,"After being double-crossed and left for dead, a mysterious man named Walker single-mindedly tries to retrieve the rather inconsequential sum of money that was stolen from him."
Jimmy and Judy,Action Crime Drama Thriller,police revenge independent film video camera on the run,en,Two misunderstood suburban kids challenge society and run from the police while documenting all of their deeds with a digital camera.
Becoming Jane,Drama Romance,england judge irland new love empowerment,en,A biographical portrait of a pre-fame Jane Austen and her romance with a young Irishman.
Josie and the Pussycats,Comedy Music,manager pop secret small town garage,en,"Josie, Melody and Val are three small-town girl musicians determined to take their rock band out of their garage and straight to the top, while remaining true to their look, style and sound. They get a record deal which brings fame and fortune but soon realize they are pawns of two people who want to control the youth of America. They must clear their names, even if it means losing fame and fortune."
The Jerky Boys,Comedy Crime,new york telephone joke gangster,en,"When two unemployed telephone pranksters decide to use their vocal ""talents"" to impersonate a Chicago mob boss and curry favor with organized crime in New York, the trouble begins. It isn't long before Johnny and Kamal (the ""Jerky Boys"" of crank call fame) are wanted by the local mafia, the police, and their neighbor."
Transporter 2,Action Thriller Crime,martial arts war on drugs kidnapping bodyguard baby-snatching,en,"Professional driver Frank Martin is living in Miami, where he is temporarily filling in for a friend as the chauffeur for a government narcotics control policymaker and his family. The young boy in the family is targeted for kidnapping, and Frank immediately becomes involved in protecting the child and exposing the kidnappers."
Three,Romance Drama Comedy,sex bisexual science,de,"Hanna and Simon are in a 20 year marriage with an unexiting relationship. By chance, they both meet and start separate affairs with Adam. Adam has no idea that his two lovers are married, until they are all found out when Hanna becomes pregnant, with the natural doubts stemming from their situation."
The Invention of Lying,Comedy Romance Fantasy,,en,"Set in a world where the concept of lying doesn't exist, a loser changes his lot when he invents lying and uses it to get ahead."
Hum To Mohabbat Karega,,,en,"Raju, a waiter, is in love with the famous TV reporter Greeta Kapoor. After a man is murdered, Kapoor shows up at Raju's door to ask him some questions - it turns out that Raju served the dead man his last supper, and the authorities hope that he might be able to help them. Raju lies and says that he was an eye witness, in order to spend more time with Kapoor. He gives the police a false description of the killer, but it matches his best friend Kutti, so soon Kutti is wanted by the police, and the Mafia, who is responsible for the killing, is after Raju."
Standard Operating Procedure,Documentary,prison prisoner jail guard prison cell bagdad,en,Errol Morris examines the incidents of abuse and torture of suspected terrorists at the hands of U.S. forces at the Abu Ghraib prison.
The Oxford Murders,Crime Mystery Thriller,mathematician mathematics oxford symbol triangle,en,"At Oxford University, a professor and a grad student work together to try and stop a potential series of murders seemingly linked by mathematical symbols"
The Texas Chainsaw Massacre: The Beginning,Horror,mass murder planned murder chain saw sadism knife,en,"Chrissie and her friends set out on a road trip for a final fling before one is shipped off to Vietnam. Along the way, bikers harass the foursome and cause an accident that throws Chrissie from the vehicle. The lawman who arrives on the scene kills one of the bikers and brings Chrissie's friends to the Hewitt homestead, where young Leatherface is learning the tools of terror."
Dolphin Tale 2,Family Drama,dolphin aquarium swimming,en,The team of people who saved Winter's life reassemble in the wake of her surrogate mother's passing in order to find her a companion so she can remain at the Clearwater Marine Hospital.
Bella,Drama Romance,waitress beach independent film soccer girl,en,"An international soccer star is on his way to sign a multimillion dollar contract when something happens that brings his career to an abrupt end. A beautiful waitress, struggling to make it in New York City, discovers something about herself that she's unprepared for. In one irreversible moment, their lives are turned upside down."
All Hat,Action Comedy Drama Western,indian territory horse ranch stetson urbanisierung,en,"An ex-con returns to his rural Ontario roots and outwits a corrupt and wealthy thoroughbred owner trying to take over a slew of local farms. Ray Dokes, a charming ex-ballplayer, returns from jail to discover the rural landscape of his childhood transformed by urban development. Determined to stay out of trouble, Ray heads to the farm of his old friend Pete Culpepper, a crusty Texas cowboy who trains losing racehorses and whose debts are growing faster than his corn."
Killers,Action Comedy Thriller Romance,assassin,en,"When an elite assassin marries a beautiful computer whiz after a whirlwind romance, he gives up the gun and settles down with his new bride. That is, until he learns that someone from his past has put a contract out on his life."
The Legend of Bagger Vance,Fantasy Drama,competition world war i great depression caddy savannah,en,"World War I has left golfer Rannulph Junuh a poker-playing alcoholic, his perfect swing gone. Now, however, he needs to get it back to play in a tournament to save the financially ravaged golf course of a long-ago sweetheart. Help arrives in the form of mysterious caddy Bagger Vance."
Trust,Crime Drama Thriller,rape obsession lie job independent film,en,"A suburban family is torn apart when fourteen-year-old Annie meets her first boyfriend online. After months of communicating via online chat and phone, Annie discovers her friend is not who he originally claimed to be. Shocked into disbelief, her parents are shattered by their daughter's actions and struggle to support her as she comes to terms with what has happened to her once innocent life."
Three Kingdoms: Resurrection of the Dragon,Action History Drama,warrior woman number in title,en,"The aging Zhao embarks on his final and greatest campaign, a road to adventure that will crown his name in glory for all time."
Smoke Signals,Drama Comedy,,en,"Young Indian man Thomas is a nerd in his reservation, wearing oversize glasses and telling everyone stories no-one wants to hear. His parents died in a fire in 1976, and Thomas was saved by Arnold. Arnold soon left his family, and Victor hasn't seen his father for 10 years. When Victor hears Arnold has died, Thomas offers him funding for the trip to get Arnold's remains"
The Sweetest Thing,Romance Comedy,roommate marriage aftercreditsstinger duringcreditsstinger,en,"Christina's love life is stuck in neutral. After years of avoiding the hazards of a meaningful relationship, one night while club-hopping with her girlfriends, she meets Peter, her perfect match. Fed up with playing games, she finally gets the courage to let her guard down and follow her heart, only to discover that Peter has suddenly left town. Accompanied by Courtney, she sets out to capture the one that got away."
Mission to Mars,Science Fiction,mars spacecraft space travel alien long take,en,"When contact is lost with the crew of the first Mars expedition, a rescue mission is launched to discover their fate."
Thomas and the Magic Railroad,Animation Drama Family Science Fiction,,en,"Mr. Conductor's supply of magic gold dust, which allows him to travel between Shining Time and Thomas's island, is critically low. Unfortunately, he doesn't know how to get more. Meanwhile, Thomas is fending off attacks by the nasty diesel engines. Getting more gold dust will require help from Mr. C's slacker cousin, his new friend Lily and her morose grandfather, plus the secret engine."
Duplicity,Romance Comedy Crime,spy,en,Two romantically-engaged corporate spies team up to manipulate a corporate race to corner the market on a medical innovation that will reap huge profits and enable them to lead an extravagant lifestyle together.
Dragonslayer,Fantasy,secret identity self sacrifice magic virgin solar eclipse,en,The sorcerer and his apprentice Galen are on a mission to kill an evil dragon in order to save the King’s daughter from being sacrificed in accordance to a pact that the King himself made with the dragon to protect his kingdom. A fantasy film from Disney Studios that exhausted all possible visual effects of the time.
It's Kind of a Funny Story,Comedy Drama,suicide depression independent film coming of age teen movie,en,A clinically depressed teenager gets a new start after he checks himself into an adult psychiatric ward.
The Dark Knight,Drama Action Crime Thriller,dc comics crime fighter secret identity scarecrow sadism,en,"Batman raises the stakes in his war on crime. With the help of Lt. Jim Gordon and District Attorney Harvey Dent, Batman sets out to dismantle the remaining criminal organizations that plague the streets. The partnership proves to be effective, but they soon find themselves prey to a reign of chaos unleashed by a rising criminal mastermind known to the terrified citizens of Gotham as the Joker."
Wonder Boys,Comedy Drama,adultery robbery based on novel professor college,en,"Grady (Michael Douglas) is a 50-ish English professor who hasn't had a thing published in years -- not since he wrote his award winning ""Great American Novel"" 7 years ago. This weekend proves even worse than he could imagine as he finds himself reeling from one misadventure to another in the company of a new wonder boy author."
Pirates of the Caribbean: The Curse of the Black Pearl,Adventure Fantasy Action,exotic island blacksmith east india trading company gold marriage proposal,en,"Jack Sparrow, a freewheeling 17th-century pirate who roams the Caribbean Sea, butts heads with a rival pirate bent on pillaging the village of Port Royal. When the governor's daughter is kidnapped, Sparrow decides to help the girl's love save her. But their seafaring mission is hardly simple."
Two Brothers,Adventure Drama Family,brother brother relationship loss of brother cambodia chase tiger,en,"Two tigers are separated as cubs and taken into captivity, only to be reunited years later as enemies by an explorer (Pearce) who inadvertently forces them to fight each other."
25th Hour,Crime Drama,prison prisoner dream drug dealer nightclub,en,"The filmed adaptation from David Benioff's novel of the same name. Set in New York, a convicted drug dealer named Monty has one day left of freedom before he is sent to prison. Anger, blame, frustration, betrayal, guilt and loneliness are themes on this last day of friends, family, parties, saying goodbye, and setting things straight. A Spike Lee joint."
Poultrygeist: Night of the Chicken Dead,Horror Comedy,musical zombie,en,"Humans... the other white meat... Unless you're black, then it's dark meat... Or if you are Asian, then it's yellow meat... Or if you are Native American, it's red meat..."
Red Dawn,Action Thriller,guerrilla colorado invasion anti-communism near future,en,"It is the mid-1980s. From out of the sky, Soviet and Cuban troops begin landing on the football field of a Colorado high school. In seconds, the paratroops have attacked the school and sent a group of teenagers fleeing into the mountains. Armed only with hunting rifles, pistols and bows and arrows, the teens struggles to survive the bitter winter and Soviet KGB patrols hunting for them."
Krrish,Action Science Fiction,,hi,"Krishna (Roshan) is born with magical powers - a legacy from his father. Priya (Chopra) comes into his life and becomes his world. When she beckons him to Singapore, he follows. In Singapore, Dr. Siddhant Arya (Shah), the megalomaniac scientist is on the verge of changing the future forever. Only one man stands between Dr. Siddharth Arya and his destructive dreams. To block his ruthless ambitions -- Krishna must become Krrish."
License to Wed,Comedy,new love ten commandments bride bridegroom marriage,en,"Newly engaged, Ben and Sadie can't wait to start their life together and live happily ever after. However Sadie's family church's Reverend Frank won't bless their union until they pass his patented, ""foolproof"" marriage prep course consisting of outrageous classes, outlandish homework assignments and some outright invasion of privacy."
Desert Dancer,Drama,dance ban from profession biography iran oppression,en,"Inspirational true story of Iranian dancer Afshin Ghaffarian, who risked his life for his dream to become a dancer despite a nationwide dancing ban."
Donnie Darko,Fantasy Drama Mystery,parents kids relationship airplane time travel school presentation school performance,en,"After narrowly escaping a bizarre accident, a troubled teenager is plagued by visions of a large bunny rabbit that manipulates him to commit a series of crimes."
Sunshine State,Drama,independent film,en,"A woman and her new husband returns to her hometown roots in coastal northern Florida, and must deal with family, business, and encroaching real estate development."
The Great Raid,Action History War,based on novel world war ii prisoners of war narration archive footage,en,"As World War II rages, the elite Sixth Ranger Battalion is given a mission of heroic proportions: push 30 miles behind enemy lines and liberate over 500 American prisoners of war."
Hidden Away,Romance Drama,,es,"At the age of 14 the world around you changes at a dizzying speed. But what if actually it's you that changing? What if these changes take you away from what up until now, has been your world? Ibrahim and Rafa are going to suffer these changes for themselves, experiencing first love in a way they never could have imagined. And having to keep it Hidden away."
The Work and The Story,Comedy,,en,"It is July, 2000 Richard Dutcher, the man who pioneered ""Mormon Cinema"" with his film ""God's Army"" is missing and presumed dead. Three amateur Mormon Filmmakers: Judy Shumway, Peter Beuhmann and Kevin Evans individually set out to make their first feature-length films to take Dutcher's place as the next ""Mormon Spielberg"". Who will win? Who will lose? Who will find Richard? And does everyone want Richard found?"
Die Hard,Action Thriller,helicopter journalist based on novel terrorist skyscraper,en,"NYPD cop, John McClane's plan to reconcile with his estranged wife is thrown for a serious loop when minutes after he arrives at her office, the entire building is overtaken by a group of terrorists. With little help from the LAPD, wisecracking McClane sets out to single-handedly rescue the hostages and bring the bad guys down."
The In Crowd,Thriller,woman director,en,"A mentally disturbed young woman takes a job at a posh country club and falls in with a clique of wealthy college kids where she's taken under the wing of the clique's twisted leader, who harbors some dark secrets too terrifying to tell."
Sinister,Horror Thriller Mystery,drowning pennsylvania child murderer car set on fire murder,en,"Found footage helps a true-crime novelist realize how and why a family was murdered in his new home, though his discoveries put his entire family in the path of a supernatural entity."
A Shine of Rainbows,Drama Family,orphan rainbow,en,"An orphaned boy named Tomás is adopted by Maire O’Donnell to live on a whimsical Irish isle filled with new friends, secret caves and a lost baby pup seal stranded on the coast. But when Maire's reluctant husband Alec refuses to accept Tomás as his own son, the boy drifts down a fateful path of adventure and self-discovery, illuminating how rainbows can shine around - and within - us all."
Rang De Basanti,Drama,new delhi india students' movement war of independence student celebration,hi,"A young idealistic English filmmaker, Sue, arrives in India to make a film on Indian revolutionaries Bhagat Singh, Chandrashekhar Azad and their contemporaries and their fight for freedom from the British Raj. Owing to a lack of funds, she recruits students from Delhi University to act in her docu-drama. She finds DJ, who passed out five years back but still wants to be a part of the University because he doesn't think there's too much out there in the real world to look forward to. Karan, the son of Industrialist Rajnath Singhania, who shares an uncomfortable relationship with his father, but continues to live off him, albeit very grudgingly. Aslam, is a middle class Muslim boy, who lives in the by-lanes near Jama Masjid, poet, philosopher and guide to his friends. Sukhi, the group's baby, innocent, vulnerable and with a weakness for only one thing - girls. Laxman Pandey..."
Romeo Must Die,Action Crime Thriller,martial arts hip-hop oakland asian asian man,en,"Two warring gang families (one African-American, the other Chinese) maneuver for bragging rights to the Oakland, California, docks. Hang SIng and Trish O'Day uncover a trail of deceit that leaves most of the warring factions dead … or worse!"
America Is Still the Place,,,en,"1971 post civil rights San Francisco seemed like the perfect place for a black Korean War veteran and his family to realize their dream of economic independence and his own chance to be his a ""boss"". Charlie Walker would soon find out how naive he was. In a city full of impostors and naysayers, he refused to take ""No"" for an answer. Until a catastrophic disaster opened a door that had never been open to a black man before. This is a story about what happened when he stepped through that door, with both feet!."
The Merchant of Venice,Drama Romance,venice shakespeare jew ship salesperson,en,"In 16th century Venice, when a merchant must default on a large loan from an abused Jewish moneylender for a friend with romantic ambitions, the bitterly vengeful creditor demands a gruesome payment instead."
Moliere,Romance Drama Comedy,playwright,fr,"Molière, a down-and-out actor-cum-playwright up to his ears in debt. When the wealthy Jourdain offers to cover that debt (so that Molière's theatrical talents might help Jourdain win the heart of a certain widowed marquise), hilarity ensues."
The Geographer Drank His Globe Away,Drama,alcohol adultery river camping province,ru,"Victor Sluzhkin signs on as a teacher of geography in a secondary school in his native Perm (in the Urals) and gets lost in a haze of hard vodka, desperate love for a nymphet-like student and the stress of educating teenagers. Geographer, as the students immediately dub Sluzhkin, attempts to escape from the grueling, dull, stultifying reality of Russia's provincial life in a rafting tour to the Urals. Accompanied by wild, adventure-seeking adolescents, faced with the numerous grim surprises of the nature, Geographer is poised to find himself and his own truth."
Madadayo,Drama,,ja,"This film tells the story of professor Uehida Hyakken-sama (1889-1971), in Gotemba, around the forties. He was a university professor until an air raid, when he left to become a writer and has to live in a hut. His mood has hardly changed, not by the change nor by time."
The Darkest Hour,Horror Action Thriller Science Fiction,alien invasion american abroad moscow unlikely heroes failed business,en,"In Moscow, five young people lead the charge against an alien race which has attacked Earth via our power supply."
Parker,Action Crime,professional thief jewel robbery,en,"A thief with a unique code of professional ethics is double-crossed by his crew and left for dead. Assuming a new disguise and forming an unlikely alliance with a woman on the inside, he looks to hijack the score of the crew's latest heist."
Daylight,Action Adventure Thriller,taxi new jersey helicopter river hero,en,A group of armed robbers fleeing the police head for the New Jersey Tunnel and run right into trucks transporting toxic waste. The spectacular explosion that follows results in both ends of the tunnel collapsing and the handful of people who survived the explosion are now in peril. Kit Latura is the only man with the skill and knowledge to lead the band of survivors out of the tunnel before the structure collapses.
There Goes My Baby,Drama Comedy,,en,A group of high school seniors meets in the summer of 1965 and all struggle with the choices they have to make.
Big Eyes,Drama,wife husband relationship artist court case,en,"The story of the awakening of the painter, Margaret Keane, her phenomenal success in the 1950s, and the subsequent legal difficulties she had with her husband, who claimed credit for her works in the 1960s."
Deadline - U.S.A.,Crime Drama,,en,"With three days before his paper folds, a crusading editor tries to expose a vicious gangster."
Stepmom,Drama Romance,divorce rebellious daughter freeze frame custody school play,en,"Jackie is a divorced mother of two. Isabel is the career minded girlfriend of Jackie’s ex-husband Luke, forced into the role of unwelcome stepmother to their children. But when Jackie discovers she is ill, both women realise they must put aside their differences to find a common ground and celebrate life to the fullest, while they have the chance."
Down Terrace,Drama Action Comedy,murder dark comedy crime family,en,"After serving jail time for a mysterious crime, Bill and Karl get out of jail and become preoccupied with figuring out who turned them in to the police. On top of that, the ""family business"" is on the rocks, and the motley crew of criminals who operate out of Down Terrace aren't feeling terribly trusting of one another. It might look like an ordinary house, but at Down Terrace, the walls are closing in.."
Django Unchained,Drama Western,bounty hunter hero plantation society friendship,en,"With the help of a German bounty hunter, a freed slave sets out to rescue his wife from a brutal Mississippi plantation owner."
Lincoln,History Drama,usa president speech battlefield family conflict mourning,en,"A revealing drama that focuses on the 16th President's tumultuous final months in office. In a nation divided by war and the strong winds of change, Lincoln pursues a course of action designed to end the war, unite the country and abolish slavery. With the moral courage and fierce determination to succeed, his choices during this critical moment will change the fate of generations to come."
American Heist,Action,brother brother relationship robbery bank,en,"Two brothers, both with troubled paths, find themselves in the middle of one last bank job."
Alien Zone,Horror Action Thriller Science Fiction,,en,"A man who is having an affair with a married woman is dropped off on the wrong street when going back to his hotel. He takes refuge out of the rain when an old man invites him in. He turns out to be a mortician, who tells him the stories of the people who have wound up in his establishment over the course of four stories."
From Paris with Love,Action Crime Thriller,paris cia undercover explosive pimp,en,"James Reese has a good job as an ambassador's aid in France, but his real passion is a side gig, working in a minor role in the CIA. He would love to be a full-fledged agent and can't believe his luck when he lands an assignment with Charlie Wax. Trigger-happy Charlie soon has James crying for his desk job, but when he learns that the same guys they're trying to catch are after him, James realizes that Charlie may be his only hope of survival."
Tycoon,Action Drama Romance,mountains engineer railroad ethics,en,"Engineer Johnny Munroe is enlisted to build a railroad tunnel through a mountain to reach mines. His task is complicated, and his ethics are compromised, when he falls in love with his boss's daughter"
Charlie's Angels,Action Adventure Comedy Crime Thriller,martial arts female friendship millionaire agent,en,"Aspects of this take on the 1970s hit TV series are similar to the original show :Angels Dylan, Natalie and Alex still work for Charlie and interface with Bosley. They still flip their hair, stop traffic with a smile and kick butt. The differences are the unsubtle humor, the martial arts training and the high-tech premise: This time, they're hot on the trail of stolen software."
Vampire in Brooklyn,Comedy Horror Romance,vampire half vampire,en,"Maximillian, the lone survivor of a race of vampires, comes to Brooklyn in search of a way to live past the next full moon. His ticket to survival is Rita, a NYPD detective who doesn't know she's half vampire -- and Maximillian will do whatever's necessary to put her under his spell."
The Marine 4: Moving Target,Thriller Action,,en,"WWE Superstar Mike ""The Miz"" Mizanin returns as Jake Carter where he is assigned to protect a whistleblower who wishes to expose a corrupt military defence contractor. However, the military hires a heavily armed team of mercenaries to kill her and it's up to Carter to stop them at any cost."
Riding Giants,Documentary,ocean california sea beach surfer,en,Riding Giants is story about big wave surfers who have become heroes and legends in their sport. Directed by the skateboard guru Stacy Peralta.
The League of Extraordinary Gentlemen,Fantasy Action Thriller Science Fiction,saving the world vampire bite men invisible man,en,"To prevent a world war from breaking out, famous characters from Victorian literature band together to do battle against a cunning villain."
Plastic,Drama Action Comedy Crime,,en,"Sam &amp; Fordy run a credit card fraud scheme, but when they steal from the wrong man, they find themselves threatened by sadistic gangster. They need to raise £5m and pull off a daring diamond heist to clear their debt."
Dancin' It's On,Drama Romance,dancing competition hotel florida dance teacher,cs,"This coming of age Dance Film, in the spirit of Dirty Dancing, Karate Kid, and High School Musical - is about a young girl from Beverly Hills, Jennifer who is visiting her Father's Panama City Beach Hotel during Summer Break, and falls in love with a Young Boy, Ken who works as a Dishwasher. Even though both are from different backgrounds, they share the same passion... DANCE and partner with each other to enter the 2nd Annual Florida State-Wide Dance Contest. While preparing for the contest, Jennifer and Ken must overcome scheming dance partners, a meddling father, and their own doubts for their love to prevail."
Big Fat Liar,Comedy Family,screenplay film producer auto right and justice liar,en,"Fourteen-year-old Jason Shepherd (Muniz) has a reputation for stretching the truth. So, when big-time Hollywood producer Marty Wolf (Paul Giamatti) steals his class paper and turns it into a smash movie, no one believes Jason's latest tall tale! On a cross-country adventure to set the record straight, Jason and best friend Kaylee (Bynes) devise a high-tech plan to squeeze the truth out of Wolf."
The Lake House,Romance Drama Mystery,chicago writing architect future time,en,"A lonely doctor who once occupied an unusual lakeside home begins exchanging love letters with its former resident, a frustrated architect. They must try to unravel the mystery behind their extraordinary romance before it's too late."
Intolerable Cruelty,Crime Comedy Romance,california assassin infidelity fetish hitman,en,A revenge-seeking gold digger marries a womanizing Beverly Hills lawyer with the intention of making a killing in the divorce.
Gory Gory Hallelujah,,woman director,en,"Four actors compete for the role of Jesus - a black revolutionary, a bisexual hippie, a Jew, and a feminist. When all four are rejected, they hit the road on bad-ass motorcycles, bound for glory in New York City. But when a run-in with a gang of Elvises ends in murder, they find themselves taken prisoner in a little town called Jackville - where folk don't take kindly to blasphemers. The Jesuses fall prey to an evil conspiracy that can only lead to the Apocalypse."
The Wind That Shakes the Barley,Drama History War,london england brother brother relationship england civil war resistance,en,"Set during the 1920’s Irish revolution against the British, an Irish medical student is about to start his new job in London – but after he witnesses the mercenary atrocities of the British, he decides to join his brother in the IRA to fight for Irish independence."
Wrath of the Titans,Adventure,underworld hades mythology greek mythology zeus,en,"A decade after his heroic defeat of the monstrous Kraken, Perseus-the demigod son of Zeus-is attempting to live a quieter life as a village fisherman and the sole parent to his 10-year old son, Helius. Meanwhile, a struggle for supremacy rages between the gods and the Titans. Dangerously weakened by humanity's lack of devotion, the gods are losing control of the imprisoned Titans and their ferocious leader, Kronos, father of the long-ruling brothers Zeus, Hades and Poseidon."
Butterfly on a Wheel,Crime Drama Thriller,chicago infidelity man-woman relation revenge,en,A sociopathic kidnapper methodically pushes a desperate pair of parents to their absolute breaking point.
Blazing Saddles,Western Comedy,gun saloon governor marching band comedy,en,"A town – where everyone seems to be named Johnson – is in the way of the railroad and, in order to grab their land, Hedley Lemar, a politically connected nasty person, sends in his henchmen to make the town unlivable. After the sheriff is killed, the town demands a new sheriff from the Governor, so Hedley convinces him to send the town the first black sheriff in the west."
All the Pretty Horses,Drama Romance Western,dancing chess prisoner coffin wrong accusal,en,"The year is 1949. A young Texan named John Grady finds himself without a home after his mother sells the ranch where he has spent his entire life. Lured south of the border by the romance of cowboy life and the promise of a fresh start, Cole and his pal embark on an adventure that will test their resilience, define their maturity, and change their lives forever."
The Girl with the Dragon Tattoo,Thriller Crime Mystery Drama,rape journalist based on novel journalism hacker,en,"This English-language adaptation of the Swedish novel by Stieg Larsson follows a disgraced journalist, Mikael Blomkvist, as he investigates the disappearance of a weary patriarch's niece from 40 years ago. He is aided by the pierced, tattooed, punk computer hacker named Lisbeth Salander. As they work together in the investigation, Blomkvist and Salander uncover immense corruption beyond anything they have ever imagined."
Newlyweds,Comedy Romance,,en,A newlywed couple's honeymoon is upended by the arrivals of their respective sisters.
The Tale of Despereaux,Adventure Animation Family,loyalty totalitarian regime mouse forgiveness honor,en,"Once upon a time... in the far away kingdom of Dor... lived a brave and virtuous mouse with comically oversized ears who dreamt of becoming a knight. Banished from his home for having such lofty ambitions, Despereaux sets off on an amazing adventure with his good-hearted rat friend Roscuro, who leads him, at long last, on a very noble quest to rescue an endangered princess and save an entire kingdom from darkness."
Panic Room,Crime Drama Thriller,burglar bunker housebreaking safe money,en,"Trapped in their New York brownstone's panic room, a hidden chamber built as a sanctuary in the event of break-ins, newly divorced Meg Altman and her young daughter Sarah play a deadly game of cat-and-mouse with three intruders - Burnham, Raoul and Junior - during a brutal home invasion. But the room itself is the focal point because what the intruders really want is inside it."
Black Mass,Crime Drama,boston based on true story organized crime,en,"The true story of Whitey Bulger, the brother of a state senator and the most infamous violent criminal in the history of South Boston, who became an FBI informant to take down a Mafia family invading his turf."
Selena,Drama,musical tejano elopement bustier fan club,en,"In this biographical drama, Selena Quintanilla is born into a musical Mexican-American family in Texas. Her father, Abraham, realizes that his young daughter is talented and begins performing with her at small venues. She finds success and falls for her guitarist, Chris Perez, who draws the ire of her father. Seeking mainstream stardom, Selena begins recording an English-language album which, tragically, she would never complete."
Pet Sematary,Drama Horror,coffin pet funeral head injury grief,en,"Dr. Louis Creed's family moves into the country house of their dreams and discover a pet cemetery at the back of their property. The cursed burial ground deep in the woods brings the dead back to life -- with ""minor"" problems. At first, only the family's cat makes the return trip, but an accident forces a heartbroken father to contemplate the unthinkable."
Scooby-Doo,Mystery Adventure Comedy,amateur detective voodoo resort crime solving,en,"The Mystery Inc. gang have gone their separate ways and have been apart for two years, until they each receive an invitation to Spooky Island. Not knowing that the others have also been invited, they show up and discover an amusement park that affects young visitors in very strange ways."
The Hunger Games,Science Fiction Adventure Fantasy,hallucination dystopia female protagonist bow and arrow knife throwing,en,"Every year in the ruins of what was once North America, the nation of Panem forces each of its twelve districts to send a teenage boy and girl to compete in the Hunger Games.  Part twisted entertainment, part government intimidation tactic, the Hunger Games are a nationally televised event in which “Tributes” must fight with one another until one survivor remains.  Pitted against highly-trained Tributes who have prepared for these Games their entire lives, Katniss is forced to rely upon her sharp instincts as well as the mentorship of drunken former victor Haymitch Abernathy.  If she’s ever to return home to District 12, Katniss must make impossible choices in the arena that weigh survival against humanity and life against love. The world will be watching."
Brave New Girl,Drama Music Family,tv movie,en,"Holly has everything it takes to be a star; the voice, the dream and the dedication, but she lacks the means to break away from her humble Texas upbringing. Then she gets the chance to attend an art and music school on the East coast and her future suddenly looks bright. But the road to stardom is a bumpy one."
Blood Diamond,Drama Thriller Action,rebel journalist journalism loss of family slavery,en,"An ex-mercenary turned smuggler. A Mende fisherman. Amid the explosive civil war overtaking 1999 Sierra Leone, these men join for two desperate missions: recovering a rare pink diamond of immense value and rescuing the fisherman's son conscripted as a child soldier into the brutal rebel forces ripping a swath of torture and bloodshed countrywide."
Finishing The Game,Comedy,satire independent film spoof,en,"In 1973, martial arts great Bruce Lee died, his final film, Game of Death, left unfinished. With the public hungry for more Lee, movie execs decide to find a replacement. This outrageous satire looks at the entire process, from the oddball candidates to the greed and racial motivations that drive the final decision. There's big business in the movies, and Finishing the Game skewers it with an eye for '70s detail."
Veronika Decides to Die,Drama Romance,new york sex asylum controversial independent film,en,"After a frantic suicide attempt, Veronika awakens inside a mysterious mental asylum. Under the supervision of an unorthodox psychiatrist who specializes in controversial treatment, Veronika learns that she has only weeks to live."
Bound by Honor,Action Crime Drama Thriller,juvenile prison artist jail east l.a. hood,en,"Based on the true life experiences of poet Jimmy Santiago Baca, the film focuses on half-brothers Paco and Cruz, and their bi-racial cousin Miklo. It opens in 1972, as the three are members of an East L.A. gang known as the ""Vatos Locos"", and the story focuses on how a violent crime and the influence of narcotics alter their lives. Miklo is incarcerated and sent to San Quentin, where he makes a ""home"" for himself. Cruz becomes an exceptional artist, but a heroin addiction overcomes him with tragic results. Paco becomes a cop and an enemy to his ""carnal"", Miklo."
Blue Ruin,Crime Thriller,revenge drifter virginia character study neo-noir,en,The quiet life of a beach bum is upended by dreadful news. He sets off for his childhood home to carry out an act of vengeance but proves an inept assassin and finds himself in a brutal fight to protect his estranged family.
In Good Company,Comedy Drama Romance,midlife crisis daughter bad boss,en,"Dan Foreman is a seasoned advertisement sales executive at a high-ranking publication when a corporate takeover results in him being placed under naive supervisor Carter Duryea, who is half his age. Matters are made worse when Dan's new supervisor becomes romantically involved with his daughter an 18 year-old college student Alex."
The Crying Game,Romance Crime Drama Thriller,transvestism gay hostage love of one's life northern ireland,en,"Irish Republican Army member Fergus (Stephen Rea) forms an unexpected bond with Jody (Forest Whitaker), a kidnapped British soldier in his custody, despite the warnings of fellow IRA members Jude (Miranda Richardson) and Maguire (Adrian Dunbar). Jody makes Fergus promise he'll visit his girlfriend, Dil (Jaye Davidson), in London, and when Fergus flees to the city, he seeks her out. Hounded by his former IRA colleagues, he finds himself increasingly drawn to the enigmatic, and surprising, Dil."
Raging Bull,Drama,transporter jealousy violent husband paranoia boxer,en,"When Jake LaMotta steps into a boxing ring and obliterates his opponent, he's a prizefighter. But when he treats his family and friends the same way, he's a ticking time bomb, ready to go off at any moment. Though LaMotta wants his family's love, something always seems to come between them. Perhaps it's his violent bouts of paranoia and jealousy. This kind of rage helped make him a champ, but in real life, he winds up in the ring alone."
For Love of the Game,Drama Romance,baseball trainer career legend training,en,"A baseball legend almost finished with his distinguished career at the age of forty has one last chance to prove who he is, what he is capable of, and win the heart of the woman he has loved for the past four years."
The Thomas Crown Affair,Drama Crime Romance,martinique claude monet famous painting glider insurance agent,en,"A very rich and successful playboy amuses himself by stealing artwork, but may have met his match in a seductive detective."
Mr. & Mrs. Smith,Action Comedy Drama Thriller,bomb assassin secret identity secret assault rifle,en,"After five (or six) years of vanilla-wedded bliss, ordinary suburbanites John and Jane Smith are stuck in a huge rut. Unbeknownst to each other, they are both coolly lethal, highly-paid assassins working for rival organisations. When they discover they're each other's next target, their secret lives collide in a spicy, explosive mix of wicked comedy, pent-up passion, nonstop action and high-tech weaponry."
Opal Dream,Drama Family Foreign,miner australia terminal illness imaginary friend independent film,en,"Pobby &amp; Dingan are invisible. They live in an opal town in Australia and are friends with Kellyanne, the 9 year-old daughter of an opal miner. The film tells the story of the bizarre and inexplicable disappearance of Pobby &amp; Dingan, Kellyanne's imaginary friends, and the impact this has on her family and the whole town. The story is told through the eyes of Kellyanne's 11 years old brother Ashmol."
Garfield,Animation Comedy Family,competition moderator lasagne garfield,en,"Garfield, the fat, lazy, lasagna lover, has everything a cat could want. But when Jon, in an effort to impress the Liz - the vet and an old high-school crush - adopts a dog named Odie and brings him home, Garfield gets the one thing he doesn't want. Competition."
Scrooged,Fantasy Comedy Drama,holiday tv ratings comedy scrooge christmas carol,en,"In this modern take on Charles Dickens' ""A Christmas Carol,"" Frank Cross (Bill Murray) is a wildly successful television executive whose cold ambition and curmudgeonly nature has driven away the love of his life, Claire Phillips (Karen Allen). But after firing a staff member, Eliot Loudermilk (Bobcat Goldthwait), on Christmas Eve, Frank is visited by a series of ghosts who give him a chance to re-evaluate his actions and right the wrongs of his past."
Young Sherlock Holmes,Action Adventure Crime Drama Family,london england school friend religion and supernatural sherlock holmes murder,en,"Sherlock Holmes and Dr. Watson meet as boys in an English Boarding school. Holmes is known for his deductive ability even as a youth, amazing his classmates with his abilities. When they discover a plot to murder a series of British business men by an Egyptian cult, they move to stop it."
The Gallows,Horror Thriller,gallows high school tragedy hanging found footage,en,"20 years after a horrific accident during a small town school play, students at the school resurrect the failed show in a misguided attempt to honor the anniversary of the tragedy - but soon discover that some things are better left alone."
Penguins of Madagascar,Family Animation Adventure Comedy,penguin madagascar 3d,en,"Skipper, Kowalski, Rico and Private join forces with undercover organization The North Wind to stop the villainous Dr. Octavius Brine from destroying the world as we know it."
Air Force One,Action Thriller,prison corruption journalist white house hostage,en,"Russian terrorists conspire to hijack the aircraft with the president and his family on board. The commander in chief finds himself facing an impossible predicament: give in to the terrorists and sacrifice his family, or risk everything to uphold his principles - and the integrity of the nation."
Exodus: Gods and Kings,Adventure Drama Action,moses bible ancient egypt 3d ramses,en,"The defiant leader Moses rises up against the Egyptian Pharaoh Ramses, setting 400,000 slaves on a monumental journey of escape from Egypt and its terrifying cycle of deadly plagues."
Hackers,Action Crime Thriller Drama,female nudity hacker nudity computer virus virtual reality,en,"Along with his new friends, a teenager who was arrested by the US Secret Service and banned from using a computer for writing a computer virus discovers a plot by a nefarious hacker, but they must use their computer skills to find the evidence while being pursued by the Secret Service and the evil computer genius behind the virus."
The Machinist,Thriller Drama,factory insomnia post it machinist cleaning bathroom tile,en,"The Machinist is the story of Trevor Reznik, a lathe-operator who is dying of insomnia. In a machine shop, occupational hazards are bad enough under normal circumstances; yet for Trevor the risks are compounded by fatigue. Trevor has lost the ability to sleep. This is no ordinary insomnia..."
The Jackal,Action Thriller Adventure Crime,fbi cold war hitman,en,"Hired by a powerful member of the Russian mafia to avenge an FBI sting that left his brother dead, the perfectionist Jackal proves an elusive target for the men charged with the task of bringing him down: a deputy FBI boss and a former IRA terrorist."
Rock of Ages,Comedy Drama Music Romance,musical rocker teenager young love rock sta,en,"A small town girl and a city boy meet on the Sunset Strip, while pursuing their Hollywood dreams."
American Hustle,Drama Crime,con artist scam mobster fbi agent,en,"A con man, Irving Rosenfeld, along with his seductive partner Sydney Prosser, is forced to work for a wild FBI agent, Richie DiMaso, who pushes them into a world of Jersey powerbrokers and mafia."
Keeping Up with the Steins,Comedy,bar mitvah party independent film,en,"All hilarity breaks loose in this heartwarming coming-of-age comedy when three generations of Fiedlers collide in a crazy family reunion. As they prepare for the biggest Bar Mitzvah on the block, they begin to see that they're much more alike than they'd originally thought."
Hobo with a Shotgun,Action Comedy Thriller,female nudity prostitute shotgun pimp underwear,en,"A vigilante homeless man pulls into a new city and finds himself trapped in urban chaos, a city where crime rules and where the city's crime boss reigns. Seeing an urban landscape filled with armed robbers, corrupt cops, abused prostitutes and even a pedophile Santa, the Hobo goes about bringing justice to the city the best way he knows how - with a 20-gauge shotgun. Mayhem ensues when he tries to make things better for the future generation. Street justice will indeed prevail."
The Expendables 2,Action Adventure Thriller,airplane number in title airplane crash violence beard,en,"Mr. Church reunites the Expendables for what should be an easy paycheck, but when one of their men is murdered on the job, their quest for revenge puts them deep in enemy territory and up against an unexpected threat."
Vaalu,Comedy Romance,teenage love,ta,"Sharp (Simbu), a happy-go-lucky guy, loves Priya (Hansika), a college student, but later learns that she is enagaged to Anbu ( Aditya), a businessman-gangster. Priya wants them to remain friends and Sharp agrees, all the while scheming to make her fall in love with him."
Born on the Fourth of July,Drama War,vietnam veteran post traumatic stress  disorder bar 1970s wheelchair,en,"The biography of Ron Kovic. Paralyzed in the Vietnam war, he becomes an anti-war and pro-human rights political activist after feeling betrayed by the country he fought for."
The Extra Man,Comedy,independent film woman director,en,"THE EXTRA MAN is a sophisticated and moving comedy from filmmakers Shari Springer Berman and Robert Pulcini. THE EXTRA MAN follows Louis Ives (Paul Dano), a lonely dreamer who fancies himself the hero of an F. Scott Fitzgerald novel. When a deeply embarrassing incident forces him to leave his job at an exclusive Princeton prep school, Louis heads to New York City to make a fresh start. He quickly finds a 9 to 5 job at an environmental magazine, where he encounters an entrancing, green-obsessed co-worker Mary (Katie Holmes)."
My Beautiful Laundrette,Romance Drama Comedy,london england gay immigration society british,en,"Omar, a homosexual Pakistani boy living in London with his alcoholic father, lifts a chunk of drug money from another Pakistani and, with his lover Johnny, decides to renovate a grungy laundrette."
Medicine Man,Adventure,medicine ant research amazon cancer,en,"An eccentric scientist working for a large drug company is working on a research project in the Amazon jungle. He sends for a research assistant and a gas chromatograph because he's close to a cure for cancer. When the assistant turns out to be a ""mere woman,"" he rejects her help. Meanwhile the bulldozers get closer to the area in which they are conducting research, and they eventually learn to work together, and begin falling in love."
Boom Town,Adventure Drama Romance,partnership oil oil tycoon wildcatter oil field,en,McMasters and Sand come to oil towns to get rich. Betsey comes West intending to marry Sand but marries McMasters instead. Getting rich and losing it all teaches McMasters and Sand the value of personal ties.
King's Ransom,Comedy Crime,caper action,en,"Hoping to foil his own gold-digging wife's plan, a loathsome businessman arranges his own kidnapping, only to realize that there are plenty of other people interested in his wealth as well."
The Possession,Horror Thriller,,en,"A young girl buys an antique box at a yard sale, unaware that inside the collectible lives a malicious ancient spirit. The girl's father teams with his ex-wife to find a way to end the curse upon their child."
Life or Something Like It,Comedy Drama Romance,,en,"A reporter Lanie Kerrigan interviews a psychic homeless man for a fluff piece about a football game's score. Instead he tells her that her life has no meaning and is going to end in just a few days, which sparks her to action, trying to change the pattern of her life..."
Captain America: Civil War,Adventure Action Science Fiction,civil war war marvel comic sequel superhero,en,"Following the events of Age of Ultron, the collective governments of the world pass an act designed to regulate all superhuman activity. This polarizes opinion amongst the Avengers, causing two factions to side with Iron Man or Captain America, which causes an epic battle between former allies."
Urbania,Romance Drama,,en,"Charlie takes an odyssey through grief during a fall weekend in New York City. His encounters are planned and chance: with a homeless man who sleeps by his building, with a friend who's dying, with the couple who lives (and noisily loves) in the flat above him, with a bartender and a one-night-stand he follows home, and with a tattooed stranger whom he seeks out and befriends. Along the way, Charlie inhabits a city full of moments of violence and of stories and legends: a kidney thief, a microwaved poodle, a rat in a hot dog bun, a baby left on a car top, a tourist's toothbrush, needles in public-phone change slots. Charlie lives and tells his own stories. What caused his melancholy?"
From Dusk Till Dawn,Horror Action Thriller Crime,dancing brother brother relationship sexual obsession showdown sheriff,en,"Seth Gecko and his younger brother Richard are on the run after a bloody bank robbery in Texas. They escape across the border into Mexico and will be home-free the next morning, when they pay off the local kingpin. They just have to survive 'from dusk till dawn' at the rendezvous point, which turns out to be a Hell of a strip joint."
Khumba,Animation Adventure Family,3d khumba,en,A half-striped zebra is blamed for the drought and leaves his herd in search of his missing stripes. He is joined on his quest by an overprotective wildebeest and a flamboyant ostrich; they defeat the tyrannical leopard and save his herd.
JFK,Drama Thriller History,assassination cia homophobia new orleans vietnam war,en,New Orleans District Attorney Jim Garrison discovers there's more to the Kennedy assassination than the official story.
The Quick and the Dead,Action Western,gunslinger revenge prairie shootout pistol,en,"A mysterious woman comes to compete in a quick-draw elimination tournament, in a town taken over by a notorious gunman."
Regression,Horror Mystery Thriller,investigation memory loss,en,"Minnesota, 1990. Detective Bruce Kenner investigates the case of young Angela, who accuses her father, John Gray, of an unspeakable crime. When John unexpectedly and without recollection admits guilt, renowned psychologist Dr. Raines is brought in to help him relive his memories and what they discover unmasks a horrifying nationwide mystery."
A Low Down Dirty Shame,Action Comedy Crime,fbi drug crime violence drug private detective,en,"A black detective becomes embroiled in a web of danger while searching for a fortune in missing drug money. During the course of his investigation, he encounters various old connections, ultimately confronting the criminal responsible for Shame's expulsion from the force. He must also deal with two women, Angela, a beautiful old flame, and Peaches, his energetic but annoying sidekick."
Spy Kids: All the Time in the World,Family Comedy Action,spy child hero secret agent espionage,en,"Eight years after the third film, the OSS has become the world's top spy agency, while the Spy Kids department has since become defunct. A retired spy Marissa (Jessica Alba) is thrown back into the action along with her stepchildren when a maniacal Timekeeper (Jeremy Piven) attempts to take over the world. In order to save the world, Rebecca (Rowan Blanchard) and Cecil (Mason Cook) must team up with their hated stepmother. Carmen and Juni have since also grown up and will provide gadgets to them."
Army of Darkness,Fantasy Horror Comedy,prophecy witch swordplay supermarket castle,en,"A man is accidentally transported to 1300 A.D., where he must battle an army of the dead and retrieve the Necronomicon so he can return home."
Mr. Deeds,Comedy Romance,love letter new hampshire ferrari liar city country contrast,en,"When Longfellow Deeds, a small-town pizzeria owner and poet, inherits $40 billion from his deceased uncle, he quickly begins rolling in a different kind of dough. Moving to the big city, Deeds finds himself besieged by opportunists all gunning for their piece of the pie. Babe, a television tabloid reporter, poses as an innocent small-town girl to do an exposé on Deeds."
"War, Inc.",Action Adventure Comedy Thriller,hitman political satire,en,"War Inc. is set in the future, when the fictional desert country of Turaqistan is torn by a riot after a private corporation, Tamerlane, owned by the former Vice President of the United States, has taken over the whole country. Brand Hauser, a hit man who suppresses his emotions by gobbling down hot sauce, is hired by the corporation's head to kill the CEO of their competitors."
House at the End of the Street,Horror Thriller,mother daughter relationship cross dressing violence mother son relationship father son conflict,en,"A mother and daughter move to a new town and find themselves living next door to a house where a young girl murdered her parents. When the daughter befriends the surviving son, she learns the story is far from over."
Jawbreaker,Comedy,confession jealousy nightmare ambition groupie,en,"3 of Reagan High School's most popular girls pretend to kidnap their friend by shoving a jawbreaker into the victim's mouth to keep her from screaming. Their plan goes awry when the girl swallows the jawbreaker, choking to death. Now the leader of the pack will do anything to keep the accident a secret."
Hot Tub Time Machine,Science Fiction Comedy Adventure,female nudity one-night stand time travel time machine incest overtones,en,"A malfunctioning time machine at a ski resort takes a man back to 1986 with his two friends and nephew, where they must relive a fateful night and not change anything to make sure the nephew is born."
The Lady from Shanghai,Crime Drama Mystery,new york san francisco aquarium shanghai yacht,en,A romantic drifter gets caught between a corrupt tycoon and his voluptuous wife.
Enter the Void,Fantasy Drama,prostitute hallucination strip club afterlife surrealism,en,"This psychedelic tour of life after death is seen entirely from the point of view of Oscar (Nathaniel Brown), a young American drug dealer and addict living in Tokyo with his prostitute sister, Linda (Paz de la Huerta). When Oscar is killed by police during a bust gone bad, his spirit journeys from the past -- where he sees his parents before their deaths -- to the present -- where he witnesses his own autopsy -- and then to the future, where he looks out for his sister from beyond the grave."
Aimee & Jaguar,Drama History Romance,berlin jew forbidden love lesbian relationship homosexuality,de,"Berlin 1943/44 (""The Battle of Berlin""). Felice, an intelligent and courageous Jewish woman who lives under a false name, belongs to an underground organization. Lilly, a devoted mother of four, though an occasional unfaithful wife, is desperate for love. An unusual and passionate love between them blossoms despite the danger of persecution and nightly bombing raids. The Gestapo is on Felice's trail. Her friends flee, she decides to sit out the war with Lilly. One hot day in August 1944, the Gestapo is waiting in Lilly's flat..."
3000 Miles to Graceland,Action Adventure Comedy Thriller Crime,casino submachine gun hold-up robbery elvis reference to elvis presley,en,"It was an ingenious enough plan: rob the Riviera Casino's count room during an Elvis impersonator convention. But Thomas Murphy decided to keep all the money for himself and shot all his partners, including recently-freed ex-con Michael Zane. With $3.2 million at stake, the Marshals Service closing in, Michael must track down Murphy."
Hesher,Drama,loss of mother clerk grocery loss of relative loss of wife,en,A young boy has lost his mother and is losing touch with his father and the world around him. Then he meets Hesher who manages to make his life even more chaotic.
Memento,Mystery Thriller,individual insulin tattoo waitress amnesia,en,"Suffering short-term memory loss after a head injury, Leonard Shelby embarks on a grim quest to find the lowlife who murdered his wife in this gritty, complex thriller that packs more knots than a hangman's noose. To carry out his plan, Shelby snaps Polaroids of people and places, jotting down contextual notes on the backs of photos to aid in his search and jog his memory. He even tattoos his own body in a desperate bid to remember."
The Mummy Returns,Adventure Action Fantasy,son ancient egypt bracelet,en,"Rick and Evelyn O'Connell, along with their 8 year old son Alex, discover the key to the legendary Scorpion King's might, the fabled Bracelet of Anubis. Unfortunately, a newly resurrected Imhotep has designs on the bracelet as well, and isn't above kidnapping its new bearer, Alex, to gain control of Anubis' otherworldly army."
Against the Ropes,Romance Drama,biography sport,en,"A fictional story inspired by North America's most famous female boxing promoter, Jackie Kallen. Her struggle to survive and succeed in a male dominated sport."
Boogie Nights,Drama,pornography sex porn actor pornographic video from rags to riches,en,"Set in 1977, back when sex was safe, pleasure was a business and business was booming, idealistic porn producer Jack Horner aspires to elevate his craft to an art form. Horner discovers Eddie Adams, a hot young talent working as a busboy in a nightclub, and welcomes him into the extended family of movie-makers, misfits and hangers-on that are always around. Adams' rise from nobody to a celebrity adult entertainer is meteoric, and soon the whole world seems to know his porn alter ego, ""Dirk Diggler"". Now, when disco and drugs are in vogue, fashion is in flux and the party never seems to stop, Adams' dreams of turning sex into stardom are about to collide with cold, hard reality."
The Legend of the Lone Ranger,Action Adventure Romance Western,lone ranger wild bill hickok buffalo bill the lone ranger,en,"When the young Texas Ranger, John Reid, is the sole survivor of an ambush arranged by the militaristic outlaw leader, Butch Cavendich, he is rescued by an old childhood Comanche friend, Tonto. When he recovers from his wounds, he dedicates his life to fighting the evil that Cavendich represents. To this end, John Reid becomes the great masked western hero, The Lone Ranger. With the help of Tonto, the pair go to rescue President Grant when Cavendich takes him hostage."
Money Monster,Thriller,bomb sniper tv show hostage drama police,en,Financial TV host Lee Gates and his producer Patty are put in an extreme situation when an irate investor takes over their studio.
The Ghost and the Darkness,Adventure,africa lion bridge based on true story kenya,en,"Sir Robert Beaumont is behind schedule on a railroad in Africa. Enlisting noted engineer John Henry Patterson to right the ship, Beaumont expects results. Everything seems great until the crew discovers the mutilated corpse of the project's foreman, seemingly killed by a lion. After several more attacks, Patterson calls in famed hunter Charles Remington, who has finally met his match in the bloodthirsty lions."
Coach Carter,Drama,black people autoritian education sport high school scholarship,en,"Based on a true story, in which Richmond High School head basketball coach Ken Carter made headlines in 1999 for benching his undefeated team due to poor academic results."
Black Rock,Thriller Horror,friends remote island woman director,en,Three childhood friends set aside their personal issues and reunite for a girls’ weekend on a remote island off the coast of Maine. One wrong move turns their weekend getaway into a deadly fight for survival.
Over the Hedge,Comedy Animation Family,squirrel eating and drinking vororte garden grizzly bear,en,"A scheming raccoon fools a mismatched family of forest creatures into helping him repay a debt of food, by invading the new suburban sprawl that popped up while they were hibernating – and learns a lesson about family himself."
Trance,Thriller Crime Drama Mystery,amnesia art thief hypnotism heist movie duringcreditsstinger,en,"A fine art auctioneer mixed up with a gang, joins forces with a hypnotherapist to recover a lost painting. As boundaries between desire, reality and hypnotic suggestion begin to blur, the stakes rise faster than anyone could have anticipated."
Wyatt Earp,Drama Action Western,gunslinger gambling sheriff deputy sheriff wretch,en,"Covering the life and times of one of the West's most iconic heroes Wyatt Earp weaves an intricate tale of Earp and his friends and family. With a star studded cast, sweeping cinematography and authentic costumes Wyatt Earp led the way during the Western revival in the 90's."
Marvin's Room,Drama,sister sister relationship sister leukemia reunion cancer,en,A leukemia patient attempts to end a 20-year feud with her sister to get her bone marrow.
UnDivided,,,en,"UnDivided documents the true story of how a suburban church unites with at-risk Roosevelt High School to create a beautiful transformation for students, the school and the volunteers serving it."
The Orphanage,Horror Drama Thriller,schizophrenia suppressed past wife,es,"A woman brings her family back to her childhood home, which used to be an orphanage, intent on reopening it. Before long, her son starts to communicate with a new invisible friend."
The Last Station,Drama Romance,duringcreditsstinger,en,"A historical drama that illustrates Russian author Leo Tolstoy's struggle to balance fame and wealth with his commitment to a life devoid of material things. The Countess Sofya, wife and muse to Leo Tolstoy, uses every trick of seduction on her husband's loyal disciple, whom she believes was the person responsible for Tolstoy signing a new will that leaves his work and property to the Russian people."
Chicago,Action Comedy Crime Drama Music,chicago based on stage musical prison matron jazz age nude man murdered,en,Murderesses Velma Kelly and Roxie Hart find themselves on death row together and fight for the fame that will keep them from the gallows in 1920s Chicago.
Taken 3,Thriller Action,revenge murder on the run fugitive framed,en,"Ex-government operative Bryan Mills finds his life is shattered when he's falsely accused of a murder that hits close to home. As he's pursued by a savvy police inspector, Mills employs his particular set of skills to track the real killer and exact his unique brand of justice."
The Curious Case of Benjamin Button,Fantasy Drama Thriller Mystery Romance,diary navy funeral tea travel,en,"Tells the story of Benjamin Button, a man who starts aging backwards with bizarre consequences."
Couples Retreat,Comedy Romance,island married couple yoga tahiti couples therapy,en,"Four couples, all friends, descend on a tropical island resort. Though one husband and wife are there to work on their marriage, the others just want to enjoy some fun in the sun. They soon find, however, that paradise comes at a price: Participation in couples therapy sessions is mandatory. What started out as a cut-rate vacation turns into an examination of the common problems many face."
The Fugitive,Adventure Action Thriller Crime Mystery,chicago showdown undercover surgeon death sentence,en,"Wrongfully accused of murdering his wife, Richard Kimble escapes from the law in an attempt to find her killer and clear his name. Pursuing him is a team of U.S. marshals led by Deputy Samuel Gerard, a determined detective who will not rest until Richard is captured. As Richard leads the team through a series of intricate chases, he discovers the secrets behind his wife's death and struggles to expose the killer before it is too late."
Hugo,Adventure Drama Family,library clock film director key toy,en,"Hugo is an orphan boy living in the walls of a train station in 1930s Paris. He learned to fix clocks and other gadgets from his father and uncle which he puts to use keeping the train station clocks running. The only thing that he has left that connects him to his dead father is an automaton (mechanical man) that doesn't work without a special key which Hugo needs to find to unlock the secret he believes it contains. On his adventures, he meets with a shopkeeper, George Melies, who works in the train station and his adventure-seeking god-daughter. Hugo finds that they have a surprising connection to his father and the automaton, and he discovers it unlocks some memories the old man has buried inside regarding his past."
Auto Focus,Drama Crime,male nudity adultery based on novel infidelity tv show,en,"A successful TV star during the 1960s, former ""Hogan's Heroes"" actor Bob Crane projects a wholesome family-man image, but this front masks his persona as a sex addict who records and photographs his many encounters with women, often with the help of his seedy friend, John Henry Carpenter. This biographical drama reveals how Crane's double life takes its toll on him and his family, and ultimately contributes to his death"
P.S. I Love You,Drama Romance,job-hopping irland shoe seller letter dying and death,en,A young widow discovers that her late husband has left her 10 messages intended to help ease her pain and start a new life.
Pocketful of Miracles,Comedy Drama,dude prohibition deception new york city apple,en,"Damon Runyon's fairytale, sweet and funny, is told by director Frank Capra. Boozy, brassy Apple Annie, a beggar with a basket of apples, is as much as part of downtown New York as old Broadway itself. Bootlegger Dave the Dude is a sucker for her apples --- he thinks they bring him luck. But Dave and girlfriend Queenie Martin need a lot more than luck when it turns out that Annie is in a jam and only they can help: Annie's daughter Louise, who has lived all her life in a Spanish convent, is coming to America with a Count and his son. The count's son wants to marry Louise, who thinks her mother is part of New York society. It's up to Dave and Queenie and their Runyonesque cronies to turn Annie into a lady and convince the Count and his son that they are hobnobbing with New York's elite."
Curse of the Golden Flower,Action Drama Fantasy,poison china martial arts swordplay fight,zh,"During China's Tang dynasty the emperor has taken the princess of a neighboring province as wife. She has borne him two sons and raised his eldest. Now his control over his dominion is complete, including the royal family itself."
Amores perros,Drama Thriller,homeless person mexico city daughter secret love dogfight,es,Three different people in Mexico City are catapulted into dramatic and unforeseen circumstances in the wake of a terrible car crash: a young punk stumbles into the sinister underground world of dog fighting; an injured supermodel's designer pooch disappears into the apartment's floorboards; and an ex-radical turned hit man rescues a gunshot Rotweiler.
Jason Goes to Hell: The Final Friday,Fantasy Horror Thriller,male nudity female nudity waitress camping nudity,en,"Jason Voorhees, the living, breathing essence of evil, is back for one fierce, final fling! Tracked down and blown to bits by a special FBI task force, everyone now assumes that he's finally dead. But everybody assumes wrong. Jason has been reborn with the bone-chilling ability to assume the identity of anyone he touches. The terrifying truth is that he could be anywhere, or anybody. In this shocking, blood-soaked finale to Jason's carnage-ridden reign of terror, the horrible secret of his unstoppable killing instinct is finally revealed."
Ink,Action Fantasy,supernatural father daughter relationship incubus,en,"Invisible forces exert power over us in our sleep. A mercenary named Ink, on a literal nightmare mission, captures the spirit of 8-year-old Emma in the dream world. To save her, the dream-givers marshal all their resources, focusing on saving the soul of Emma's tragically broken father."
Star Wars: Episode II - Attack of the Clones,Adventure Action Science Fiction,senate investigation army death star jedi,en,"Ten years after the invasion of Naboo, the galaxy is on the brink of civil war. Under the leadership of a renegade Jedi named Count Dooku, thousands of solar systems threaten to break away from the Galactic Republic. When an assassination attempt is made on Senator Padmé Amidala, the former Queen of Naboo, twenty-year-old Jedi apprentice Anakin Skywalker is assigned to protect her. In the course of his mission, Anakin discovers his love for Padmé as well as his own darker side. Soon, Anakin, Padmé, and Obi-Wan Kenobi are drawn into the heart of the Separatist movement and the beginning of the Clone Wars."
The Infiltrator,Crime Drama Thriller,undercover biography drug drug lord,en,A U.S Customs official uncovers a massive money laundering scheme involving Pablo Escobar.
Random Hearts,Drama Romance,infidelity politician airplane crash death death of husband,en,After the death of their loved ones in a tragic plane crash 'Harrison Ford' and Kristin Scott Thomas find each others keys in each others loved ones posessions and realize that they were having an affair and must figure out all the details. Written by Andy HeitzThe wife of Police Sergeant Dutch Van Den Broek and the husband of politician Kay Chandler are killed in a plane crash. Now Dutch discovers some anomalies in what he told her before she left and discovers that she and Chandler's husband were travelling together. Dutch then goes to Chandler and tells her that he suspects that they were having an affair. He tells her that he wants to know the truth; she tells him that she doesn't but she later joins him and they grow close.
Elling,Comedy Drama,mentally disabled,en,"When his mother, who has sheltered him his entire 40 years, dies, Elling, a sensitive, would-be poet, is sent to live in a state institution. There he meets Kjell Bjarne, a gentle giant and female-obsessed virgin in his 40s. After two years, the men are released and provided with a state-funded apartment and stipend with the hope they will be able to live on their own."
Half Past Dead,Crime Action Thriller,resistance undercover alcatraz stolen money,en,This movie tells the story of a man who goes undercover in a hi-tech prison to find out information to help prosecute those who killed his wife. While there he stumbles onto a plot involving a death-row inmate and his $200 million stash of gold.
Fireproof,Drama,father son relationship fire firemen christian advice,en,"In Albany, the marriage of Caleb end Catherine Holt is in crisis and they decide to divorce. However, Caleb's father, John, proposes that his son delays their separation process for forty days and follow a procedure called ""The Love Dare"" to make them love each other again."
Pirates of the Caribbean: Dead Man's Chest,Adventure Fantasy Action,witch fortune teller bondage exotic island monster,en,"Captain Jack Sparrow works his way out of a blood debt with the ghostly Davey Jones, he also attempts to avoid eternal damnation."
The Little Prince,Adventure Animation Fantasy,philosophy utopia airplane adventure dystopia,en,"Based on the best-seller book 'The Little Prince', the movie tells the story of a little girl that lives with resignation in a world where efficiency and work are the only dogmas. Everything will change when accidentally she discovers her neighbor that will tell her about the story of the Little Prince that he once met."
The Train,Action Drama Thriller War,paris france world war ii nazis hijacking of train,en,"As the Allied forces approach Paris in August 1944, German Colonel Von Waldheim is desperate to take all of France's greatest paintings to Germany. He manages to secure a train to transport the valuable art works even as the chaos of retreat descends upon them. The French resistance however wants to stop them from stealing their national treasures but have received orders from London that they are not to be destroyed. The station master, Labiche, is tasked with scheduling the train and making it all happen smoothly but he is also part of a dwindling group of resistance fighters tasked with preventing the theft. He and others stage an elaborate ruse to keep the train from ever leaving French territory."
Hot Fuzz,Crime Action Comedy,village arrest police partner murder,en,"Top London cop, PC Nicholas Angel is good. Too good.  To stop the rest of his team from looking bad, he is reassigned to the quiet town of Sandford, paired with simple country cop, and everything seems quiet until two actors are found decapitated. It is addressed as an accident, but Angel isn't going to accept that, especially when more and more people turn up dead."
Touching the Void,Documentary Action Adventure,wound mountaineer peru sport glacier,en,"A documentary based on the book of the same name by Joe Simpson about Simpson's and Simon Yates' disastrous and near-fatal attempt to climb 6,344m Siula Grande in the Cordillera Huayhuash in the Peruvian Andes in 1985."
Forty Shades of Blue,Drama Romance,independent film,en,A Russian woman living in Memphis with a much older rock-n-roll legend experiences a personal awakening when her husband's estranged son comes to visit.
Tumbleweeds,Comedy Drama,independent film,en,"A woman constantly runs from town to town with her 12 year old daughter to escape failed relationships. The film opens with one escape and the shift into a new start in San Diego. There Mom takes up with a controlling trucker and fights with her weirdo boss. Meanwhile, the daughter, used to making the constant shifts, finds a fit at school including getting chosen for a play lead."
Judgment at Nuremberg,Drama History,judge concentration camp world war ii nazis court case,en,"In 1947, four German judges who served on the bench during the Nazi regime face a military tribunal to answer charges of crimes against humanity. Chief Justice Haywood hears evidence and testimony not only from lead defendant Ernst Janning and his defense attorney Hans Rolfe, but also from the widow of a Nazi general, an idealistic U.S. Army captain and reluctant witness Irene Wallner."
Rambo III,Action Adventure Thriller War,competition submachine gun soviet union liberation russian,en,"Combat has taken its toll on Rambo, but he's finally begun to find inner peace in a monastery. When Rambo's friend and mentor Col. Trautman asks for his help on a top secret mission to Afghanistan, Rambo declines but must reconsider when Trautman is captured."
Freddy Got Fingered,Comedy,wheelchair slacker sausage,en,"An unemployed cartoonist moves back in with his parents and younger brother Freddy. When his parents demand he leave, he begins to spread rumors that his father is sexually abusing Freddy."
The Master of Disguise,Comedy Family,aftercreditsstinger duringcreditsstinger,en,"A sweet-natured Italian waiter named Pistachio Disguisey at his father Fabbrizio's restaurant, who happens to be a member of a family with supernatural skills of disguise. But moments later the patriarch of the Disguisey family is kidnapped Fabbrizio's former arch-enemy, Devlin Bowman, a criminal mastermind in an attempt to steal the world's most precious treasures from around the world. And it's up to Pistachio to track down Bowman and save his family before Bowman kills them!"
Death Sentence,Action Crime Drama Thriller,loss of son repayment revenge murder gang,en,"Nick Hume is a mild-mannered executive with a perfect life, until one gruesome night he witnesses something that changes him forever. Transformed by grief, Hume eventually comes to the disturbing conclusion that no length is too great when protecting his family."
Beloved,Drama Thriller,,en,"After Paul D. finds his old slave friend Sethe in Ohio and moves in with her and her daughter Denver, a strange girl comes along by the name of ""Beloved"". Sethe and Denver take her in and then strange things start to happen..."
"Run, Fatboy, Run",Comedy Romance,father son relationship new love fianc\u00e9 training rent,en,"Five years after jilting his pregnant fiancée on their wedding day, out-of-shape Dennis decides to run a marathon to win her back."
Rob Roy,Adventure,scotland biography 18th century highlands violent man,en,"In the highlands of Scotland in the 1700s, Rob Roy tries to lead his small town to a better future, by borrowing money from the local nobility to buy cattle to herd to market. When the money is stolen, Rob is forced into a Robin Hood lifestyle to defend his family and honour."
Jason X,Horror Science Fiction,places and planets space marine future cryogenics space,en,"In the year 2455, Old Earth is now a contaminated planet abandoned for centuries -- a brown world of violent storms, toxic landmasses and poisonous seas. Yet humans have returned to the deadly place that they once fled, not to live, but to research the ancient, rusting artifacts of the long-gone civilizations. But it's not the harmful environment that could prove fatal to the intrepid, young explorers who have just landed on Old Earth. For them, it's Friday the 13th, and Jason lives!"
Turbo,Animation Family,underdog car race dream speed power,en,The tale of an ordinary garden snail who dreams of winning the Indy 500.
The Diving Bell and the Butterfly,Drama,writing lover (female) psychological stress dying and death editor-in-chief,fr,"Elle France editor Jean-Dominique Bauby, who, in 1995 at the age of 43, suffered a stroke that paralyzed his entire body, except his left eye. Using that eye to blink out his memoir, Bauby eloquently described the aspects of his interior world, from the psychological torment of being trapped inside his body to his imagined stories from lands he'd only visited in his mind."
Desperado,Thriller Action Crime,gunslinger anti terror ambush mexico showdown,en,A gunslinger is embroiled in a war with a local drug runner.
Henry & Me,Family Animation,baseball surrealism children new york yankees,en,"Henry &amp; Me tells the courageous story of Jack (AUSTIN WILLIAMS), a brave young boy who is dealt a life changing blow. Low on confidence and filled with self-doubt, hope seems lost until a mysterious stranger named Henry (RICHARD GERE) appears. With the touch of his pin, Henry sweeps Jack away to a magical world where illness no longer exists and New York Yankee legends play forever. The incredible journey brings Jack face to face with Babe Ruth (CHAZZ PALMINTERI), Thurman Munson (PAUL SIMON), Lefty Gomez (LUIS GUZMAN) and Mickey Mantle (DAVID MANTLE) – who all teach Jack to face his fears and never give up. The movie climaxes at Yankee stadium, where Jack must test his newfound courage to save the season and find his way home. Featuring an all star-cast of unforgettable characters, Henry &amp; Me is heartwarming movie experience for the entire family with a message of hope… when life throws a curve… swing away!"
Headhunters,Thriller Crime,death of lover art thief art gallery police investigation,en,An accomplished headhunter risks everything to obtain a valuable painting owned by a former mercenary..
The Princess Diaries,Comedy Family Romance,heir to the throne grandmother granddaughter relationship high school princess royalty,en,"A socially awkward but very bright 15-year-old girl being raised by a single mom discovers that she is the princess of a small European country because of the recent death of her long-absent father, who, unknown to her, was the crown prince of Genovia. She must make a choice between continuing the life of a San Francisco teen or stepping up to the throne."
Diary of a Wimpy Kid,Comedy Family,based on novel coming of age young boy breaking the fourth wall middle school,en,"Greg Heffley is headed for big things, but first he has to survive the scariest, most humiliating experience of any kid’s life – middle school! That won’t be easy, considering he’s surrounded by hairy-freckled morons, wedgie-loving bullies and a moldy slice of cheese with nuclear cooties!"
127 Hours,Adventure Drama Thriller,mountains despair adventure utah alone,en,The true story of mountain climber Aron Ralston's remarkable adventure to save himself after a fallen boulder crashes on his arm and traps him in an isolated canyon in Utah.
Stolen Summer,Drama Family Comedy,,en,"Pete, an eight-year-old Catholic boy growing up in the suburbs of Chicago in the mid-1970s, attends Catholic school, where as classes let out for the summer, he's admonished by a nun to follow the path of the Lord, and not that of the Devil. Perhaps taking this message a bit too seriously, Pete decides it's his goal for the summer to help someone get into heaven; having been told that Catholicism is the only sure path to the kingdom of the Lord, Pete decides to convert a Jew to Catholicism in order to improve their standing in the afterlife. Hoping to find a likely candidate, Pete begins visiting a nearby synagogue, where he gets to know Rabbi Jacobson, who responds to Pete's barrage of questions with good humor. Pete also makes friends with the Rabbi's son, Danny, who is about the same age; when he learns that Danny is seriously ill, he decides Danny would be an excellent choice for conversion."
March of the Penguins,Documentary Family,parents kids relationship penguin brood autonomy egg,fr,"Every year, thousands of Antartica's emperor penguins make an astonishing journey to breed their young. They walk, marching day and night in single file 70 miles into the darkest, driest and coldest continent on Earth."
Straight A's,Comedy Drama,brother brother relationship drug addiction sister-in-law,en,"Pressured by his deceased mother's ghost to return home to the family he abandoned, a former addict grabs a bag of pills and a sack of marijuana and hits the road to Shreveport."
Deconstructing Harry,Comedy Drama,new york writer's block insanity independent film author,en,"This film tells the story of a successful writer called Harry Block, played by Allen himself, who draws inspiration from people he knows in real-life, and from events that happened to him, sometimes causing these people to become alienated from him as a result."
Restless,TV Movie Romance Drama,spy war british secret service,en,A young woman finds out that her mother worked as a spy for the British Secret Service during World War II and has been on the run ever since.
Patriot Games,Drama Action Thriller Crime,assassination assassin repayment ira jack ryan,en,"When CIA Analyst Jack Ryan interferes with an IRA assassination, a renegade faction targets Jack and his family as revenge."
Perrier’s Bounty,Action Comedy Crime Drama,suspense,en,A gangster named Perrier looks to exact his revenge on a trio of fugitives responsible for the accidental death of one of his cronies.
Dum Maaro Dum,Drama Action Crime Foreign,goa drug bust rave party,hi,"We hurtle into the bylanes, beach shacks and raves of Goa with Lorry as his life spirals out of control, with Joki as he tries to redeem the past and with Kamath as he goes no-holds-barred after the mysterious shadow figure behind it all... Punctuated with a soundtrack that moves from pulsating dance tracks to haunting Konkani songs, shot right in the midst of the teeming international tourist hotspots, Dum Maaro Dum takes you on a dramatic, thrilling trip filled with twists, turns, suspense... and a shocking finale!"
Batman,Family Adventure Comedy Science Fiction Crime,submarine dc comics missile shark attack rescue,en,The Dynamic Duo faces four super-villains who plan to hold the world for ransom with the help of a secret invention that instantly dehydrates people.
102 Dalmatians,Comedy Family,london england prison release from prison women's prison society for the prevention of cruelty to animals,en,"Get ready for a howling good time as an all new assortment of irresistible animal heroes are unleashed in this great family tail! In an unlikely alliance, the outrageous Waddlesworth... a parrot who thinks he's a Rottweiler... teams up with Oddball... an un-marked Dalmation puppy eager to earn her spots! Together they embark on a laugh-packed quest to outwit the ever-scheming Cruella De Vil"
Bambi,Animation Drama Family,forest coming of age best friend loss of loved one,en,"Bambi's tale unfolds from season to season as the young prince of the forest learns about life, love, and friends."
Mallrats,Romance Comedy,sex game show slacker shopping mall,en,"Both dumped by their girlfriends, two best friends seek refuge in the local mall."
Go for It!,Drama Family,dancing chicago woman director,en,"Carmen is a good student with a bad attitude who lives for dancing in the underground clubs of Chicago. She yearns to be 'somebody' but is afraid to believe in herself. Her immigrant Mexican, working-class parents want her to stay in school and get an education, so she attends junior college while working at a grocery store. Carmen's professor catches her performing one day in the neighborhood and challenges her to audition to a formal dance school in California. She gets into a fight with her chaotic family and runs away to her best friend Gina's place only to find out Gina's been getting beat up by her boyfriend. Meanwhile, Carmen's boyfriend, Jared wants her to commit and move in with him. Pulled apart in every direction, her dream of dancing fades. Can Carmen overcome her fears and take the biggest chance of her life, or will she succumb to her self-doubt?"
Furry Vengeance,Comedy,bear animal aftercreditsstinger duringcreditsstinger real estate,en,"When real estate developer Dan Sanders finalizes plans to level a swath of pristine Oregon forest to make way for a soulless housing subdivision, a band of woodland creatures rises up to throw a monkey wrench into the greedy scheme. Just how much mischief from the furry critters can the businessman take before he calls it quits?"
Here Comes the Boom,Comedy,high school teacher prize money physics teacher fighting movie budget cutting,en,A high school biology teacher moonlights as a mixed-martial arts fighter in an effort to raise money to save the school's music program.
Jaws,Horror Thriller Adventure,fishing atlantic ocean bathing shipwreck police chief,en,"An insatiable great white shark terrorizes the townspeople of Amity Island, The police chief, an oceanographer and a grizzled shark hunter seek to destroy the bloodthirsty beast."
Wild Hogs,Action Adventure Comedy,midlife crisis road trip politically incorrect motorcycle gang biker film,en,"Restless and ready for adventure, four suburban bikers leave the safety of their subdivision and head out on the open road. But complications ensue when they cross paths with an intimidating band of New Mexico bikers known as the Del Fuegos."
Gran Torino,Drama,rape war veteran immigration priest gang,en,"Walt Kowalski is a widower who holds onto his prejudices despite the changes in his Michigan neighborhood and the world around him. Kowalski is a grumpy, tough-minded, unhappy old man who can't get along with either his kids or his neighbors. He is a Korean War veteran whose prize possession is a 1972 Gran Torino he keeps in mint condition. When his neighbor Thao, a young Hmong teenager under pressure from his gang member cousin, tries to steal his Gran Torino, Kowalski sets out to reform the youth. Drawn against his will into the life of Thao's family, Kowalski is soon taking steps to protect them from the gangs that infest their neighborhood."
Flight of the Phoenix,Action Adventure Drama Thriller,robbery water gobi desert disaster airplane crash,en,"When an Amacor oil rig in the Gobi Desert of Mongolia proves unproductive, Captain Frank Towns and copilot ""A.J."" are sent to shut the operation down. However, on their way to Beijing, a major dust storm forces them to ditch their C-119 Flying Boxcar in an uncharted area of the desert."
The Book Thief,Drama,world war ii book nazi germany jewish,en,"While subjected to the horrors of WWII Germany, young Liesel finds solace by stealing books and sharing them with others. Under the stairs in her home, a Jewish refuge is being sheltered by her adoptive parents."
In the Bedroom,Drama Thriller,age difference fishing arbitrary law conductor ex husband,en,"Summertime on the coast of Maine, ""In the Bedroom"" centers on the inner dynamics of a family in transition. Matt Fowler is a doctor practicing in his native Maine and is married to New York born Ruth Fowler, a music teacher. He is involved in a love affair with a local single mother. As the beauty of Maine's brief and fleeting summer comes to an end, these characters find themselves in the midst of unimaginable tragedy."
Atlas Shrugged Part III: Who is John Galt?,Drama Science Fiction Mystery,trilogy ayn rand,en,"Approaching collapse, the nation's economy is quickly eroding. As crime and fear take over the countryside, the government continues to exert its brutal force against the nation's most productive who are mysteriously vanishing - leaving behind a wake of despair. One man has the answer. One woman stands in his way. Some will stop at nothing to control him. Others will stop at nothing to save him. He swore by his life. They swore to find him."
Terminator Salvation,Action Science Fiction Thriller,saving the world artificial intelligence prophecy san francisco cyborg,en,"All grown up in post-apocalyptic 2018, John Connor must lead the resistance of humans against the increasingly dominating militaristic robots. But when Marcus Wright appears, his existence confuses the mission as Connor tries to determine whether Wright has come from the future or the past -- and whether he's friend or foe."
The Beyond,Horror,hotel experiment hell gore morgue,it,"A young woman inherits an old hotel in Louisiana where after a series of supernatural 'accidents', she learns that the building was built over one of the entrances to Hell."
Jane Got a Gun,Action Drama Western,,en,"After her outlaw husband returns home shot with eight bullets and barely alive, Jane reluctantly reaches out to an ex-lover who she hasn't seen in over ten years to help her defend her farm when the time comes that her husband's gang eventually tracks him down to finish the job."
The Slaughter Rule,Drama,,en,"A young man finds solace with a young woman, his mother, and a high-school football coach who recruits him to quarterback a six-man team."
Pan's Labyrinth,Fantasy Drama War,spain resistance servant anti hero fairy,es,"Living with her tyrannical stepfather in a new home with her pregnant mother, 10-year-old Ofelia feels alone until she explores a decaying labyrinth guarded by a mysterious faun who claims to know her destiny. If she wishes to return to her real father, Ofelia must complete three terrifying tasks."
Duel in the Sun,Western,half breed,en,"Beautiful half-breed Pearl Chavez becomes the ward of her dead father's first love and finds herself torn between her sons, one good and the other bad."
Wolf,Fantasy,adultery heal bite werewolf,en,Publisher Will Randall becomes a werewolf and has to fight to keep his job.
Choke,Comedy Drama,strip club alzheimer sex addiction,en,A sex-addicted con-man pays for his mother's hospital bills by playing on the sympathies of those who rescue him from choking to death.
Perfect Cowboy,Drama,,en,"Two gay fathers of a straight country western singers, all living in a rural community and playing music together. Jimmy Poole gets out of prison and kicks his step-son Mark out of the family's band."
House of Sand and Fog,Drama,san francisco immigrant house intimidation iranian,en,"Behrani, an Iranian immigrant buys a California bungalow, thinking he can fix it up, sell it again, and make enough money to send his son to college. However, the house is the legal property of former drug addict Kathy. After losing the house in an unfair legal dispute with the county, she is left with nowhere to go. Wanting her house back, she hires a lawyer and befriends a police officer. Neither Kathy nor Behrani have broken the law, so they find themselves involved in a difficult moral dilemma."
Irreversible,Drama Thriller Crime Mystery,paris prostitute rape sex nudity,fr,"Events over the course of one traumatic night in Paris unfold in reverse-chronological order as the beautiful Alex is brutally raped and beaten by a stranger in the underpass. Her boyfriend and ex-lover take matters into their own hands by hiring two criminals to help them find the rapist so that they can exact revenge. A simultaneously beautiful and terrible examination of the destructive nature of cause and effect, and how time destroys everything."
Foodfight!,Animation Action Comedy Family,supermarket fight product placement computer animation food,en,"Dex, a superdog sleuth, is the law of the land when the world's most recognized brands take on the forces of evil and the devilish Brand X."
Roll Bounce,Comedy Drama Family,,en,"From Wikipedia, the free encyclopedia. Roll Bounce is a 2005 American comedy-drama film written by Norman Vance Jr. and directed by Malcolm D. Lee. The film stars hip hop artist Bow Wow as the leader of a roller skating crew in 1970s Chicago. The film also stars Nick Cannon, Meagan Good, Brandon T. Jackson, Wesley Jonathan, Chi McBride, Kellita Smith, and Jurnee Smollett. Description above from the Wikipedia article Roll Bounce, licensed under CC-BY-SA, full list of contributors on Wikipedia."
Love and Death on Long Island,Drama Romance Foreign,obsession love obsessive love actor,en,"Giles De'Ath is a widower who doesn't like anything modern. He goes to movies and falls in love with film star, Ronnie Bostock. He then investigates everything about the movie and Ronnie. After that he travels to Long Island city where Ronnie lives and meets him, pretending that Ronnie is a great actor and that's why Giles admires him."
Save the Last Dance,Drama Family Romance Music,ballet dancer musical ballet,en,"A white midwestern girl moves to Chicago, where her new boyfriend is a black teen from the South Side with a rough, semi-criminal past."
The Boxtrolls,Animation Comedy Family Fantasy,based on novel stop motion father daughter relationship unlikely friendship duringcreditsstinger,en,"An orphaned boy raised by underground creatures called Boxtrolls comes up from the sewers and out of his box to save his family and the town from the evil exterminator, Archibald Snatcher."
The Grand Budapest Hotel,Comedy Drama,hotel painting wartime gunfight theft,en,"The Grand Budapest Hotel tells of a legendary concierge at a famous European hotel between the wars and his friendship with a young employee who becomes his trusted protégé. The story involves the theft and recovery of a priceless Renaissance painting, the battle for an enormous family fortune and the slow and then sudden upheavals that transformed Europe during the first half of the 20th century."
Shrek the Third,Fantasy Adventure Animation Comedy Family,ambush sadness stage liberation of prisoners island,en,"The King of Far Far Away has died and Shrek and Fiona are to become King &amp; Queen. However, Shrek wants to return to his cozy swamp and live in peace and quiet, so when he finds out there is another heir to the throne, they set off to bring him back to rule the kingdom."
The Iron Lady,History Drama,capitalism prime minister argentina margaret thatcher british overseas territory,en,"A look at the life of Margaret Thatcher, the former Prime Minister of the United Kingdom, with a focus on the price she paid for power."
Machete Kills,Action Crime Thriller,mexico white house nuclear missile machete outer space,en,Ex-Federale agent Machete is recruited by the President of the United States for a mission which would be impossible for any mortal man – he must take down a madman revolutionary and an eccentric billionaire arms dealer who has hatched a plan to spread war and anarchy across the planet.
American Reunion,Comedy,wife husband relationship sequel family reunion masturbation scat,en,"The characters we met a little more than a decade ago are returning to East Great Falls for their high-school reunion. In one long-overdue weekend, they will discover what has changed, who hasn’t and that time and distance can’t break the bonds of friendship. It was summer 1999 when four small-town Michigan boys began a quest to lose their virginity. In the years that have passed, Jim and Michelle married while Kevin and Vicky said goodbye. Oz and Heather grew apart, but Finch still longs for Stifler’s mom. Now these lifelong friends have come home as adults to reminisce about – and get inspired by – the hormonal teens who launched a comedy legend."
The Brothers Grimm,Adventure Fantasy Action Comedy Thriller,brother brother relationship literature aftercreditsstinger,en,"Folklore collectors and con artists, Jake and Will Grimm, travel from village to village pretending to protect townsfolk from enchanted creatures and performing exorcisms. However, they are put to the test  when they encounter a real magical curse in a haunted forest with real magical beings, requiring genuine courage."
Me and You and Everyone We Know,Comedy Drama,brother brother relationship playground independent film sex talk art gallery,en,"The feature film debut by artist Miranda July about a various comic situations and plots that intertwine. One story line is about a father who is ending his marriage and the other story is of a video artist (possibly autobiographical of Miranda July, also played by her) who is desperately trying to get her work in a modern art museum. The film won Caméra d'Or at Cannes."
Star Trek V: The Final Frontier,Science Fiction Action Adventure Thriller,federation starfleet uss enterprise-a sha-ka-ree loss of brother,en,Capt. Kirk and his crew must deal with Mr. Spock's half brother who kidnaps three diplomats and hijacks the Enterprise in his obsessive search for God.
The Damned United,Drama,england leeds united sport brighton soccer,en,"Taking over Leeds United, Brian Clough's abrasive approach and his clear dislike of the players' dirty style of play make it certain there is going to be friction. Glimpses of his earlier career help explain both his hostility to previous manager Don Revie and how much he is missing right-hand man Peter Taylor"
Max Keeble's Big Move,Comedy Family Fantasy Science Fiction,,en,"Max Keeble, the victim of his 7th grade class, plots revenge when he learns he's moving; it backfires when he doesn't move after all."
Born Of War,Action Thriller War,gun oil secret service woman director mina,en,"Mina, a young college student, has her life ripped away after her family is killed. When she finds out their murder was part of a botched kidnapping to return her to her real father—a terrorist in the middle east."
White Chicks,Comedy,undercover fbi fish out of water high society buddy cop,en,"Two FBI agent brothers, Marcus and Kevin Copeland, accidentally foil a drug bust. As punishment, they are forced to escort a pair of socialites to the Hamptons, where they're going to be used as bait for a kidnapper. But when the girls realize the FBI's plan, they refuse to go. Left without options, Marcus and Kevin decide to pose as the sisters, transforming themselves from African-American men into a pair of blonde, white women."
The Fifth Element,Adventure Fantasy Action Thriller Science Fiction,clone taxi cyborg egypt future,en,"In 2257, a taxi driver is unintentionally given the task of saving a young girl who is part of the key that will ensure the survival of humanity."
The Rainmaker,Drama Crime Thriller,jurors proof court case leukemia lawyer,en,"When Rudy Baylor (Matt Damon), a young attorney with no clients, goes to work for a seedy ambulance chaser, he wants to help the parents of a terminally ill boy in their suit against an insurance company (represented by a ruthless Jon Voight). But to take on corporate America, Rudy and a scrappy paralegal (Danny DeVito) must open their own law firm."
Easy Money,Drama Thriller Crime,consignment,sv,"A three-tiered story centered around drugs and organized crime, and focused on a young man who becomes a runner for a coke dealer."
Runaway Bride,Comedy Romance,small town self-discovery just married reporter wedding,en,"Ike Graham, New York columnist, writes his text always at the last minute. This time, a drunken man in his favourite bar tells Ike about Maggie Carpenter, a woman who always flees from her grooms in the last possible moment. Ike, who does not have the best opinion about females anyway, writes an offensive column without researching the subject thoroughly."
John Q,Drama Thriller Crime,father son relationship chicago heart attack kidnapping heart disease,en,"John Quincy Archibald is a father and husband whose son is diagnosed with an enlarged heart and then finds out he cannot receive a transplant because HMO insurance will not cover it. Therefore, he decides to take a hospital full of patients hostage until the hospital puts his son's name on the donor's list."
Resident Evil: Retribution,Action Horror Science Fiction,mutant dystopia sequel conspiracy tokyo japan,en,"The Umbrella Corporation’s deadly T-virus continues to ravage the Earth, transforming the global population into legions of the flesh eating Undead. The human race’s last and only hope, Alice, awakens in the heart of Umbrella’s most clandestine operations facility and unveils more of her mysterious past as she delves further into the complex. Without a safe haven, Alice continues to hunt those responsible for the outbreak; a chase that takes her from Tokyo to New York, Washington, D.C. and Moscow, culminating in a mind-blowing revelation that will force her to rethink everything that she once thought to be true. Aided by new found allies and familiar friends, Alice must fight to survive long enough to escape a hostile world on the brink of oblivion. The countdown has begun."
The Shawshank Redemption,Drama Crime,prison corruption police brutality prison cell delinquent,en,"Framed in the 1940s for the double murder of his wife and her lover, upstanding banker Andy Dufresne begins a new life at the Shawshank prison, where he puts his accounting skills to work for an amoral warden. During his long stretch in prison, Dufresne comes to be admired by the other inmates -- including an older prisoner named Red -- for his integrity and unquenchable sense of hope."
Waiting for Guffman,Music Comedy,missouri independent film mechanic in the closet mockumentary,en,"Corky St. Clair is a director, actor and dancer in Blaine, Missouri. When it comes time to celebrate Blaine's 150th anniversary, Corky resolves to bring down the house in Broadway style in this hilarious mockumentary from the people who brought you ""This is Spinal Tap!"""
The Devil's Rejects,Drama Horror Crime,sadistic killing fire sheriff bounty hunter,en,"The sequel to House of 1000 Corpses – the Firefly family are ambushed at their isolated home by Sheriff Wydell and a squad of armed men guns blazing – yet only Otis and his sister, Baby, manage to escape the barrage of bullets unharmed. Hiding out in a backwater motel, the wanted siblings wait to rendezvous with their errant father, Captain Spaulding, killing whoever happens to stand in their way."
Rosemary's Baby,Horror Drama Mystery,anti-christ contemporary setting laundry occult demonic possession,en,A young couple moves into an infamous New York apartment building to start a family. Things become frightening as Rosemary begins to suspect her unborn baby isn't safe around their strange neighbors.
"The Good, the Bad and the Ugly",Western,bounty hunter refugee gold anti hero gallows,it,"While the Civil War rages between the Union and the Confederacy, three men – a quiet loner, a ruthless hit man and a Mexican bandit – comb the American Southwest in search of a strongbox containing $200,000 in stolen gold."
Clear and Present Danger,Action Drama Thriller,assassination spy ambush cia helicopter,en,CIA Analyst Jack Ryan is drawn into an illegal war fought by the US government against a Colombian drug cartel.
Street Fighter: The Legend of Chun-Li,Action Adventure Science Fiction Thriller,martial arts revenge street fighter based on video game,en,"When a teenager, Chun-Li witnesses the kidnapping of her father by wealthy crime lord M. Bison. When she grows up, she goes into a quest for vengeance and becomes the famous crime-fighter of the Street Fighter universe."
The Hundred-Foot Journey,Drama,france based on novel indian lead restaurant family,en,A story centered around an Indian family who moves to France and opens a restaurant across the street from a Michelin-starred French restaurant.
Dick Tracy,Adventure Action Comedy Thriller Crime,corruption crime fighter gangster boss investigation based on comic strip,en,"The comic strip detective finds his life vastly complicated when Breathless Mahoney makes advances towards him while he is trying to battle Big Boy Caprice's united mob,"
National Treasure,Adventure Action Thriller Mystery,riddle treasure treasure hunt archaeologist archeology\u00a0,en,"Modern treasure hunters, led by archaeologist Ben Gates, search for a chest of riches rumored to have been stashed away by George Washington, Thomas Jefferson and Benjamin Franklin during the Revolutionary War. The chest's whereabouts may lie in secret clues embedded in the Constitution and the Declaration of Independence, and Gates is in a race to find the gold before his enemies do."
Hitman,Action Crime Drama Thriller,assassin secret identity intelligence soviet union russia,en,"The best-selling videogame, Hitman, roars to life with both barrels blazing in this hardcore action-thriller starring Timothy Olyphant. A genetically engineered assassin with deadly aim, known only as ""Agent 47"" eliminates strategic targets for a top-secret organization. But when he's double-crossed, the hunter becomes the prey as 47 finds himself in a life-or-death game of international intrigue."
My Sister's Keeper,Drama,parents kids relationship sister sister relationship court case in vitro fertilisation medical examiner,en,"Sara and Brian live an idyllic life with their young son and daughter. But their family is rocked by sudden, heartbreaking news that forces them to make a difficult and unorthodox choice in order to save their baby girl's life. The parents' desperate decision raises both ethical and moral questions and rips away at the foundation of their relationship. Their actions ultimately set off a court case that threatens to tear the family apart, while revealing surprising truths that challenge everyone's perceptions of love and loyalty and give new meaning to the definition of healing."
We're the Millers,Comedy Crime,mexico police gang drug smuggling drug,en,A veteran pot dealer creates a fake family as part of his plan to move a huge shipment of weed into the U.S. from Mexico.
The Sisterhood of the Traveling Pants,Drama Comedy,holiday female friendship jeans coming of age teenage girl,en,"Four best friends (Tibby, Lena, Carmen &amp; Bridget) who buy a mysterious pair of pants that fits each of them, despite their differing sizes, and makes whoever wears them feel fabulous. When faced with the prospect of spending their first summer apart, the pals decide they'll swap the pants so that each girl in turn can enjoy the magic."
Lone Survivor,Action Drama Thriller War,war survival navy seal military dangerous mission,en,"Based on the failed June 28, 2005 mission ""Operation Red Wing."" Four members of SEAL Team 10, were tasked with the mission to capture or kill notorious Taliban leader, Ahmad Shah. Only one member of the team survived."
The Wolfman,Drama Horror Thriller,father son relationship victorian england remake rural setting werewolf,en,"Lawrence Talbot, an American man on a visit to Victorian London to make amends with his estranged father, gets bitten by a werewolf and, after a moonlight transformation, leaves him with a savage hunger for flesh."
Modern Times,Drama Comedy,factory ambulance invention tramp great depression,en,The Tramp struggles to live in modern industrial society with the help of a young homeless woman.
Pieces of April,Comedy Drama,sex thanksgiving road trip love independent film,en,"Quirky and rebellious April Burns lives with her boyfriend in a low-rent New York City apartment miles away from her emotionally distant family. But when she discovers that her mother has a fatal form of breast cancer, she invites the clan to her place for Thanksgiving. While her father struggles to drive her family into the city, April -- an inexperienced cook -- runs into kitchen trouble and must ask a neighbor for help."
Plush,Thriller,woman director,en,"A young singer/songwriter, despite being married, becomes involved with her new guitarist, who she soon discovers has a dark past and may be a danger to her and those close to her."
Pandaemonium,Drama Foreign,,en,"Set in England during the early 19th century, Pandaemonium evokes late-1960s America in its depiction of the relationship between Samuel Taylor Coleridge (Linus Roach) and William Wordsworth (John Hannah). Instead of going to Vietnam, Wordsworth goes off to fight against the French while Coleridge stays at home and promotes utopianism. After the war, the poets live and work together with Coleridge's wife, Sara (Samantha Morton), and Wordsworth's sister, Dorothy (Emily Woof). At first this communal arrangement works to the advantage of Coleridge--who does some of his best writing while Wordsworth stagnates--until Coleridge becomes addicted to opium. Wordsworth, meanwhile, doesn't find his voice until he abandons his friend. In 20th-century vernacular, Wordsworth is the yuppie, Coleridge the hippie."
Knocked Up,Comedy Romance Drama,alcohol one-night stand bed pregnancy and birth condom,en,"For fun loving party animal Ben Stone, the last thing he ever expected was for his one night stand to show up on his doorstep eight weeks later to tell him she's pregnant."
Lisa Picard Is Famous,,,en,"A documentarian decides to follow the career of New York actress Lisa Picard, believing she is on the brink of fame. Instead, he bears witness to Lisa's continued, humorous, struggles as an actress, as well as the conflict that arises when Lisa's best friend Tate hits it big with an off-Broadway one-man show."
Skyfall,Action Adventure Thriller,spy secret agent sociopath killer art gallery,en,"When Bond's latest assignment goes gravely wrong and agents around the world are exposed, MI6 is attacked forcing M to relocate the agency. These events cause her authority and position to be challenged by Gareth Mallory, the new Chairman of the Intelligence and Security Committee. With MI6 now compromised from both inside and out, M is left with one ally she can trust: Bond. 007 takes to the shadows - aided only by field agent, Eve - following a trail to the mysterious Silva, whose lethal and hidden motives have yet to reveal themselves."
Operation Chromite,History Drama War Action,"korea fictionalized history operation ""trudy jackson"" general douglas macarthur operation x-ray",ko,A squad of soldiers fight in the Korean War's crucial Battle of Incheon.
American Hero,Action Comedy Science Fiction,,en,"Melvin, a reluctant hero who is far from super, has been suppressing his telekinetic powers for years with booze, drugs, and women. In the process, he has failed at practically everything, most of all as a parent to his son. After a brush with death, Melvin decides to use his powers for good and clean up the streets of New Orleans with the help of his best friend/definitely-not-a-sidekick, Lucille. For a man who can do the impossible, it might be a fight even he can’t win."
Hart's War,Drama War,black people world war ii prisoners of war u.s. army war,en,"Fourth-generation Army Col. William McNamara is imprisoned in a brutal German POW camp. Still, as the senior-ranking American officer, he commands his fellow inmates, keeping a sense of honor alive in a place where honor is easy to destroy, all under the dangerous eye of the Luftwafe vetran Col. Wilhelm Visser. Never giving up the fight to win the war, McNamara is silently planning, waiting for his moment to strike back at the enemy. A murder in the camp gives him the chance to set a risky plan in motion. With a court martial to keep Visser and the Germans distracted, McNamara orchestrates a cunning scheme to escape and destroy a nearby munitions plant, enlisting the unwitting help of young Lt. Tommy Hart. Together with his men, McNamara uses a hero's resolve to carry out his mission, ultimately forced to weigh the value of his life against the good of his country."
Don't Be Afraid of the Dark,Fantasy Horror Thriller,monster remake creature bathtub teeth,en,A young girl sent to live with her father and his new girlfriend discovers creatures in her new home who want to claim her as one of their own.
Paddington,Family Comedy,england train station based on novel bear anthropomorphism,en,"A young Peruvian bear with a passion for all things British travels to London in search of a home. Finding himself lost and alone at Paddington Station, he begins to realize that city life is not all he had imagined - until he meets the kindly Brown family, who read the label around his neck ('Please look after this bear. Thank you.') and offer him a temporary haven. It looks as though his luck has changed until this rarest of bears catches the eye of a museum taxidermist..."
Ever After: A Cinderella Story,Drama Romance Comedy,france child abuse slavery leonardo da vinci prince,en,"A unique 16th century woman, Danielle possesses a love of books, and can easily quote from Sir Thomas More’s Utopia. An intriguing mix of tomboyish athleticism and physical beauty, she has more than enough charm to capture the heart of a prince ... after beaning him with an apple."
Hard to Be a God,Drama Science Fiction,,ru,"A group of scientists is sent to the planet Arkanar to help the local civilization, which is in the Medieval phase of its own history, to find the right path to progress. Their task is a difficult one: they cannot interfere violently and in no case can they kill. The scientist Rumata tries to save the local intellectuals from their punishment and cannot avoid taking a position. As if the question were: what would you do in God's place? Director's statement Aleksei wanted to make this film his entire life. The road was a long one. This is not a film about cruelty, but about love. A love that was there, tangible, alive, and that resisted through the hardest of conditions."
Singin' in the Rain,Comedy Music Romance,fan morning musical talkie partner,en,"In 1927 Hollywood, Don Lockwood and Lina Lamont are a famous on-screen romantic pair in silent movies, but Lina mistakes the on-screen romance for real love. When their latest film is transformed into a musical, Don has the perfect voice for the songs, but strident voice faces the studio to dub her voice. Aspiring actress, Kathy Selden is brought in and, while she is working on the movie, Don falls in love with her."
Vacation,Comedy,route 66 grand canyon cow vacation road trip,en,"Hoping to bring his family closer together and to recreate his childhood vacation for his own kids, a grown up Rusty Griswold takes his wife and their two sons on a cross-country road trip to the coolest theme park in America, Walley World. Needless to say, things don't go quite as planned."
Fly Me to the Moon,Comedy Romance,,fr,"Successful woman in love tries to break her family curse of every first marriage ending in divorce, by dashing to the alter with a random stranger before marrying her boyfriend."
Taken 2,Action Crime Thriller,kidnapping turkey police chase bag over head violence,en,"In Istanbul, retired CIA operative Bryan Mills and his wife are taken hostage by the father of a kidnapper Mills killed while rescuing his daughter."
The Ice Pirates,Action Science Fiction Comedy,rebel space war water sci-fi comedy,en,"The time is the distant future, where by far the most precious commodity in the galaxy is water. The last surviving water planet was somehow removed to the unreachable centre of the galaxy at the end of the galactic trade wars. The galaxy is ruled by an evil emperor (John Carradine) presiding over a trade oligarchy that controls all mining and sale of ice from asteroids and comets."
D.E.B.S.,Action,coming out covert operation lesbian female protagonist in the closet,en,The star of a team of teenage crime fighters falls for the alluring villainess she must bring to justice.
Give Me Shelter,Documentary,helping animals,en,Give Me Shelter is a documentary to raise awareness for important animal issues around the world. This film uncovers the most prevalent issues in the animal world through the eyes of individuals dedicating their lives to them daily.
American Graffiti,Comedy Drama,farewell rock and roll robbery love at first sight car race,en,A couple of high school graduates spend one final night cruising the strip with their buddies before they go off to college.
Light It Up,Drama Thriller,,en,"On a winter day in a southside Queens high school, events collide and six students are suddenly in an armed standoff with the NYPD. At the school, classrooms freeze, teachers come and go, resources are scant."
Maximum Risk,Action Adventure Thriller,mistake in person dying and death twin brother russian mafia,en,"A policeman takes his twin brother's place and inherits his problems and a beautiful girlfriend. He is forced to kickbox his way from France to the U.S. and back while playing footsie with the FBI and Russian mafia. Not just muscles with a badge, the policeman must find the answers to some tough questions, none harder than what the heck is an accordian player doing in a sauna."
Wayne's World,Music Comedy,tv show heavy metal television producer woman director,en,"When a sleazy TV exec offers Wayne and Garth a fat contract to tape their late-night public access show at his network, they can't believe their good fortune. But they soon discover the road from basement to big-time is a gnarly one, fraught with danger, temptation and ragin' party opportunities."
The Lost Skeleton of Cadavra,Comedy Horror Science Fiction,monster mutant skeleton alien life-form science,en,"Remember the good old days when anyone with a camera and a few thousand bucks could schlep up to Bronson canyon and quickly make a cheap sci-fi/horror B-movie? Well, they're back! The Lost Skeleton of Cadavra is an affectionate, meticulous re-creation of those notoriously cheesy clunkers, as a gaggle of beloved stereotypes pursue ""that rarest of radioactive elements - atmospherium."""
Sands of Iwo Jima,Action Drama History War,sergeant iwo jima,en,"The relationship between Sergeant Stryker and a group of rebellious recruits is made difficult by the Sergeant's tough training tactics. At Tarawa, the leathernecks have a chance to see Stryker in action, and begin to appreciate him."
Breakin' All the Rules,Comedy Romance,best selling author,en,"Inspired by his fiancée (who dumped him), a man publishes a break-up handbook for men, becoming a bestselling author in the process."
Bamboozled,Comedy Drama,,en,"TV producer Pierre Delacroix (Damon Wayans) becomes frustrated when network brass reject his sitcom idea. Hoping to get fired, Delacroix pitches the worst idea he can think of: a minstrel show. The network not only airs it, but it incredibly becomes a smash hit. Michael Rapaport co-stars in this searing satire."
Mongol: The Rise of Genghis Khan,History,mongolia genghis khan,ru,"The story recounts the early life of Genghis Khan, a slave who went on to conquer half the world in the 11th century."
Monster House,Animation Comedy Family Fantasy,monster secret toy children neighbor,en,"Monsters under the bed are scary enough, but what happens when an entire house is out to get you? Three teens aim to find out when they go up against a decrepit neighboring home and unlock its frightening secrets."
The Green Hornet,Action Crime Comedy,bomb martial arts assassin vandalism nightclub,en,"Britt Reid (Seth Rogen), the heir to the largest newspaper fortune in Los Angeles, is a spoiled playboy who has been, thus far, happy to lead an aimless life. After his father (Tom Wilkinson) dies, Britt meets Kato (Jay Chou), a resourceful company employee. Realizing that they have the talent and resources to make something of their lives, Britt and Kato join forces as costumed crime-fighters to bring down the city's most-powerful criminal, Chudnofsky (Christoph Waltz)."
A Better Life,Drama,california garden immigrant truck illegal immigrant,en,A gardener in East L.A. struggles to keep his son away from gangs and immigration agents while traveling across town to perform landscaping work for the city's wealthy landowners.
The Ice Storm,Drama,based on novel 1970s thanksgiving dysfunctional family independent film,en,"In the weekend after thanksgiving 1973 the Hoods are skidding out of control. Benjamin Hood reels from drink to drink, trying not to think about his trouble at the office. His wife, Elena, is reading self help books and losing patience with her husband's lies. Their son, Paul, home for the holidays, escapes to the city to pursue an alluring rich girl from his prep school. Young, budding nymphomaniac, Wendy Hood roams the neighborhood, innocently exploring liquor cabinets and lingerie drawers of her friends' parents, looking for something new. Then an ice storm hits, the worst in a century."
Wing Commander,Action Science Fiction,fight pilot outer space based on video game space opera,en,"The Hollywood version of the popular video game series ""Wing Commander"". Unlike other video games to feature film transitions, series creator Chris Roberts was heavily involved in the film's creation. This is the story of Christopher Blair and Todd ""Maniac"" Marshall as they arrive at the Tiger Claw and are soon forced to stop a Kilrathi fleet heading towards Earth."
Repo Man,Comedy Crime Science Fiction Thriller,california cocaine future punk theory,en,"A down and out young punk gets a job working with a seasoned repo man, but what awaits him in his new career is a series of outlandish adventures revolving around aliens, the CIA, and a most wanted '64 Chevy."
Jupiter Ascending,Science Fiction Fantasy Action Adventure,jupiter space woman director 3d interspecies romance,en,"In a universe where human genetic material is the most precious commodity, an impoverished young Earth woman becomes the key to strategic maneuvers and internal strife within a powerful dynasty…"
Dante's Peak,Action Adventure Thriller,helicopter small town mayor evacuation motel,en,"Volcanologist Harry Dalton comes to the sleepy town of Dante's Peak to investigate the recent rumblings of the dormant volcano the burg is named for. Before long, his worst fears are realized when a massive eruption hits, and immediately, Harry, the mayor and the townspeople find themselves fighting for their lives amid a catastrophic nightmare."
Almost Famous,Drama Music,hotel room san diego drug addiction stewardess overdose,en,"Almost Famous is an autobiographical inspired film about a 15-year-old who is hired by Rolling Stone magazine to follow and interview a rock band during their tour. A film about growing up, first love, disappointment, and the life of a rock star."
Gothika,Horror Thriller,amnesia mental institution patient trust false accusations,en,"After a car crash, a criminal psychologist (Halle Berry) comes to, only to find that she's a patient in the same mental institution that currently employs her. It seems she's been accused of murdering her husband -- but she has no memory of committing the crime. As she tries to regain her memory and convince her co-workers of her innocence, a vengeful spirit uses her as an earthly pawn, which further convinces everyone of her guilt."
The Great Beauty,Comedy Drama,alcohol rome vatican based on novel birthday,it,"Jep Gambardella has seduced his way through the lavish nightlife of Rome for decades, but after his 65th birthday and a shock from the past, Jep looks past the nightclubs and parties to find a timeless landscape of absurd, exquisite beauty."
House of Wax,Horror,american football traffic jam remake murder suspense,en,A group of unwitting teens are stranded near a strange wax museum and soon must fight to survive and keep from becoming the next exhibit.
Red Dragon,Crime Thriller Horror,psychopath serial killer fbi agent,en,"Former FBI Agent Will Graham, who was once almost killed by the savage Hannibal 'The Cannibal' Lecter, now has no choice but to face him again, as it seems Lecter is the only one who can help Graham track down a new serial killer."
Blade,Horror Action,suicide hero vampire bite fistfight,en,"When Blade's mother was bitten by a vampire during pregnancy, she did not know that she gave her son a special gift while dying: All the good vampire attributes in combination with the best human skills. Blade and his mentor Whistler battle an evil vampire rebel (Deacon Frost) who plans to take over the outdated vampire council, capture Blade and resurrect voracious blood god La Magra."
Big Momma's House,Crime Comedy,\u7edd\u5730\u5976\u9738 \u5367\u5e95\u80a5\u5988 big\u7206\u4efb\u52a1 \u8d85\u7ea7\u5988\u5988,en,"When a street-smart FBI agent is sent to Georgia to protect a beautiful single mother and her son from an escaped convict, he is forced to impersonate a crass Southern granny known as Big Momma in order to remain incognito."
Bon Cop Bad Cop,Action Comedy Crime,canada police murder killer buddy cop,fr,"When the body of the executive of hockey Benoit Brisset is found on the billboard of the border of Quebec and Ontario, the jurisdiction of the crime is shared between the two police forces and detectives David Bouchard from Montreal and Martin Ward from Toronto are assigned to work together. With totally different styles, attitudes and languages."
The American President,Comedy Drama Romance,white house usa president new love widower wildlife conservation,en,"Widowed U.S. president Andrew Shepherd, one of the world's most powerful men, can have anything he wants -- and what he covets most is Sydney Ellen Wade, a Washington lobbyist. But Shepherd's attempts at courting her spark wild rumors and decimate his approval ratings."
Showdown in Little Tokyo,Action Thriller,yakuza los angeles samurai sword,en,"An American with a Japanese upbringing, Chris Kenner is a police officer assigned to the Little Tokyo section of Los Angeles. Kenner is partnered with Johnny Murata, a Japanese-American who isn't in touch with his roots. Despite their differences, both men excel at martial arts, and utilize their formidable skills when they go up against Yoshida, a vicious yakuza drug dealer with ties to Kenner's past."
Wild Wild West,Action Adventure Comedy Science Fiction Western,steampunk based on tv series steam locomotive drag,en,Legless Southern inventor Dr. Arliss Loveless plans to rekindle the Civil War by assassinating President U.S. Grant. Only two men can stop him: gunfighter James West and master-of-disguise and inventor Artemus Gordon. The two must team up to thwart Loveless' plans.
Thumbsucker,Comedy Drama,becoming an adult thumb first time hypnosis thumb sucking,en,"Justin, a teenager boy, throws himself and everyone around him into chaos when he attempts to break free from his addiction to his thumb."
The Blue Lagoon,Romance Adventure Drama,sexual identity shipwreck lovers stranded marooned,en,"Two small children and a ship's cook survive a shipwreck and find safety on an idyllic tropical island. Soon, however, the cook dies and the young boy and girl are left on their own. Days become years and Emmeline (Brooke Shields) and Richard (Christopher Atkins) make a home for themselves surrounded by exotic creatures and nature's beauty. But will they ever see civilization again?"
200 Cigarettes,Comedy Drama Romance,new year's eve independent film relationship woman director lower east side,en,"A collection of twentysomethings try to cope with relationships, loneliness, desire and their individual neuroses."
A History of Violence,Drama Thriller Crime,robbery double life dual identity small town indiana,en,An average family is thrust into the spotlight after the father commits a seemingly self-defense murder at his diner.
The Visitors,Fantasy Comedy Science Fiction,servant time travel clumsy fellow middle ages nobility,fr,"This outrageous time-travel comedy follows the misadventures of a wacky medieval knight (Jean Reno) and his faithful servant when they are accidentally transported to contemporary times by a senile sorcererMayhem rules as these 12th-century visitors try adapting to the wildly confusing modern world. To avoid being stuck here for good, however, they soon begin an all-out cosmic assault on their former castle -- now a luxury hotel -- in their quest to return to the past"
Pompeii,Action Adventure History Romance Drama,gladiator arena gladiator fight lava roman,en,"Set in 79 A.D., POMPEII tells the epic story of Milo, a slave turned invincible gladiator who finds himself in a race against time to save his true love Cassia, the beautiful daughter of a wealthy merchant who has been unwillingly betrothed to a corrupt Roman Senator. As Mount Vesuvius erupts in a torrent of blazing lava, Milo must fight his way out of the arena in order to save his beloved as the once magnificent Pompeii crumbles around him."
L.A. Confidential,Crime Drama Mystery Thriller,corruption detective shotgun morgue f word,en,Three detectives in the corrupt and brutal L.A. police force of the 1950s use differing methods to uncover a conspiracy behind the shotgun slayings of the patrons at an all-night diner.
8 Women,Comedy Thriller Music Crime Mystery,upper class women father murder daughter maid,fr,"Eight women gather to celebrate Christmas in a snowbound cottage, only to find the family patriarch dead with a knife in his back. Trapped in the house, every woman becomes a suspect, each having her own motive and secret."
Star Trek Into Darkness,Action Adventure Science Fiction,spacecraft friendship sequel futuristic space,en,"When the crew of the Enterprise is called back home, they find an unstoppable force of terror from within their own organization has detonated the fleet and everything it stands for, leaving our world in a state of crisis.  With a personal score to settle, Captain Kirk leads a manhunt to a war-zone world to capture a one man weapon of mass destruction. As our heroes are propelled into an epic chess game of life and death, love will be challenged, friendships will be torn apart, and sacrifices must be made for the only family Kirk has left: his crew."
Hostage,Mystery Drama Thriller Crime,fbi kidnapping police operation home invasion hostage situation,en,"When a mafia accountant is taken hostage on his beat, a police officer – wracked by guilt from a prior stint as a negotiator – must negotiate the standoff, even as his own family is held captive by the mob."
Swordfish,Action Crime Thriller,female nudity hacker terrorism violence ex-con,en,"Rogue agent Gabriel Shear is determined to get his mitts on $9 billion stashed in a secret Drug Enforcement Administration account. He wants the cash to fight terrorism, but lacks the computer skills necessary to hack into the government mainframe. Enter Stanley Jobson, a n'er-do-well encryption expert who can log into anything."
Four Single Fathers,Drama Comedy,,en,"A comedy/drama about four Italian single fathers trying to cope with American ex-wives, children, family, and new relationships, set in New York and Rome."
Boogeyman,Thriller Horror Drama Mystery,nightmare hallucination childhood trauma break-up hometown,en,"Every culture has one – the horrible monster fueling young children's nightmares. But for Tim, the Boogeyman still lives in his memories as a creature that devoured his father 16 years earlier. Is the Boogeyman real? Or did Tim make him up to explain why his father abandoned his family?"
Rebecca,Drama Mystery,monte carlo based on novel age difference secret obsession,en,A self-conscious bride is tormented by the memory of her husband's dead first wife.
Fantasia 2000,Animation Family Music,orchestra musical segments,en,"Blending lively music and brilliant animation, this sequel to the original 'Fantasia' restores 'The Sorcerer's Apprentice' and adds seven new shorts."
Slacker,Comedy,moon philosophy burglar texas dream,en,"Presents a day in the life in Austin, Texas among its social outcasts and misfits, predominantly the twenty-something set, using a series of linear vignettes. These characters, who in some manner just don't fit into the establishment norms, move seamlessly from one scene to the next, randomly coming and going into one another's lives."
Click,Comedy Drama Fantasy Romance,regret workaholic heart attack architect dying and death,en,A workaholic architect finds a universal remote that allows him to fast-forward and rewind to different parts of his life. Complications arise when the remote starts to overrule his choices.
Shattered Glass,Drama History,,en,"Fact-based 2003 drama about the young journalist Stephen Glass, who got a job at The New Republic in 1995 and for three years fabricated at least half of the stories he wrote."
Slither,Comedy Horror Science Fiction,small town mutant meteor meat alien,en,"A small town is taken over by an alien plague, turning residents into zombies and all forms of mutant monsters."
The Glimmer Man,Action Adventure Crime Drama Thriller,secret agent past cop series of murders homicide detective,en,"A former government operative renowned for his stealth, Jack Cole is now a Los Angeles police detective. When a series of horrible murders occurs in the metro area, Cole is assigned to the case, along with tough-talking fellow cop Jim Campbell. Although the two men clash, they gradually become effective partners as they uncover a conspiracy linked to the killings, which also involves terrorism and organized crime."
Dinner Rush,Drama Action Thriller,,en,"Is it just another evening at the hugely popular Italian restaurant of proprietor and bookmaker Louis Cropa in New York? Anything but as tonight's guests include; a local police detective and his wife specially invited by the owner; on the balcony rival bookmaker gangsters from Queens who want to become partners in the restaurant; in the corner renowned food critic 'the food nymph' is her usual demanding self; and at the bar, seemingly unnoticed, is Ken. As the evening continues enter Duncan, inveterate gambler and sous-chef on-the-line in the frenetic kitchen downstairs, who acts as the catalyst that causes the evening to draw to its inevitable, explosive, deadly conclusion."
Anacondas: The Hunt for the Blood Orchid,Adventure Action Horror Science Fiction Thriller,snake expedition traitor research orchid,en,"The blood orchid - A rare flower that holds the secret of eternal life and a fortune to the pharmaceutical company that finds it. Led by a two-fisted soldier of fortune, a scientific expedition is sent deep into the jungles of Borneo to locate and bring back samples of the legendary plant. Battling their way upriver, the explorers brave poisonous insects, ferocious crocodiles and savage headhunters, unaware they're being stalked by an even greater danger: a nest of giant anacondas, voracious, fifty-foot-long flesh-eaters who'll stop at nothing to protect their breeding ground, the blood orchid's home."
Aberdeen,Drama Comedy Foreign,alcohol cocaine daughter road trip independent film,en,"Kaisa is a Scot, a successful London lawyer, who snorts coke and has one-night stands with strangers. Her mother calls from Aberdeen with some story begging her to fly to Norway and collect her alcoholic dad whom she hasn't seen in years."
Pinocchio,Animation Family,italy lie magic fairy pinocchio,en,"Lonely toymaker Geppetto has his wishes answered when the Blue Fairy arrives to bring his wooden puppet Pinocchio to life. Before becoming a real boy, however, Pinocchio must prove he's worthy as he sets off on an adventure with his whistling sidekick and conscience, Jiminy Cricket. From Stromboli's circus to Pleasure Island, Pinocchio is tested by many temptations, but slowly learns how to navigate right from wrong. With a few mishaps along the way, Geppetto's ""little woodenhead"" finally gets it right, proving that when you wish upon a star dreams really can come true!"
Supporting Characters,Drama Comedy,marriage proposal relationship filmmaking film editing,en,Two New York film editors balance their personal relationships while reworking a movie in crisis.
Beowulf,Adventure Action Animation,denmark nordic mythology lie pride and vanity folk hero,en,"6th-century Scandinavian warrior, Beowulf embarks on a mission to slay the manlike ogre Grendel, a descendant of Cain."
Eve's Bayou,Drama,sister sister relationship menstruation superstition independent film curse,en,"The story is set in 1962 Louisiana. The big Batiste family is headed by charming doctor Louis. Though he is married to beautiful Roz, he has a weakness for attractive women patients. One day Louis is flirting with married and sexy Metty Mereaux, not knowing that he is observed by his youngest idealistic daughter Eve, who is there by accident. Eve can not forget the incident which is traumatic for her naivete and shares a secret with older sister Cisely. Lies start to roll..."
51 Birch Street,Documentary,,en,"Documentary filmmaker Doug Block had every reason to believe his parents' 54-year marriage was a good one. But when his mother dies unexpectedly and his father swiftly marries his former secretary, he discovers two parents who are far more complex and troubled than he ever imagined. 51 Birch Street is a riveting personal documentary that explores a universal human question: how much about your parents do you really want to know?"
Western Religion,Western,,en,"The year is 1879. Gunfighters from the far reaches of the globe descend on Religion, AZ to compete in a legendary poker tournament. Drawn by the gold prize, the players come to realize that in this game, their very souls are at stake."
The Sisterhood of Night,Mystery Drama Thriller,witch woman director,en,"When a teenage girl says she's the victim of a secret network called The Sisterhood of Night, a quiet suburban town becomes the backdrop for a modern-day Salem witch trial."
Hansel & Gretel: Witch Hunters,Fantasy Horror Action,witch black magic steampunk good vs evil troll,en,"After getting a taste for blood as children, Hansel and Gretel have become the ultimate vigilantes, hell-bent on retribution. Now, unbeknownst to them, Hansel and Gretel have become the hunted, and must face an evil far greater than witches... their past."
The Watcher,Mystery Thriller,chicago fbi menace covered investigation state of emergency,en,"FBI agent Joel Campbell, burnt-out and shell-shocked after years spent chasing serial killers, flees L.A. to begin a new life for himself in Chicago. But five months later, Joel's best laid plans are abruptly cut short when his new hometown becomes the setting for some particularly gruesome murders--murders that could only have been committed by one man: David Allen Griffin. One of Joel's most elusive and cunning nemeses, Griffin has followed his former pursuer to Chicago in order to play a sadistic game of cat and mouse. Taunting Joel with photographs of his intended victims and leaving his crime scenes meticulously free of clues in order to keep the police at bay, Griffin derives as much pleasure out of watching Joel react to every movement as watching his victims die. But when Griffin moves into Joel's inner circle, Joel must quickly find some way to stop him before someone close to him becomes the next one to die."
The Finest Hours,Action Drama History Thriller,coast guard based on true story survival rescue mission storm at sea,en,The Coast Guard makes a daring rescue attempt off the coast of Cape Cod after a pair of oil tankers are destroyed during a blizzard in 1952.
Godsend,Drama Horror Science Fiction Thriller,schizophrenia clone loss of son nightmare doctor,en,"A couple agree to have their deceased son cloned under the supervision of an enigmatic doctor, but bizarre things start to happen years after his rebirth."
Absolute Power,Crime Drama Thriller,corruption assassination washington d.c. rape white house,en,A master thief coincidentally is robbing a house where a murder in which the President of The United States is involved occurs in front of his eyes. He is forced to run yet may hold evidence that could convict the President. A political thriller from and starring Clint Eastwood and based on a novel by David Baldacci.
Alvin and the Chipmunks,Comedy Music Family Fantasy Animation,pop pop star record producer surprise approach,en,"A struggling songwriter named Dave Seville finds success when he comes across a trio of singing chipmunks: mischievous leader Alvin, brainy Simon, and chubby, impressionable Theodore."
Tsotsi,Crime Drama,slum baby fight nudity leader,af,"The South African multi-award winning film about a young South African boy from the ghetto named Tsotsi, meaning Gangster. Tsotsi, who left home as a child to get away from helpless parents, finds a baby in the back seat of a car that he has just stolen. He decides that it his responsibility to take care of the baby and in the process learns that maybe the gangster life isn’t the best way."
The Descent,Adventure Horror,mutant expedition cave darkness rope,en,"After a tragic accident, six friends reunite for a caving expedition. Their adventure soon goes horribly wrong when a collapse traps them deep underground and they find themselves pursued by bloodthirsty creatures. As their friendships deteriorate, they find themselves in a desperate struggle to survive the creatures and each other."
Legend of a Rabbit,Animation Family Action Adventure Comedy,,zh,"In order to keep his promise to an aging kung fu master, Fu the Rabbit must venture out of the comfort of his kitchen and team up with Penny, a kung fu prodigy, on a heroic quest to save their kung fu academy."
Star Wars: Episode I - The Phantom Menace,Adventure Action Science Fiction,prophecy senate queen taskmaster galaxy,en,"Anakin Skywalker, a young slave strong with the Force, is discovered on Tatooine. Meanwhile, the evil Sith have returned, enacting their plot for revenge against the Jedi."
The Next Three Days,Romance Drama Thriller Crime,evidence passport argument county jail fingerprints,en,"A married couple's life is turned upside down when the wife is accused of a murder. Lara Brennan is arrested for murdering her boss with whom she had an argument. It seems she was seen leaving the scene of the crime and her fingerprints were on the murder weapon. Her husband, John would spend the next few years trying to get her released, but there's no evidence that negates the evidence against her. And when the strain of being separated from her family, especially her son, gets to her, John decides to break her out. So he does a lot of research to find a way."
Law Abiding Citizen,Drama Crime Thriller,tattoo secret passage baseball bat deal explosion,en,A frustrated man decides to take justice into his own hands after a plea bargain sets one of his family's killers free. He targets not only the killer but also the district attorney and others involved in the deal.
You Again,Comedy Romance,brother sister relationship marriage bully duringcreditsstinger,en,"History -- make that high school -- may repeat itself when Marni learns that Joanna, the mean girl from her past, is set to be her sister-in-law. Before the wedding bells toll, Marni must show her brother that a tiger doesn't change its stripes. On Marni's side is her mother, while Joanna's backed by her wealthy aunt."
The House of the Devil,Mystery Horror,ritual cult independent film human sacrifice eclipse,en,"In the 1980s, college student Samantha Hughes takes a strange babysitting job that coincides with a full lunar eclipse. She slowly realizes her clients harbor a terrifying secret."
Pooh's Heffalump Movie,Animation Family,,en,"Who or what exactly is a Heffalump? The lovable residents of the Hundred Acre Wood -- Winnie the Pooh, Rabbit, Tigger, Eeyore, Kanga and the rest of the pack -- embark on a journey of discovery in search of the elusive Heffalump. But as is always the case, this unusual road trip opens their eyes to so much more than just the creature they're seeking."
Stigmata,Horror,vatican miracle christian faith clergyman,en,"A young woman with no strong religious beliefs, Frankie Paige begins having strange and violent experiences, showing signs of the wounds that Jesus received when crucified. When the Vatican gets word of Frankie's situation, a high-ranking cardinal requests that the Rev. Andrew Kiernan investigate her case. Soon Kiernan realizes that very sinister forces are at work, and tries to rescue Frankie from the entity that is plaguing her."
The Apparition,Horror Thriller,experiment supernatural paranormal haunting disappearance,en,"Plagued by frightening occurrences in their home, Kelly and Ben learn that a university's parapsychology experiment produced an entity that is now haunting them. The malevolent spirit feeds on fear and torments the couple no matter where they run. Desperate, Kelly and Ben turn to a paranormal researcher, but even with his aid, it may already be too late to save themselves from the terrifying presence."
Dredd,Action Science Fiction,usa corruption crime fighter judge metropolis,en,"In the future, America is a dystopian wasteland. The latest scourge is Ma-Ma, a prostitute-turned-drug pusher with a dangerous new drug and aims to take over the city. The only possibility of stopping her is an elite group of urban police called Judges, who combine the duties of judge, jury and executioner to deliver a brutal brand of swift justice. But even the top-ranking Judge, Dredd, discovers that taking down Ma-Ma isn’t as easy as it seems in this explosive adaptation of the hugely popular comic series."
The Three Burials of Melquiades Estrada,Adventure Crime Drama Mystery Western,border patrol united states\u2013mexico barrier promise desert,en,"When brash Texas border officer Mike Norton (Barry Pepper) wrongfully kills and buries the friend and ranch hand of Pete Perkins (Tommy Lee Jones), the latter is reminded of a promise he made to bury his friend, Melquiades Estrada (Julio Cesar Cedillo), in his Mexican home town. He kidnaps Norton and exhumes Estrada's corpse, and the odd caravan sets out on horseback for Mexico. As Estrada's body begins to rot, Norton begins to unravel, but Perkins remains determined to honor his vow."
Tank Girl,Action Comedy Fantasy Science Fiction,destroy dystopia reincarnation desert artial arts,en,"Based on the British cult comic-strip, our tank-riding anti-heroine fights a mega-corporation, which controls the world's water supply."
Madea's Family Reunion,Drama Comedy Romance,spanking based on play,en,"Based upon Tyler Perry's acclaimed stage production, Madea's Family Reunion continues the adventures of Southern matriarch Madea. She has just been court ordered to be in charge of Nikki, a rebellious runaway, her nieces, Lisa and Vanessa, are suffering relationship trouble, and through it all, she has to organize her family reunion."
The Masked Saint,Crime Action,pastor based on true story wrestler,en,"The journey of a professional wrestler who becomes a small town pastor and moonlights as a masked vigilante fighting injustice. While facing crises at home and at the church, the Pastor must evade the police and somehow reconcile his violent secret identity with his calling as a pastor."
The Act of Killing,Documentary,corruption war indonesia,id,"In a place where killers are celebrated as heroes, these filmmakers challenge unrepentant death-squad leaders to dramatize their role in genocide. The result is a surreal, cinematic journey, not only into the memories and imaginations of mass murderers, but also into a frighteningly banal regime of corruption and impunity."
High Road,Comedy,,en,"Directed by Matt Walsh, a co-founding member of world-renowned comedy troupe Upright Citizens Brigade, High Road showcases a totally improvised script about Glenn “Fitz” Fitzgerald (James Pumphrey), a young man whose loyalties are split among his band, his girlfriend Monica(Abby Elliottt) and selling drugs. After his band breaks up, Fitz finds himself dealing drugs out of his garage and bonding with 16-year-old neighborhood kid Jimmy (Dylan O’Brien). As his former band mates (Zach Woods, Matt L. Jones, Lizzy Caplan) begin finding success and one of his drug deals goes awry, Fitz hits the road with Jimmy. Amid car chases, guns, broken bones, sassy cabbies and a suspicious doctor (Horatio Sanz), Fitz has to navigate their way to safe harbor--and he doesn’t even know about the surprise Monica has in store for him back home!"
Facing the Giants,Drama,christian sport aftercreditsstinger,en,A losing coach with an underdog football team faces their giants of fear and failure on and off the field to surprising results.
Terminator 3: Rise of the Machines,Action Thriller Science Fiction,saving the world artificial intelligence man vs machine cyborg killer robot,en,"It's been 10 years since John Connor saved Earth from Judgment Day, and he's now living under the radar, steering clear of using anything Skynet can trace. That is, until he encounters T-X, a robotic assassin ordered to finish what T-1000 started. Good thing Connor's former nemesis, the Terminator, is back to aid the now-adult Connor … just like he promised."
Pirates of the Caribbean: On Stranger Tides,Adventure Action Fantasy,sea captain mutiny sword prime minister,en,"Captain Jack Sparrow crosses paths with a woman from his past, and he's not sure if it's love -- or if she's a ruthless con artist who's using him to find the fabled Fountain of Youth. When she forces him aboard the Queen Anne's Revenge, the ship of the formidable pirate Blackbeard, Jack finds himself on an unexpected adventure in which he doesn't know who to fear more: Blackbeard or the woman from his past."
Winnie the Pooh,Animation Family,owl tiger aftercreditsstinger duringcreditsstinger,en,"During an ordinary day in Hundred Acre Wood, Winnie the Pooh sets out to find some honey. Misinterpreting a note from Christopher Robin, Pooh convinces Tigger, Rabbit, Piglet, Owl, Kanga, Roo, and Eeyore that their young friend has been captured by a creature named ""Backson"" and they set out to save him."
There Be Dragons,Drama,spanish civil war priest independent film catholic dying,en,"Arising out of the horror of the Spanish Civil War, a candidate for canonization is investigated by a journalist who discovers his own estranged father had a deep, dark and devastating connection to the saint's life.While researching the life of Josemaria Escriva, the controversial founder of Opus Dei, the young journalist Robert uncovers hidden stories of his estranged father Manolo, and is taken on a journey through the dark, terrible secrets of his family’s past."
Human Traffic,Comedy Drama,sex salesclerk fast food restaurant boredom relationship problems,en,"All that exists now is clubs, drugs, pubs and parties. I've got 48 hours off from the world, man I'm gonna blow steam out of my head like a screaming kettle. I'm gonna talk cods hit to strangers all night. I'm gonna lose the plot on the dance floor, the free radicals inside me are freaking man!  Tonight I'm Jip Travolta, I'm Peter Popper, I'm going to Never Never Land with my chosen family, man. We're going to get more spaced out than Neil Armstrong ever did.  Anything could happen tonight, you know? This could be the best night of my life! I've got 73 quid in my back burner. I'm gonna wax the lot, man.  The milky bars are on me! Yeah!"
The Giver,Drama Science Fiction,dystopia black and white based on young adult novel,en,"In a seemingly perfect community, without war, pain, suffering, differences or choice, a young boy is chosen to learn from an elderly man about the true pain and pleasure of the ""real"" world."
Untraceable,Drama,suicide fbi kidnapping snuff sadism,en,"Special Agent Jennifer Marsh (Diane Lane) works in an elite division of the FBI dedicated to fighting cybercrime. She thinks she has seen it all, until a particularly sadistic criminal arises on the Internet. This tech-savvy killer posts live feeds of his crimes on his website; the more hits the site gets, the faster the victim dies. Marsh and her team must find the elusive killer before time runs out."
The Fourth Kind,Mystery Science Fiction Thriller,brother sister relationship wheelchair hypnosis investigation cover-up,en,"Since the 1960s, a disproportionate number of the population in and around Nome, Alaska, have gone missing. Despite FBI investigations, the disappearances remain a mystery. Dr. Abigail Tyler, a psychologist, may be on the verge of blowing the unsolved cases wide open when, during the course of treating her patients, she finds evidence of alien abductions."
The Thirteenth Floor,Thriller Science Fiction Mystery,artificial intelligence simulation computer program virtual reality dystopia,en,"Computer scientist Hannon Fuller has discovered something extremely important. He's about to tell the discovery to his colleague, Douglas Hall, but knowing someone is after him, the old man leaves a letter in his computer generated parallel world that's just like the 30's with seemingly real people with real emotions."
Conquest of the Planet of the Apes,Action Science Fiction,circus pet human being dystopia insurrection,en,"In a futuristic world that has embraced ape slavery, Caesar, the son of the late simians Cornelius and Zira, surfaces after almost twenty years of hiding out from the authorities, and prepares for a slave revolt against humanity."
Pocahontas,Adventure Animation Drama Family,culture clash settler forbidden love colony musical,en,"History comes gloriously to life in Disney's epic animated tale about love and adventure in the New World. Pocahontas is a Native American woman whose father has arranged for her to marry her village's best warrior. But a vision tells her change is coming, and soon she comes face to face with it in the form of Capt. John Smith."
School of Rock,Comedy Music,rock and roll rock high school music band,en,"Fired from his band and hard up for cash, guitarist and vocalist Dewey Finn finagles his way into a job as a fourth-grade substitute teacher at a private school, where he secretly begins teaching his students the finer points of rock 'n' roll. The school's hard-nosed principal is rightly suspicious of Finn's activities. But Finn's roommate remains in the dark about what he's doing."
The Saint,Thriller Action Romance Science Fiction Adventure,berlin russia gas master thief the saint,en,"Ivan Tretiak, Russian Mafia boss who wants to create an oil crisis in Moscow and seize power as a result sends Simon Templar, great international criminal, to England to get a secret formula for cold fusion from U.S. scientist Emma Russell. Templar falls in love with Emma and they try to outwit Tretiak and his guerrillas, hiding from them in Moscow"
Kiss of Death,Action Crime Drama Thriller,hoodlum,en,"Jimmy Kilmartin is an ex-con living in Astoria in the New York City borough of Queens, trying to stay clean and raising a family with his wife Bev. But when his cousin Ronnie causes him to take a fall for driving an illegal transport of stolen cars, a police officer named Calvin Hart is injured and Jimmy lands back in prison. In exchange for an early release, he is asked to help bring down a local crime boss named Little Junior Brown.  Jimmy remarries and attempts to renew a relationship with his child. But he is sent undercover by Detective Hart to work with Junior and infiltrate his operations. As soon as Little Junior kills an undercover federal agent with Jimmy watching, the unscrupulous district attorney and the feds further complicate his life. He must take down Junior or face the consequences."
The Fifth Estate,Drama Thriller,journalist biography internet information leak activist,en,"A look at the relationship between WikiLeaks founder Julian Assange and his early supporter and eventual colleague Daniel Domscheit-Berg, and how the website's growth and influence led to an irreparable rift between the two friends."
Last I Heard,Drama Comedy,,en,"Released from federal prison after 20 years due to his ailing health, a formerly powerful New York mobster moves back home and attempts to reconnect with former life in this poignant Sopranos-esque character study."
I Got the Hook Up,Action Comedy,,en,"Two broke buddies feel lucky when they come upon a truckload of cellular phones and begin selling them out of the back of their van. Trouble arises though, when the phones develop faults. The two friends then not only have to deal with unsatisfied customers but also the FBI."
The Young Victoria,Drama History Romance,royal family biography royalty period drama queen victoria,en,"From Academy Award® winners Graham King and Martin Scorsese, along with the makers of Gosford Park and The Departed, comes the story of Queen Victoria’s early rise to power. From an object of a royal power-struggle to her romantic courtship and legendary marriage to Prince Albert, Emily Blunt (The Devil Wears Prada) gives a stunning performance as the young Victoria. Packed with drama, romance, breath-taking cinematography, lavish costumes and featuring an outstanding British cast including Jim Broadbent, Harriet Walter, Mark Strong, Paul Bettany, Miranda Richardson, and Rupert Friend, The Young Victoria has captivated British audiences, and is the film that Company magazine called “an epic British film, which will sweep you up in her remarkable story.”"
Teenage Mutant Ninja Turtles,Science Fiction Action Adventure Fantasy Comedy,martial arts terrorist hero mutation van,en,The city needs heroes. Darkness has settled over New York City as Shredder and his evil Foot Clan have an iron grip on everything from the police to the politicians. The future is grim until four unlikely outcast brothers rise from the sewers and discover their destiny as Teenage Mutant Ninja Turtles. The Turtles must work with fearless reporter April and her wise-cracking cameraman Vern Fenwick to save the city and unravel Shredder's diabolical plan.
The Purge: Anarchy,Horror Thriller,bus assault rifle sniper machete dystopia,en,"Three groups of people are trying to survive Purge Night, when their stories intertwine and are left stranded in The Purge trying to survive the chaos and violence that occurs."
The Medallion,Thriller Fantasy Action Comedy,detective medallion leather jacket wretch fighter,en,A Hong Kong detective suffers a fatal accident involving a mysterious medallion and is transformed into an immortal warrior with superhuman powers.
They Will Have to Kill Us First,Music Documentary,woman director,fr,"In 2012, jihadists took control of northern Mali. They imposed one of the strictest interpretations of sharia law in history. On August 12th they banned music - radio stations destroyed, instruments burned and musicians facing torture, even death. Overnight, Mali’s most revered members of society – the musicians – were forced into hiding or exile. This film follows Mali’s musicians as they fight to keep music alive in their country. We witness fierce battles between the army and the jihadists, capture life over borders at refugee camps where money and hope are scarce, follow perilous journeys home to war ravaged cities, and for one band, Songhoy Blues, their path to international stardom."
Good Luck Chuck,Comedy Drama Romance,sex aquarium nudity one-night stand bride,en,"Cursed since childhood, dentist Charlie Kagan cannot find the right woman. Even worse, he learns that each of his ex-girlfriends finds true love with the man she meets after her relationship with him ends. Hearing of Charlie's reputation as a good-luck charm, women from all over line up for a quick tryst. But when Charlie meets the woman of his dreams, he must find a way to break the curse or risk losing her to the next man she meets."
Mad Hot Ballroom,Documentary Family,competition documentary dance contest ballroom dancing kids,en,"Eleven-year-old New York City public school kids journey into the world of ballroom dancing and reveal pieces of themselves and their world along the way. Told from their candid, sometimes hilarious perspectives, these kids are transformed, from reluctant participants to determined competitors, from typical urban kids to ""ladies and gentlemen,"" on their way to try to compete in the final citywide."
The Andromeda Strain,Science Fiction Thriller,nasa new mexico biological weapon epilepsy secret lab,en,"When virtually all of the residents of Piedmont, New Mexico, are found dead after the return to Earth of a space satellite, the head of the US Air Force's Project Scoop declares an emergency. A group of eminent scientists led by Dr. Jeremy Stone scramble to a secure laboratory and try to first isolate the life form while determining why two people from Piedmont - an old alcoholic and a six-month-old baby - survived. The scientists methodically study the alien life form unaware that it has already mutated and presents a far greater danger in the lab, which is equipped with a nuclear self-destruct device designed to prevent the escape of dangerous biological agents.."
Men of War,Action Thriller,asia island mercenary independent film jungle,en,"Nick Gunar is a burnt-out, jaded and hard-up former mercenary who is having a difficult time adjusting to civilian life. At the end of his rope, he is hired by the Nitro Mine Corporation to strong-arm the natives of a South China Sea island into giving up their rights to its valuable mineral resources. Nick loathes the thought of another mission, but this seemingly easy job will earn him enough money to get back with his estranged family. He recruits some of his former mercenary buddies to help him with the job. The island people refuse to give up their land and Nick decides to help them fight the greedy corporation that hired him. As greed and treachery begin to unravel, Nick's band of mercenaries choose sides."
Up Close & Personal,Drama Romance,miami television career vitamin b reporter,en,"Tally Atwater has a dream: to be a prime-time network newscaster. She pursues this dream with nothing but ambition, raw talent and a homemade demo tape. Warren Justice is a brilliant, hard edged, veteran newsman. He sees Tally has talent and becomes her mentor. Tally’s career takes a meteoric rise and she and Warren fall in love. The romance that results is as intense and revealing as television news itself. Yet, each breaking story, every videotaped crisis that brings them together, also threatens to drive them apart..."
22 Jump Street,Crime Comedy Action,high school undercover cop buddy comedy aftercreditsstinger duringcreditsstinger,en,"After making their way through high school (twice), big changes are in store for officers Schmidt and Jenko when they go deep undercover at a local college. But when Jenko meets a kindred spirit on the football team, and Schmidt infiltrates the bohemian art major scene, they begin to question their partnership. Now they don't have to just crack the case - they have to figure out if they can have a mature relationship. If these two overgrown adolescents can grow from freshmen into real men, college might be the best thing that ever happened to them."
Treading Water,Drama Comedy,fish boy parenting first love troubled childhood,en,"At first glance, Mica seems a perfectly normal boy. But first glances can often be deceiving... For one, Mica's house is now a museum honouring Guillermo Garibai, the legendary Mexican crooner. Mica spends most of his time there, giving guided tours to aging Garibai fans. But stranger still, Mica smells. He smells like fish. Numerous doctors, his life-long therapist and even his own parents are at a loss. No one wants to be Mica's friend. Girls won't talk to him. His life appears pointless, uneventful, doomed. That is, until Laura walks into it."
Hot Pursuit,Action Comedy Crime,texas prisoner cop drug cartel on the run,en,An uptight by-the-book cop must protect the widow of a drug boss from crooked cops and gunmen.
Mutant World,Science Fiction,winter mutant post-apocalyptic dystopia meteor,en,"A decade after a disastrous meteor impact wipes out most of society, a group of survivalists emerge to find themselves on a twisted version of the old Earth, with a nascent society besieged by vicious marauders, ferocious mutants, and the dreadful symptoms of a post-apocalyptic environment."
The Exploding Girl,Drama Romance,independent film,en,"On a summer break from college, Ivy, a young epileptic woman, struggles to balance her feelings for her fledgling boyfriend while her friend Al crashes with her for the season."
My Name Is Bruce,Comedy Horror,parody parallel world,en,B Movie Legend Bruce Campbell is mistaken for his character Ash from the Evil Dead trilogy and forced to fight a real monster in a small town in Oregon.
What Just Happened,Comedy Drama,film producer midlife crisis independent film divorce,en,"During the course of an ordinary week in Hollywood, movie producer Ben (Robert De Niro) must navigate his way through shark-infested waters as he struggles to complete his latest projects. A demanding studio boss (Catherine Keener) demands extensive changes to a movie starring Sean Penn, while another chief won't greenlight a project unless star Bruce Willis shaves his beard. Meanwhile, Ben tries to reconcile with his wife and maintain a relationship with his young daughter."
The Brain That Wouldn't Die,Horror Science Fiction,transplantation experiment mutant brain fianc\u00e9,en,"Dr. Bill Cortner (Jason Evers) and his fiancée, Jan Compton (Virginia Leith), are driving to his lab when they get into a horrible car accident. Compton is decapitated. But Cortner is not fazed by this seemingly insurmountable hurdle. His expertise is in transplants, and he is excited to perform the first head transplant. Keeping Compton's head alive in his lab, Cortner plans the groundbreaking yet unorthodox surgery. First, however, he needs a body."
Armageddon,Action Thriller Science Fiction Adventure,saving the world paris moon cataclysm asteroid,en,"When an asteroid threatens to collide with Earth, NASA honcho Dan Truman determines the only way to stop it is to drill into its surface and detonate a nuclear bomb. This leads him to renowned driller Harry Stamper, who agrees to helm the dangerous space mission provided he can bring along his own hotshot crew. Among them is the cocksure A.J. who Harry thinks isn't good enough for his daughter, until the mission proves otherwise."
Dracula Untold,Horror Action Drama Fantasy War,vampire dracula bite battle 15th century,en,"Vlad Tepes is a great hero, but when he learns the Sultan is preparing for battle and needs to form an army of 1,000 boys, including Vlad's son, he vows to find a way to protect his family. Vlad turns to dark forces in order to get the power to destroy his enemies and agrees to go from hero to monster as he's turned into the mythological vampire Dracula."
2001: A Space Odyssey,Science Fiction Mystery Adventure,moon jupiter artificial intelligence man vs machine technology,en,"Humanity finds a mysterious object buried beneath the lunar surface and sets off to find its origins with the help of HAL 9000, the world's most advanced super computer."
Step Up 2: The Streets,Music Drama Romance,underdog competition street gang hip-hop breakdance,en,"When rebellious street dancer Andie lands at the elite Maryland School of the Arts, she finds herself fighting to fit in while also trying to hold onto her old life. When she joins forces with the schools hottest dancer, Chase, to form a crew of classmate outcasts to compete in Baltimore s underground dance battle The Streets."
Courageous,Drama,father faith,en,"As law enforcement officers, Adam Mitchell, Nathan Hayes, and their partners are confident and focused. They willingly stand up to the worst the streets have to offer. Yet at the end of the day, they face a challenge that none of them are truly prepared to tackle: fatherhood. They know that God desires to turn the hearts of fathers to their children, but their children are beginning to drift further and further away from them. When tragedy hits home, these men are left wrestling with their hopes, their fears, their faith, and their fathering. Can a new found urgency help these dads draw closer to God ... and to their children? COURAGEOUS is the fourth release of Sherwood Pictures, the movie making ministry of Sherwood Church in Albany, Georgia."
A LEGO Brickumentary,Documentary,pop culture fan culture documentary toys,en,A look at the global culture and appeal of the LEGO building-block toys.
Skyline,Science Fiction,missile light transformation low-budget alien,en,"When strange lights descend on the city of Los Angeles, people are drawn outside like moths to a flame where an extraterrestrial force threatens to swallow the entire human population off the face of the Earth. Now the band of survivors must fight for their lives as the world unravels around them."
Winged Migration,Documentary,ocean lake bird horse parrot,fr,"The cameras of Jacques Perrin fly with migratory birds: geese, storks, cranes. The film begins with spring in North America and the migration to the Arctic; the flight is a community event for each species. Once in the Arctic, it's family time: courtship, nests, eggs, fledglings, and first flight. Chicks must soon fly south. Bad weather, hunters, and pollution take their toll. Then, the cameras go"
Midnight Cabaret,Horror,,en,"A Broadway producer puts on a play with a Devil character in it. Soon the actors begin having nightmares, and events that are mentioned in the play really start happening."
The Love Letter,Comedy Drama Fantasy Romance,,en,20th century computer games designer Scott exchanges love letters with 19th century poet Elizabeth Whitcomb through an antique desk that can make letters travel through time.
Friday the 13th Part VIII: Jason Takes Manhattan,Horror Thriller,new york boat mask psychopath high school,en,"The Big Apple's in big trouble, as indestructible psycho-fiend Jason Vorhees hits the road to New York City. After a shocking return from beyond the grave, the diabolical Jason ships out abroad a teen-filled ""love boat"" bound for New York, which he soon transforms into the ultimate voyage of the damned. Then one of his terrified victims escapes into the nightmarish maze of Manhattan's subways and sewers, only to confront Jason one final time."
Dr. Dolittle 2,Comedy Family Romance Fantasy,veterinarian forest bear animal animal protection,en,"Dr. John Dolittle the beloved doctor is back, but this time around he plays cupid to bumbling circus bear Archie as he's so smitten by a Pacific Western bear female, Ava. Dr. Dolittle must help a group of forest creatures to save their forest. But with the aid of his mangy, madcap animal friends, Dr. Dolittle must teach Archie the ways of true romance in time to save his species and his home before their habit is gone. So John held a meeting for every animal in the forest to not give up without a fight no matter what kind of animal expression they have and everyone agrees to do it and save their home."
Butterfly,Crime Drama,nudity seduction,en,"Orson Welles, as judge Rauch, holds a lengthy trial against Jess Tyler, a caretaker deserted by his wife ten years before, who's accused of improper relations with his daughter Kady. Complications follows when Wash, father of Kady's baby, comes back to take her away."
Step Up,Music Drama Romance Crime,dancing new love dance baltimore art school,en,"Everyone deserves a chance to follow their dreams, but some people only get one shot. Tyler Gage is a rebel from the wrong side of Baltimore's tracks and the only thing that stands between him and an unfulfilled life are his dreams of one day making it out of there. Nora is a privileged ballet dancer attending Baltimore's ultra-elite Maryland School of the Arts"
Creature,Horror Science Fiction Thriller,,en,"An amphibious shark-like monster terrorizes an abandoned secret military base and the people who live on the island it is located on. A marine biologist, as well as several other people, try to stop it before it is too late..."
