class,id_1,id_2
0,altosight.com//0,altosight.com//11024
0,altosight.com//0,altosight.com//11026
0,altosight.com//0,altosight.com//240
0,altosight.com//0,altosight.com//2534
0,altosight.com//0,altosight.com//3076
0,altosight.com//0,altosight.com//4054
0,altosight.com//0,altosight.com//5257
0,altosight.com//0,altosight.com//6380
0,altosight.com//0,altosight.com//760
0,altosight.com//0,altosight.com//94
0,altosight.com//0,altosight.com//95
0,altosight.com//11024,altosight.com//11026
0,altosight.com//11024,altosight.com//240
0,altosight.com//11024,altosight.com//2534
0,altosight.com//11024,altosight.com//3076
0,altosight.com//11024,altosight.com//4054
0,altosight.com//11024,altosight.com//5257
0,altosight.com//11024,altosight.com//6380
0,altosight.com//11024,altosight.com//760
0,altosight.com//11024,altosight.com//94
0,altosight.com//11024,altosight.com//95
0,altosight.com//11026,altosight.com//240
0,altosight.com//11026,altosight.com//2534
0,altosight.com//11026,altosight.com//3076
0,altosight.com//11026,altosight.com//4054
0,altosight.com//11026,altosight.com//5257
0,altosight.com//11026,altosight.com//6380
0,altosight.com//11026,altosight.com//760
0,altosight.com//11026,altosight.com//94
0,altosight.com//11026,altosight.com//95
0,altosight.com//240,altosight.com//2534
0,altosight.com//240,altosight.com//3076
0,altosight.com//240,altosight.com//4054
0,altosight.com//240,altosight.com//5257
0,altosight.com//240,altosight.com//6380
0,altosight.com//240,altosight.com//760
0,altosight.com//240,altosight.com//94
0,altosight.com//240,altosight.com//95
0,altosight.com//2534,altosight.com//3076
0,altosight.com//2534,altosight.com//4054
0,altosight.com//2534,altosight.com//5257
0,altosight.com//2534,altosight.com//6380
0,altosight.com//2534,altosight.com//760
0,altosight.com//2534,altosight.com//94
0,altosight.com//2534,altosight.com//95
0,altosight.com//3076,altosight.com//4054
0,altosight.com//3076,altosight.com//5257
0,altosight.com//3076,altosight.com//6380
0,altosight.com//3076,altosight.com//760
0,altosight.com//3076,altosight.com//94
0,altosight.com//3076,altosight.com//95
0,altosight.com//4054,altosight.com//5257
0,altosight.com//4054,altosight.com//6380
0,altosight.com//4054,altosight.com//760
0,altosight.com//4054,altosight.com//94
0,altosight.com//4054,altosight.com//95
0,altosight.com//5257,altosight.com//6380
0,altosight.com//5257,altosight.com//760
0,altosight.com//5257,altosight.com//94
0,altosight.com//5257,altosight.com//95
0,altosight.com//6380,altosight.com//760
0,altosight.com//6380,altosight.com//94
0,altosight.com//6380,altosight.com//95
0,altosight.com//760,altosight.com//94
0,altosight.com//760,altosight.com//95
0,altosight.com//94,altosight.com//95
1,altosight.com//10033,altosight.com//3223
1,altosight.com//10033,altosight.com//8843
1,altosight.com//3223,altosight.com//8843
2,altosight.com//10040,altosight.com//11107
2,altosight.com//10040,altosight.com//12300
2,altosight.com//10040,altosight.com//162
2,altosight.com//10040,altosight.com//1653
2,altosight.com//10040,altosight.com//1839
2,altosight.com//10040,altosight.com//244
2,altosight.com//10040,altosight.com//2508
2,altosight.com//10040,altosight.com//3370
2,altosight.com//10040,altosight.com//3729
2,altosight.com//10040,altosight.com//404
2,altosight.com//10040,altosight.com//7599
2,altosight.com//10040,altosight.com//792
2,altosight.com//10040,altosight.com//8447
2,altosight.com//10040,altosight.com//8573
2,altosight.com//11107,altosight.com//12300
2,altosight.com//11107,altosight.com//162
2,altosight.com//11107,altosight.com//1653
2,altosight.com//11107,altosight.com//1839
2,altosight.com//11107,altosight.com//244
2,altosight.com//11107,altosight.com//2508
2,altosight.com//11107,altosight.com//3370
2,altosight.com//11107,altosight.com//3729
2,altosight.com//11107,altosight.com//404
2,altosight.com//11107,altosight.com//7599
2,altosight.com//11107,altosight.com//792
2,altosight.com//11107,altosight.com//8447
2,altosight.com//11107,altosight.com//8573
2,altosight.com//12300,altosight.com//162
2,altosight.com//12300,altosight.com//1653
2,altosight.com//12300,altosight.com//1839
2,altosight.com//12300,altosight.com//244
2,altosight.com//12300,altosight.com//2508
2,altosight.com//12300,altosight.com//3370
2,altosight.com//12300,altosight.com//3729
2,altosight.com//12300,altosight.com//404
2,altosight.com//12300,altosight.com//7599
2,altosight.com//12300,altosight.com//792
2,altosight.com//12300,altosight.com//8447
2,altosight.com//12300,altosight.com//8573
2,altosight.com//162,altosight.com//1653
2,altosight.com//162,altosight.com//1839
2,altosight.com//162,altosight.com//244
2,altosight.com//162,altosight.com//2508
2,altosight.com//162,altosight.com//3370
2,altosight.com//162,altosight.com//3729
2,altosight.com//162,altosight.com//404
2,altosight.com//162,altosight.com//7599
2,altosight.com//162,altosight.com//792
2,altosight.com//162,altosight.com//8447
2,altosight.com//162,altosight.com//8573
2,altosight.com//1653,altosight.com//1839
2,altosight.com//1653,altosight.com//244
2,altosight.com//1653,altosight.com//2508
2,altosight.com//1653,altosight.com//3370
2,altosight.com//1653,altosight.com//3729
2,altosight.com//1653,altosight.com//404
2,altosight.com//1653,altosight.com//7599
2,altosight.com//1653,altosight.com//792
2,altosight.com//1653,altosight.com//8447
2,altosight.com//1653,altosight.com//8573
2,altosight.com//1839,altosight.com//244
2,altosight.com//1839,altosight.com//2508
2,altosight.com//1839,altosight.com//3370
2,altosight.com//1839,altosight.com//3729
2,altosight.com//1839,altosight.com//404
2,altosight.com//1839,altosight.com//7599
2,altosight.com//1839,altosight.com//792
2,altosight.com//1839,altosight.com//8447
2,altosight.com//1839,altosight.com//8573
2,altosight.com//244,altosight.com//2508
2,altosight.com//244,altosight.com//3370
2,altosight.com//244,altosight.com//3729
2,altosight.com//244,altosight.com//404
2,altosight.com//244,altosight.com//7599
2,altosight.com//244,altosight.com//792
2,altosight.com//244,altosight.com//8447
2,altosight.com//244,altosight.com//8573
2,altosight.com//2508,altosight.com//3370
2,altosight.com//2508,altosight.com//3729
2,altosight.com//2508,altosight.com//404
2,altosight.com//2508,altosight.com//7599
2,altosight.com//2508,altosight.com//792
2,altosight.com//2508,altosight.com//8447
2,altosight.com//2508,altosight.com//8573
2,altosight.com//3370,altosight.com//3729
2,altosight.com//3370,altosight.com//404
2,altosight.com//3370,altosight.com//7599
2,altosight.com//3370,altosight.com//792
2,altosight.com//3370,altosight.com//8447
2,altosight.com//3370,altosight.com//8573
2,altosight.com//3729,altosight.com//404
2,altosight.com//3729,altosight.com//7599
2,altosight.com//3729,altosight.com//792
2,altosight.com//3729,altosight.com//8447
2,altosight.com//3729,altosight.com//8573
2,altosight.com//404,altosight.com//7599
2,altosight.com//404,altosight.com//792
2,altosight.com//404,altosight.com//8447
2,altosight.com//404,altosight.com//8573
2,altosight.com//7599,altosight.com//792
2,altosight.com//7599,altosight.com//8447
2,altosight.com//7599,altosight.com//8573
2,altosight.com//792,altosight.com//8447
2,altosight.com//792,altosight.com//8573
2,altosight.com//8447,altosight.com//8573
3,altosight.com//10079,altosight.com//1178
3,altosight.com//10079,altosight.com//12099
3,altosight.com//10079,altosight.com//12100
3,altosight.com//10079,altosight.com//13370
3,altosight.com//10079,altosight.com//13399
3,altosight.com//10079,altosight.com//13626
3,altosight.com//10079,altosight.com//13932
3,altosight.com//10079,altosight.com//1437
3,altosight.com//10079,altosight.com//2716
3,altosight.com//10079,altosight.com//2835
3,altosight.com//10079,altosight.com//3411
3,altosight.com//10079,altosight.com//4565
3,altosight.com//10079,altosight.com//9520
3,altosight.com//10079,altosight.com//9628
3,altosight.com//1178,altosight.com//12099
3,altosight.com//1178,altosight.com//12100
3,altosight.com//1178,altosight.com//13370
3,altosight.com//1178,altosight.com//13399
3,altosight.com//1178,altosight.com//13626
3,altosight.com//1178,altosight.com//13932
3,altosight.com//1178,altosight.com//1437
3,altosight.com//1178,altosight.com//2716
3,altosight.com//1178,altosight.com//2835
3,altosight.com//1178,altosight.com//3411
3,altosight.com//1178,altosight.com//4565
3,altosight.com//1178,altosight.com//9520
3,altosight.com//1178,altosight.com//9628
3,altosight.com//12099,altosight.com//12100
3,altosight.com//12099,altosight.com//13370
3,altosight.com//12099,altosight.com//13399
3,altosight.com//12099,altosight.com//13626
3,altosight.com//12099,altosight.com//13932
3,altosight.com//12099,altosight.com//1437
3,altosight.com//12099,altosight.com//2716
3,altosight.com//12099,altosight.com//2835
3,altosight.com//12099,altosight.com//3411
3,altosight.com//12099,altosight.com//4565
3,altosight.com//12099,altosight.com//9520
3,altosight.com//12099,altosight.com//9628
3,altosight.com//12100,altosight.com//13370
3,altosight.com//12100,altosight.com//13399
3,altosight.com//12100,altosight.com//13626
3,altosight.com//12100,altosight.com//13932
3,altosight.com//12100,altosight.com//1437
3,altosight.com//12100,altosight.com//2716
3,altosight.com//12100,altosight.com//2835
3,altosight.com//12100,altosight.com//3411
3,altosight.com//12100,altosight.com//4565
3,altosight.com//12100,altosight.com//9520
3,altosight.com//12100,altosight.com//9628
3,altosight.com//13370,altosight.com//13399
3,altosight.com//13370,altosight.com//13626
3,altosight.com//13370,altosight.com//13932
3,altosight.com//13370,altosight.com//1437
3,altosight.com//13370,altosight.com//2716
3,altosight.com//13370,altosight.com//2835
3,altosight.com//13370,altosight.com//3411
3,altosight.com//13370,altosight.com//4565
3,altosight.com//13370,altosight.com//9520
3,altosight.com//13370,altosight.com//9628
3,altosight.com//13399,altosight.com//13626
3,altosight.com//13399,altosight.com//13932
3,altosight.com//13399,altosight.com//1437
3,altosight.com//13399,altosight.com//2716
3,altosight.com//13399,altosight.com//2835
3,altosight.com//13399,altosight.com//3411
3,altosight.com//13399,altosight.com//4565
3,altosight.com//13399,altosight.com//9520
3,altosight.com//13399,altosight.com//9628
3,altosight.com//13626,altosight.com//13932
3,altosight.com//13626,altosight.com//1437
3,altosight.com//13626,altosight.com//2716
3,altosight.com//13626,altosight.com//2835
3,altosight.com//13626,altosight.com//3411
3,altosight.com//13626,altosight.com//4565
3,altosight.com//13626,altosight.com//9520
3,altosight.com//13626,altosight.com//9628
3,altosight.com//13932,altosight.com//1437
3,altosight.com//13932,altosight.com//2716
3,altosight.com//13932,altosight.com//2835
3,altosight.com//13932,altosight.com//3411
3,altosight.com//13932,altosight.com//4565
3,altosight.com//13932,altosight.com//9520
3,altosight.com//13932,altosight.com//9628
3,altosight.com//1437,altosight.com//2716
3,altosight.com//1437,altosight.com//2835
3,altosight.com//1437,altosight.com//3411
3,altosight.com//1437,altosight.com//4565
3,altosight.com//1437,altosight.com//9520
3,altosight.com//1437,altosight.com//9628
3,altosight.com//2716,altosight.com//2835
3,altosight.com//2716,altosight.com//3411
3,altosight.com//2716,altosight.com//4565
3,altosight.com//2716,altosight.com//9520
3,altosight.com//2716,altosight.com//9628
3,altosight.com//2835,altosight.com//3411
3,altosight.com//2835,altosight.com//4565
3,altosight.com//2835,altosight.com//9520
3,altosight.com//2835,altosight.com//9628
3,altosight.com//3411,altosight.com//4565
3,altosight.com//3411,altosight.com//9520
3,altosight.com//3411,altosight.com//9628
3,altosight.com//4565,altosight.com//9520
3,altosight.com//4565,altosight.com//9628
3,altosight.com//9520,altosight.com//9628
4,altosight.com//10085,altosight.com//13611
4,altosight.com//10085,altosight.com//365
4,altosight.com//10085,altosight.com//7300
4,altosight.com//10085,altosight.com//7689
4,altosight.com//13611,altosight.com//365
4,altosight.com//13611,altosight.com//7300
4,altosight.com//13611,altosight.com//7689
4,altosight.com//365,altosight.com//7300
4,altosight.com//365,altosight.com//7689
4,altosight.com//7300,altosight.com//7689
5,altosight.com//10102,altosight.com//10103
5,altosight.com//10102,altosight.com//1345
5,altosight.com//10102,altosight.com//4021
5,altosight.com//10102,altosight.com//4696
5,altosight.com//10102,altosight.com//5801
5,altosight.com//10102,altosight.com//6302
5,altosight.com//10102,altosight.com//9539
5,altosight.com//10103,altosight.com//1345
5,altosight.com//10103,altosight.com//4021
5,altosight.com//10103,altosight.com//4696
5,altosight.com//10103,altosight.com//5801
5,altosight.com//10103,altosight.com//6302
5,altosight.com//10103,altosight.com//9539
5,altosight.com//1345,altosight.com//4021
5,altosight.com//1345,altosight.com//4696
5,altosight.com//1345,altosight.com//5801
5,altosight.com//1345,altosight.com//6302
5,altosight.com//1345,altosight.com//9539
5,altosight.com//4021,altosight.com//4696
5,altosight.com//4021,altosight.com//5801
5,altosight.com//4021,altosight.com//6302
5,altosight.com//4021,altosight.com//9539
5,altosight.com//4696,altosight.com//5801
5,altosight.com//4696,altosight.com//6302
5,altosight.com//4696,altosight.com//9539
5,altosight.com//5801,altosight.com//6302
5,altosight.com//5801,altosight.com//9539
5,altosight.com//6302,altosight.com//9539
6,altosight.com//10106,altosight.com//6305
7,altosight.com//10107,altosight.com//1343
7,altosight.com//10107,altosight.com//3769
7,altosight.com//10107,altosight.com//4698
7,altosight.com//10107,altosight.com//5183
7,altosight.com//1343,altosight.com//3769
7,altosight.com//1343,altosight.com//4698
7,altosight.com//1343,altosight.com//5183
7,altosight.com//3769,altosight.com//4698
7,altosight.com//3769,altosight.com//5183
7,altosight.com//4698,altosight.com//5183
8,altosight.com//10110,altosight.com//1187
8,altosight.com//10110,altosight.com//1342
8,altosight.com//10110,altosight.com//3448
8,altosight.com//10110,altosight.com//4010
8,altosight.com//10110,altosight.com//4537
8,altosight.com//10110,altosight.com//4740
8,altosight.com//10110,altosight.com//5665
8,altosight.com//10110,altosight.com//6304
8,altosight.com//10110,altosight.com//6353
8,altosight.com//10110,altosight.com//9537
8,altosight.com//1187,altosight.com//1342
8,altosight.com//1187,altosight.com//3448
8,altosight.com//1187,altosight.com//4010
8,altosight.com//1187,altosight.com//4537
8,altosight.com//1187,altosight.com//4740
8,altosight.com//1187,altosight.com//5665
8,altosight.com//1187,altosight.com//6304
8,altosight.com//1187,altosight.com//6353
8,altosight.com//1187,altosight.com//9537
8,altosight.com//1342,altosight.com//3448
8,altosight.com//1342,altosight.com//4010
8,altosight.com//1342,altosight.com//4537
8,altosight.com//1342,altosight.com//4740
8,altosight.com//1342,altosight.com//5665
8,altosight.com//1342,altosight.com//6304
8,altosight.com//1342,altosight.com//6353
8,altosight.com//1342,altosight.com//9537
8,altosight.com//3448,altosight.com//4010
8,altosight.com//3448,altosight.com//4537
8,altosight.com//3448,altosight.com//4740
8,altosight.com//3448,altosight.com//5665
8,altosight.com//3448,altosight.com//6304
8,altosight.com//3448,altosight.com//6353
8,altosight.com//3448,altosight.com//9537
8,altosight.com//4010,altosight.com//4537
8,altosight.com//4010,altosight.com//4740
8,altosight.com//4010,altosight.com//5665
8,altosight.com//4010,altosight.com//6304
8,altosight.com//4010,altosight.com//6353
8,altosight.com//4010,altosight.com//9537
8,altosight.com//4537,altosight.com//4740
8,altosight.com//4537,altosight.com//5665
8,altosight.com//4537,altosight.com//6304
8,altosight.com//4537,altosight.com//6353
8,altosight.com//4537,altosight.com//9537
8,altosight.com//4740,altosight.com//5665
8,altosight.com//4740,altosight.com//6304
8,altosight.com//4740,altosight.com//6353
8,altosight.com//4740,altosight.com//9537
8,altosight.com//5665,altosight.com//6304
8,altosight.com//5665,altosight.com//6353
8,altosight.com//5665,altosight.com//9537
8,altosight.com//6304,altosight.com//6353
8,altosight.com//6304,altosight.com//9537
8,altosight.com//6353,altosight.com//9537
9,altosight.com//10113,altosight.com//11660
9,altosight.com//10113,altosight.com//12461
9,altosight.com//10113,altosight.com//13435
9,altosight.com//10113,altosight.com//1352
9,altosight.com//10113,altosight.com//4007
9,altosight.com//10113,altosight.com//4526
9,altosight.com//10113,altosight.com//4665
9,altosight.com//10113,altosight.com//4737
9,altosight.com//10113,altosight.com//5148
9,altosight.com//10113,altosight.com//5224
9,altosight.com//10113,altosight.com//6266
9,altosight.com//10113,altosight.com//6349
9,altosight.com//10113,altosight.com//9531
9,altosight.com//10113,altosight.com//9544
9,altosight.com//11660,altosight.com//12461
9,altosight.com//11660,altosight.com//13435
9,altosight.com//11660,altosight.com//1352
9,altosight.com//11660,altosight.com//4007
9,altosight.com//11660,altosight.com//4526
9,altosight.com//11660,altosight.com//4665
9,altosight.com//11660,altosight.com//4737
9,altosight.com//11660,altosight.com//5148
9,altosight.com//11660,altosight.com//5224
9,altosight.com//11660,altosight.com//6266
9,altosight.com//11660,altosight.com//6349
9,altosight.com//11660,altosight.com//9531
9,altosight.com//11660,altosight.com//9544
9,altosight.com//12461,altosight.com//13435
9,altosight.com//12461,altosight.com//1352
9,altosight.com//12461,altosight.com//4007
9,altosight.com//12461,altosight.com//4526
9,altosight.com//12461,altosight.com//4665
9,altosight.com//12461,altosight.com//4737
9,altosight.com//12461,altosight.com//5148
9,altosight.com//12461,altosight.com//5224
9,altosight.com//12461,altosight.com//6266
9,altosight.com//12461,altosight.com//6349
9,altosight.com//12461,altosight.com//9531
9,altosight.com//12461,altosight.com//9544
9,altosight.com//13435,altosight.com//1352
9,altosight.com//13435,altosight.com//4007
9,altosight.com//13435,altosight.com//4526
9,altosight.com//13435,altosight.com//4665
9,altosight.com//13435,altosight.com//4737
9,altosight.com//13435,altosight.com//5148
9,altosight.com//13435,altosight.com//5224
9,altosight.com//13435,altosight.com//6266
9,altosight.com//13435,altosight.com//6349
9,altosight.com//13435,altosight.com//9531
9,altosight.com//13435,altosight.com//9544
9,altosight.com//1352,altosight.com//4007
9,altosight.com//1352,altosight.com//4526
9,altosight.com//1352,altosight.com//4665
9,altosight.com//1352,altosight.com//4737
9,altosight.com//1352,altosight.com//5148
9,altosight.com//1352,altosight.com//5224
9,altosight.com//1352,altosight.com//6266
9,altosight.com//1352,altosight.com//6349
9,altosight.com//1352,altosight.com//9531
9,altosight.com//1352,altosight.com//9544
9,altosight.com//4007,altosight.com//4526
9,altosight.com//4007,altosight.com//4665
9,altosight.com//4007,altosight.com//4737
9,altosight.com//4007,altosight.com//5148
9,altosight.com//4007,altosight.com//5224
9,altosight.com//4007,altosight.com//6266
9,altosight.com//4007,altosight.com//6349
9,altosight.com//4007,altosight.com//9531
9,altosight.com//4007,altosight.com//9544
9,altosight.com//4526,altosight.com//4665
9,altosight.com//4526,altosight.com//4737
9,altosight.com//4526,altosight.com//5148
9,altosight.com//4526,altosight.com//5224
9,altosight.com//4526,altosight.com//6266
9,altosight.com//4526,altosight.com//6349
9,altosight.com//4526,altosight.com//9531
9,altosight.com//4526,altosight.com//9544
9,altosight.com//4665,altosight.com//4737
9,altosight.com//4665,altosight.com//5148
9,altosight.com//4665,altosight.com//5224
9,altosight.com//4665,altosight.com//6266
9,altosight.com//4665,altosight.com//6349
9,altosight.com//4665,altosight.com//9531
9,altosight.com//4665,altosight.com//9544
9,altosight.com//4737,altosight.com//5148
9,altosight.com//4737,altosight.com//5224
9,altosight.com//4737,altosight.com//6266
9,altosight.com//4737,altosight.com//6349
9,altosight.com//4737,altosight.com//9531
9,altosight.com//4737,altosight.com//9544
9,altosight.com//5148,altosight.com//5224
9,altosight.com//5148,altosight.com//6266
9,altosight.com//5148,altosight.com//6349
9,altosight.com//5148,altosight.com//9531
9,altosight.com//5148,altosight.com//9544
9,altosight.com//5224,altosight.com//6266
9,altosight.com//5224,altosight.com//6349
9,altosight.com//5224,altosight.com//9531
9,altosight.com//5224,altosight.com//9544
9,altosight.com//6266,altosight.com//6349
9,altosight.com//6266,altosight.com//9531
9,altosight.com//6266,altosight.com//9544
9,altosight.com//6349,altosight.com//9531
9,altosight.com//6349,altosight.com//9544
9,altosight.com//9531,altosight.com//9544
10,altosight.com//10115,altosight.com//13551
10,altosight.com//10115,altosight.com//1389
10,altosight.com//10115,altosight.com//1780
10,altosight.com//10115,altosight.com//3797
10,altosight.com//10115,altosight.com//4120
10,altosight.com//10115,altosight.com//4824
10,altosight.com//10115,altosight.com//5312
10,altosight.com//10115,altosight.com//6599
10,altosight.com//13551,altosight.com//1389
10,altosight.com//13551,altosight.com//1780
10,altosight.com//13551,altosight.com//3797
10,altosight.com//13551,altosight.com//4120
10,altosight.com//13551,altosight.com//4824
10,altosight.com//13551,altosight.com//5312
10,altosight.com//13551,altosight.com//6599
10,altosight.com//1389,altosight.com//1780
10,altosight.com//1389,altosight.com//3797
10,altosight.com//1389,altosight.com//4120
10,altosight.com//1389,altosight.com//4824
10,altosight.com//1389,altosight.com//5312
10,altosight.com//1389,altosight.com//6599
10,altosight.com//1780,altosight.com//3797
10,altosight.com//1780,altosight.com//4120
10,altosight.com//1780,altosight.com//4824
10,altosight.com//1780,altosight.com//5312
10,altosight.com//1780,altosight.com//6599
10,altosight.com//3797,altosight.com//4120
10,altosight.com//3797,altosight.com//4824
10,altosight.com//3797,altosight.com//5312
10,altosight.com//3797,altosight.com//6599
10,altosight.com//4120,altosight.com//4824
10,altosight.com//4120,altosight.com//5312
10,altosight.com//4120,altosight.com//6599
10,altosight.com//4824,altosight.com//5312
10,altosight.com//4824,altosight.com//6599
10,altosight.com//5312,altosight.com//6599
11,altosight.com//10138,altosight.com//13375
12,altosight.com//10247,altosight.com//1858
12,altosight.com//10247,altosight.com//2775
12,altosight.com//10247,altosight.com//2889
12,altosight.com//10247,altosight.com//3758
12,altosight.com//10247,altosight.com//389
12,altosight.com//10247,altosight.com//3995
12,altosight.com//10247,altosight.com//4730
12,altosight.com//10247,altosight.com//5216
12,altosight.com//10247,altosight.com//5562
12,altosight.com//10247,altosight.com//6336
12,altosight.com//10247,altosight.com//7717
12,altosight.com//10247,altosight.com//8050
12,altosight.com//10247,altosight.com//9922
12,altosight.com//1858,altosight.com//2775
12,altosight.com//1858,altosight.com//2889
12,altosight.com//1858,altosight.com//3758
12,altosight.com//1858,altosight.com//389
12,altosight.com//1858,altosight.com//3995
12,altosight.com//1858,altosight.com//4730
12,altosight.com//1858,altosight.com//5216
12,altosight.com//1858,altosight.com//5562
12,altosight.com//1858,altosight.com//6336
12,altosight.com//1858,altosight.com//7717
12,altosight.com//1858,altosight.com//8050
12,altosight.com//1858,altosight.com//9922
12,altosight.com//2775,altosight.com//2889
12,altosight.com//2775,altosight.com//3758
12,altosight.com//2775,altosight.com//389
12,altosight.com//2775,altosight.com//3995
12,altosight.com//2775,altosight.com//4730
12,altosight.com//2775,altosight.com//5216
12,altosight.com//2775,altosight.com//5562
12,altosight.com//2775,altosight.com//6336
12,altosight.com//2775,altosight.com//7717
12,altosight.com//2775,altosight.com//8050
12,altosight.com//2775,altosight.com//9922
12,altosight.com//2889,altosight.com//3758
12,altosight.com//2889,altosight.com//389
12,altosight.com//2889,altosight.com//3995
12,altosight.com//2889,altosight.com//4730
12,altosight.com//2889,altosight.com//5216
12,altosight.com//2889,altosight.com//5562
12,altosight.com//2889,altosight.com//6336
12,altosight.com//2889,altosight.com//7717
12,altosight.com//2889,altosight.com//8050
12,altosight.com//2889,altosight.com//9922
12,altosight.com//3758,altosight.com//389
12,altosight.com//3758,altosight.com//3995
12,altosight.com//3758,altosight.com//4730
12,altosight.com//3758,altosight.com//5216
12,altosight.com//3758,altosight.com//5562
12,altosight.com//3758,altosight.com//6336
12,altosight.com//3758,altosight.com//7717
12,altosight.com//3758,altosight.com//8050
12,altosight.com//3758,altosight.com//9922
12,altosight.com//389,altosight.com//3995
12,altosight.com//389,altosight.com//4730
12,altosight.com//389,altosight.com//5216
12,altosight.com//389,altosight.com//5562
12,altosight.com//389,altosight.com//6336
12,altosight.com//389,altosight.com//7717
12,altosight.com//389,altosight.com//8050
12,altosight.com//389,altosight.com//9922
12,altosight.com//3995,altosight.com//4730
12,altosight.com//3995,altosight.com//5216
12,altosight.com//3995,altosight.com//5562
12,altosight.com//3995,altosight.com//6336
12,altosight.com//3995,altosight.com//7717
12,altosight.com//3995,altosight.com//8050
12,altosight.com//3995,altosight.com//9922
12,altosight.com//4730,altosight.com//5216
12,altosight.com//4730,altosight.com//5562
12,altosight.com//4730,altosight.com//6336
12,altosight.com//4730,altosight.com//7717
12,altosight.com//4730,altosight.com//8050
12,altosight.com//4730,altosight.com//9922
12,altosight.com//5216,altosight.com//5562
12,altosight.com//5216,altosight.com//6336
12,altosight.com//5216,altosight.com//7717
12,altosight.com//5216,altosight.com//8050
12,altosight.com//5216,altosight.com//9922
12,altosight.com//5562,altosight.com//6336
12,altosight.com//5562,altosight.com//7717
12,altosight.com//5562,altosight.com//8050
12,altosight.com//5562,altosight.com//9922
12,altosight.com//6336,altosight.com//7717
12,altosight.com//6336,altosight.com//8050
12,altosight.com//6336,altosight.com//9922
12,altosight.com//7717,altosight.com//8050
12,altosight.com//7717,altosight.com//9922
12,altosight.com//8050,altosight.com//9922
13,altosight.com//10447,altosight.com//12367
13,altosight.com//10447,altosight.com//12761
13,altosight.com//10447,altosight.com//206
13,altosight.com//10447,altosight.com//4121
13,altosight.com//10447,altosight.com//6021
13,altosight.com//10447,altosight.com//6022
13,altosight.com//10447,altosight.com//7550
13,altosight.com//10447,altosight.com//7553
13,altosight.com//10447,altosight.com//776
13,altosight.com//10447,altosight.com//777
13,altosight.com//10447,altosight.com//783
13,altosight.com//10447,altosight.com//784
13,altosight.com//10447,altosight.com//909
13,altosight.com//10447,altosight.com//911
13,altosight.com//12367,altosight.com//12761
13,altosight.com//12367,altosight.com//206
13,altosight.com//12367,altosight.com//4121
13,altosight.com//12367,altosight.com//6021
13,altosight.com//12367,altosight.com//6022
13,altosight.com//12367,altosight.com//7550
13,altosight.com//12367,altosight.com//7553
13,altosight.com//12367,altosight.com//776
13,altosight.com//12367,altosight.com//777
13,altosight.com//12367,altosight.com//783
13,altosight.com//12367,altosight.com//784
13,altosight.com//12367,altosight.com//909
13,altosight.com//12367,altosight.com//911
13,altosight.com//12761,altosight.com//206
13,altosight.com//12761,altosight.com//4121
13,altosight.com//12761,altosight.com//6021
13,altosight.com//12761,altosight.com//6022
13,altosight.com//12761,altosight.com//7550
13,altosight.com//12761,altosight.com//7553
13,altosight.com//12761,altosight.com//776
13,altosight.com//12761,altosight.com//777
13,altosight.com//12761,altosight.com//783
13,altosight.com//12761,altosight.com//784
13,altosight.com//12761,altosight.com//909
13,altosight.com//12761,altosight.com//911
13,altosight.com//206,altosight.com//4121
13,altosight.com//206,altosight.com//6021
13,altosight.com//206,altosight.com//6022
13,altosight.com//206,altosight.com//7550
13,altosight.com//206,altosight.com//7553
13,altosight.com//206,altosight.com//776
13,altosight.com//206,altosight.com//777
13,altosight.com//206,altosight.com//783
13,altosight.com//206,altosight.com//784
13,altosight.com//206,altosight.com//909
13,altosight.com//206,altosight.com//911
13,altosight.com//4121,altosight.com//6021
13,altosight.com//4121,altosight.com//6022
13,altosight.com//4121,altosight.com//7550
13,altosight.com//4121,altosight.com//7553
13,altosight.com//4121,altosight.com//776
13,altosight.com//4121,altosight.com//777
13,altosight.com//4121,altosight.com//783
13,altosight.com//4121,altosight.com//784
13,altosight.com//4121,altosight.com//909
13,altosight.com//4121,altosight.com//911
13,altosight.com//6021,altosight.com//6022
13,altosight.com//6021,altosight.com//7550
13,altosight.com//6021,altosight.com//7553
13,altosight.com//6021,altosight.com//776
13,altosight.com//6021,altosight.com//777
13,altosight.com//6021,altosight.com//783
13,altosight.com//6021,altosight.com//784
13,altosight.com//6021,altosight.com//909
13,altosight.com//6021,altosight.com//911
13,altosight.com//6022,altosight.com//7550
13,altosight.com//6022,altosight.com//7553
13,altosight.com//6022,altosight.com//776
13,altosight.com//6022,altosight.com//777
13,altosight.com//6022,altosight.com//783
13,altosight.com//6022,altosight.com//784
13,altosight.com//6022,altosight.com//909
13,altosight.com//6022,altosight.com//911
13,altosight.com//7550,altosight.com//7553
13,altosight.com//7550,altosight.com//776
13,altosight.com//7550,altosight.com//777
13,altosight.com//7550,altosight.com//783
13,altosight.com//7550,altosight.com//784
13,altosight.com//7550,altosight.com//909
13,altosight.com//7550,altosight.com//911
13,altosight.com//7553,altosight.com//776
13,altosight.com//7553,altosight.com//777
13,altosight.com//7553,altosight.com//783
13,altosight.com//7553,altosight.com//784
13,altosight.com//7553,altosight.com//909
13,altosight.com//7553,altosight.com//911
13,altosight.com//776,altosight.com//777
13,altosight.com//776,altosight.com//783
13,altosight.com//776,altosight.com//784
13,altosight.com//776,altosight.com//909
13,altosight.com//776,altosight.com//911
13,altosight.com//777,altosight.com//783
13,altosight.com//777,altosight.com//784
13,altosight.com//777,altosight.com//909
13,altosight.com//777,altosight.com//911
13,altosight.com//783,altosight.com//784
13,altosight.com//783,altosight.com//909
13,altosight.com//783,altosight.com//911
13,altosight.com//784,altosight.com//909
13,altosight.com//784,altosight.com//911
13,altosight.com//909,altosight.com//911
14,altosight.com//10448,altosight.com//12368
14,altosight.com//10448,altosight.com//204
14,altosight.com//10448,altosight.com//4123
14,altosight.com//10448,altosight.com//5865
14,altosight.com//10448,altosight.com//6025
14,altosight.com//10448,altosight.com//6026
14,altosight.com//10448,altosight.com//6438
14,altosight.com//10448,altosight.com//7548
14,altosight.com//10448,altosight.com//7554
14,altosight.com//12368,altosight.com//204
14,altosight.com//12368,altosight.com//4123
14,altosight.com//12368,altosight.com//5865
14,altosight.com//12368,altosight.com//6025
14,altosight.com//12368,altosight.com//6026
14,altosight.com//12368,altosight.com//6438
14,altosight.com//12368,altosight.com//7548
14,altosight.com//12368,altosight.com//7554
14,altosight.com//204,altosight.com//4123
14,altosight.com//204,altosight.com//5865
14,altosight.com//204,altosight.com//6025
14,altosight.com//204,altosight.com//6026
14,altosight.com//204,altosight.com//6438
14,altosight.com//204,altosight.com//7548
14,altosight.com//204,altosight.com//7554
14,altosight.com//4123,altosight.com//5865
14,altosight.com//4123,altosight.com//6025
14,altosight.com//4123,altosight.com//6026
14,altosight.com//4123,altosight.com//6438
14,altosight.com//4123,altosight.com//7548
14,altosight.com//4123,altosight.com//7554
14,altosight.com//5865,altosight.com//6025
14,altosight.com//5865,altosight.com//6026
14,altosight.com//5865,altosight.com//6438
14,altosight.com//5865,altosight.com//7548
14,altosight.com//5865,altosight.com//7554
14,altosight.com//6025,altosight.com//6026
14,altosight.com//6025,altosight.com//6438
14,altosight.com//6025,altosight.com//7548
14,altosight.com//6025,altosight.com//7554
14,altosight.com//6026,altosight.com//6438
14,altosight.com//6026,altosight.com//7548
14,altosight.com//6026,altosight.com//7554
14,altosight.com//6438,altosight.com//7548
14,altosight.com//6438,altosight.com//7554
14,altosight.com//7548,altosight.com//7554
15,altosight.com//10449,altosight.com//12369
15,altosight.com//10449,altosight.com//207
15,altosight.com//10449,altosight.com//4122
15,altosight.com//10449,altosight.com//6023
15,altosight.com//10449,altosight.com//6024
15,altosight.com//10449,altosight.com//7551
15,altosight.com//10449,altosight.com//7555
15,altosight.com//12369,altosight.com//207
15,altosight.com//12369,altosight.com//4122
15,altosight.com//12369,altosight.com//6023
15,altosight.com//12369,altosight.com//6024
15,altosight.com//12369,altosight.com//7551
15,altosight.com//12369,altosight.com//7555
15,altosight.com//207,altosight.com//4122
15,altosight.com//207,altosight.com//6023
15,altosight.com//207,altosight.com//6024
15,altosight.com//207,altosight.com//7551
15,altosight.com//207,altosight.com//7555
15,altosight.com//4122,altosight.com//6023
15,altosight.com//4122,altosight.com//6024
15,altosight.com//4122,altosight.com//7551
15,altosight.com//4122,altosight.com//7555
15,altosight.com//6023,altosight.com//6024
15,altosight.com//6023,altosight.com//7551
15,altosight.com//6023,altosight.com//7555
15,altosight.com//6024,altosight.com//7551
15,altosight.com//6024,altosight.com//7555
15,altosight.com//7551,altosight.com//7555
16,altosight.com//10450,altosight.com//12341
16,altosight.com//10450,altosight.com//209
16,altosight.com//10450,altosight.com//4133
16,altosight.com//10450,altosight.com//5325
16,altosight.com//10450,altosight.com//7557
16,altosight.com//10450,altosight.com//7560
16,altosight.com//12341,altosight.com//209
16,altosight.com//12341,altosight.com//4133
16,altosight.com//12341,altosight.com//5325
16,altosight.com//12341,altosight.com//7557
16,altosight.com//12341,altosight.com//7560
16,altosight.com//209,altosight.com//4133
16,altosight.com//209,altosight.com//5325
16,altosight.com//209,altosight.com//7557
16,altosight.com//209,altosight.com//7560
16,altosight.com//4133,altosight.com//5325
16,altosight.com//4133,altosight.com//7557
16,altosight.com//4133,altosight.com//7560
16,altosight.com//5325,altosight.com//7557
16,altosight.com//5325,altosight.com//7560
16,altosight.com//7557,altosight.com//7560
17,altosight.com//10451,altosight.com//11730
17,altosight.com//10451,altosight.com//12344
17,altosight.com//10451,altosight.com//7558
17,altosight.com//10451,altosight.com//7561
17,altosight.com//11730,altosight.com//12344
17,altosight.com//11730,altosight.com//7558
17,altosight.com//11730,altosight.com//7561
17,altosight.com//12344,altosight.com//7558
17,altosight.com//12344,altosight.com//7561
17,altosight.com//7558,altosight.com//7561
18,altosight.com//10453,altosight.com//11731
18,altosight.com//10453,altosight.com//211
18,altosight.com//10453,altosight.com//5690
18,altosight.com//10453,altosight.com//5691
18,altosight.com//10453,altosight.com//5692
18,altosight.com//10453,altosight.com//5693
18,altosight.com//10453,altosight.com//5871
18,altosight.com//10453,altosight.com//7559
18,altosight.com//10453,altosight.com//7563
18,altosight.com//11731,altosight.com//211
18,altosight.com//11731,altosight.com//5690
18,altosight.com//11731,altosight.com//5691
18,altosight.com//11731,altosight.com//5692
18,altosight.com//11731,altosight.com//5693
18,altosight.com//11731,altosight.com//5871
18,altosight.com//11731,altosight.com//7559
18,altosight.com//11731,altosight.com//7563
18,altosight.com//211,altosight.com//5690
18,altosight.com//211,altosight.com//5691
18,altosight.com//211,altosight.com//5692
18,altosight.com//211,altosight.com//5693
18,altosight.com//211,altosight.com//5871
18,altosight.com//211,altosight.com//7559
18,altosight.com//211,altosight.com//7563
18,altosight.com//5690,altosight.com//5691
18,altosight.com//5690,altosight.com//5692
18,altosight.com//5690,altosight.com//5693
18,altosight.com//5690,altosight.com//5871
18,altosight.com//5690,altosight.com//7559
18,altosight.com//5690,altosight.com//7563
18,altosight.com//5691,altosight.com//5692
18,altosight.com//5691,altosight.com//5693
18,altosight.com//5691,altosight.com//5871
18,altosight.com//5691,altosight.com//7559
18,altosight.com//5691,altosight.com//7563
18,altosight.com//5692,altosight.com//5693
18,altosight.com//5692,altosight.com//5871
18,altosight.com//5692,altosight.com//7559
18,altosight.com//5692,altosight.com//7563
18,altosight.com//5693,altosight.com//5871
18,altosight.com//5693,altosight.com//7559
18,altosight.com//5693,altosight.com//7563
18,altosight.com//5871,altosight.com//7559
18,altosight.com//5871,altosight.com//7563
18,altosight.com//7559,altosight.com//7563
19,altosight.com//10478,altosight.com//2441
19,altosight.com//10478,altosight.com//4138
19,altosight.com//10478,altosight.com//5329
19,altosight.com//10478,altosight.com//7790
19,altosight.com//2441,altosight.com//4138
19,altosight.com//2441,altosight.com//5329
19,altosight.com//2441,altosight.com//7790
19,altosight.com//4138,altosight.com//5329
19,altosight.com//4138,altosight.com//7790
19,altosight.com//5329,altosight.com//7790
20,altosight.com//10480,altosight.com//477
20,altosight.com//10480,altosight.com//7788
20,altosight.com//10480,altosight.com//9598
20,altosight.com//477,altosight.com//7788
20,altosight.com//477,altosight.com//9598
20,altosight.com//7788,altosight.com//9598
21,altosight.com//10500,altosight.com//12937
21,altosight.com//10500,altosight.com//13151
21,altosight.com//10500,altosight.com//2071
21,altosight.com//10500,altosight.com//2600
21,altosight.com//10500,altosight.com//3858
21,altosight.com//10500,altosight.com//4403
21,altosight.com//10500,altosight.com//4585
21,altosight.com//10500,altosight.com//5055
21,altosight.com//10500,altosight.com//533
21,altosight.com//10500,altosight.com//5526
21,altosight.com//10500,altosight.com//7440
21,altosight.com//10500,altosight.com//7824
21,altosight.com//10500,altosight.com//9053
21,altosight.com//10500,altosight.com//9699
21,altosight.com//12937,altosight.com//13151
21,altosight.com//12937,altosight.com//2071
21,altosight.com//12937,altosight.com//2600
21,altosight.com//12937,altosight.com//3858
21,altosight.com//12937,altosight.com//4403
21,altosight.com//12937,altosight.com//4585
21,altosight.com//12937,altosight.com//5055
21,altosight.com//12937,altosight.com//533
21,altosight.com//12937,altosight.com//5526
21,altosight.com//12937,altosight.com//7440
21,altosight.com//12937,altosight.com//7824
21,altosight.com//12937,altosight.com//9053
21,altosight.com//12937,altosight.com//9699
21,altosight.com//13151,altosight.com//2071
21,altosight.com//13151,altosight.com//2600
21,altosight.com//13151,altosight.com//3858
21,altosight.com//13151,altosight.com//4403
21,altosight.com//13151,altosight.com//4585
21,altosight.com//13151,altosight.com//5055
21,altosight.com//13151,altosight.com//533
21,altosight.com//13151,altosight.com//5526
21,altosight.com//13151,altosight.com//7440
21,altosight.com//13151,altosight.com//7824
21,altosight.com//13151,altosight.com//9053
21,altosight.com//13151,altosight.com//9699
21,altosight.com//2071,altosight.com//2600
21,altosight.com//2071,altosight.com//3858
21,altosight.com//2071,altosight.com//4403
21,altosight.com//2071,altosight.com//4585
21,altosight.com//2071,altosight.com//5055
21,altosight.com//2071,altosight.com//533
21,altosight.com//2071,altosight.com//5526
21,altosight.com//2071,altosight.com//7440
21,altosight.com//2071,altosight.com//7824
21,altosight.com//2071,altosight.com//9053
21,altosight.com//2071,altosight.com//9699
21,altosight.com//2600,altosight.com//3858
21,altosight.com//2600,altosight.com//4403
21,altosight.com//2600,altosight.com//4585
21,altosight.com//2600,altosight.com//5055
21,altosight.com//2600,altosight.com//533
21,altosight.com//2600,altosight.com//5526
21,altosight.com//2600,altosight.com//7440
21,altosight.com//2600,altosight.com//7824
21,altosight.com//2600,altosight.com//9053
21,altosight.com//2600,altosight.com//9699
21,altosight.com//3858,altosight.com//4403
21,altosight.com//3858,altosight.com//4585
21,altosight.com//3858,altosight.com//5055
21,altosight.com//3858,altosight.com//533
21,altosight.com//3858,altosight.com//5526
21,altosight.com//3858,altosight.com//7440
21,altosight.com//3858,altosight.com//7824
21,altosight.com//3858,altosight.com//9053
21,altosight.com//3858,altosight.com//9699
21,altosight.com//4403,altosight.com//4585
21,altosight.com//4403,altosight.com//5055
21,altosight.com//4403,altosight.com//533
21,altosight.com//4403,altosight.com//5526
21,altosight.com//4403,altosight.com//7440
21,altosight.com//4403,altosight.com//7824
21,altosight.com//4403,altosight.com//9053
21,altosight.com//4403,altosight.com//9699
21,altosight.com//4585,altosight.com//5055
21,altosight.com//4585,altosight.com//533
21,altosight.com//4585,altosight.com//5526
21,altosight.com//4585,altosight.com//7440
21,altosight.com//4585,altosight.com//7824
21,altosight.com//4585,altosight.com//9053
21,altosight.com//4585,altosight.com//9699
21,altosight.com//5055,altosight.com//533
21,altosight.com//5055,altosight.com//5526
21,altosight.com//5055,altosight.com//7440
21,altosight.com//5055,altosight.com//7824
21,altosight.com//5055,altosight.com//9053
21,altosight.com//5055,altosight.com//9699
21,altosight.com//533,altosight.com//5526
21,altosight.com//533,altosight.com//7440
21,altosight.com//533,altosight.com//7824
21,altosight.com//533,altosight.com//9053
21,altosight.com//533,altosight.com//9699
21,altosight.com//5526,altosight.com//7440
21,altosight.com//5526,altosight.com//7824
21,altosight.com//5526,altosight.com//9053
21,altosight.com//5526,altosight.com//9699
21,altosight.com//7440,altosight.com//7824
21,altosight.com//7440,altosight.com//9053
21,altosight.com//7440,altosight.com//9699
21,altosight.com//7824,altosight.com//9053
21,altosight.com//7824,altosight.com//9699
21,altosight.com//9053,altosight.com//9699
22,altosight.com//10501,altosight.com//5044
23,altosight.com//10508,altosight.com//10864
23,altosight.com//10508,altosight.com//11962
23,altosight.com//10508,altosight.com//12194
23,altosight.com//10508,altosight.com//12858
23,altosight.com//10508,altosight.com//1314
23,altosight.com//10508,altosight.com//13178
23,altosight.com//10508,altosight.com//2017
23,altosight.com//10508,altosight.com//3639
23,altosight.com//10508,altosight.com//3904
23,altosight.com//10508,altosight.com//4629
23,altosight.com//10508,altosight.com//5746
23,altosight.com//10508,altosight.com//6225
23,altosight.com//10508,altosight.com//8611
23,altosight.com//10508,altosight.com//8823
23,altosight.com//10864,altosight.com//11962
23,altosight.com//10864,altosight.com//12194
23,altosight.com//10864,altosight.com//12858
23,altosight.com//10864,altosight.com//1314
23,altosight.com//10864,altosight.com//13178
23,altosight.com//10864,altosight.com//2017
23,altosight.com//10864,altosight.com//3639
23,altosight.com//10864,altosight.com//3904
23,altosight.com//10864,altosight.com//4629
23,altosight.com//10864,altosight.com//5746
23,altosight.com//10864,altosight.com//6225
23,altosight.com//10864,altosight.com//8611
23,altosight.com//10864,altosight.com//8823
23,altosight.com//11962,altosight.com//12194
23,altosight.com//11962,altosight.com//12858
23,altosight.com//11962,altosight.com//1314
23,altosight.com//11962,altosight.com//13178
23,altosight.com//11962,altosight.com//2017
23,altosight.com//11962,altosight.com//3639
23,altosight.com//11962,altosight.com//3904
23,altosight.com//11962,altosight.com//4629
23,altosight.com//11962,altosight.com//5746
23,altosight.com//11962,altosight.com//6225
23,altosight.com//11962,altosight.com//8611
23,altosight.com//11962,altosight.com//8823
23,altosight.com//12194,altosight.com//12858
23,altosight.com//12194,altosight.com//1314
23,altosight.com//12194,altosight.com//13178
23,altosight.com//12194,altosight.com//2017
23,altosight.com//12194,altosight.com//3639
23,altosight.com//12194,altosight.com//3904
23,altosight.com//12194,altosight.com//4629
23,altosight.com//12194,altosight.com//5746
23,altosight.com//12194,altosight.com//6225
23,altosight.com//12194,altosight.com//8611
23,altosight.com//12194,altosight.com//8823
23,altosight.com//12858,altosight.com//1314
23,altosight.com//12858,altosight.com//13178
23,altosight.com//12858,altosight.com//2017
23,altosight.com//12858,altosight.com//3639
23,altosight.com//12858,altosight.com//3904
23,altosight.com//12858,altosight.com//4629
23,altosight.com//12858,altosight.com//5746
23,altosight.com//12858,altosight.com//6225
23,altosight.com//12858,altosight.com//8611
23,altosight.com//12858,altosight.com//8823
23,altosight.com//1314,altosight.com//13178
23,altosight.com//1314,altosight.com//2017
23,altosight.com//1314,altosight.com//3639
23,altosight.com//1314,altosight.com//3904
23,altosight.com//1314,altosight.com//4629
23,altosight.com//1314,altosight.com//5746
23,altosight.com//1314,altosight.com//6225
23,altosight.com//1314,altosight.com//8611
23,altosight.com//1314,altosight.com//8823
23,altosight.com//13178,altosight.com//2017
23,altosight.com//13178,altosight.com//3639
23,altosight.com//13178,altosight.com//3904
23,altosight.com//13178,altosight.com//4629
23,altosight.com//13178,altosight.com//5746
23,altosight.com//13178,altosight.com//6225
23,altosight.com//13178,altosight.com//8611
23,altosight.com//13178,altosight.com//8823
23,altosight.com//2017,altosight.com//3639
23,altosight.com//2017,altosight.com//3904
23,altosight.com//2017,altosight.com//4629
23,altosight.com//2017,altosight.com//5746
23,altosight.com//2017,altosight.com//6225
23,altosight.com//2017,altosight.com//8611
23,altosight.com//2017,altosight.com//8823
23,altosight.com//3639,altosight.com//3904
23,altosight.com//3639,altosight.com//4629
23,altosight.com//3639,altosight.com//5746
23,altosight.com//3639,altosight.com//6225
23,altosight.com//3639,altosight.com//8611
23,altosight.com//3639,altosight.com//8823
23,altosight.com//3904,altosight.com//4629
23,altosight.com//3904,altosight.com//5746
23,altosight.com//3904,altosight.com//6225
23,altosight.com//3904,altosight.com//8611
23,altosight.com//3904,altosight.com//8823
23,altosight.com//4629,altosight.com//5746
23,altosight.com//4629,altosight.com//6225
23,altosight.com//4629,altosight.com//8611
23,altosight.com//4629,altosight.com//8823
23,altosight.com//5746,altosight.com//6225
23,altosight.com//5746,altosight.com//8611
23,altosight.com//5746,altosight.com//8823
23,altosight.com//6225,altosight.com//8611
23,altosight.com//6225,altosight.com//8823
23,altosight.com//8611,altosight.com//8823
24,altosight.com//10530,altosight.com//10604
24,altosight.com//10530,altosight.com//10605
24,altosight.com//10530,altosight.com//12954
24,altosight.com//10530,altosight.com//13164
24,altosight.com//10530,altosight.com//1394
24,altosight.com//10530,altosight.com//1593
24,altosight.com//10530,altosight.com//2095
24,altosight.com//10530,altosight.com//2110
24,altosight.com//10530,altosight.com//549
24,altosight.com//10530,altosight.com//7840
24,altosight.com//10530,altosight.com//8127
24,altosight.com//10530,altosight.com//8263
24,altosight.com//10530,altosight.com//9027
24,altosight.com//10530,altosight.com//9788
24,altosight.com//10604,altosight.com//10605
24,altosight.com//10604,altosight.com//12954
24,altosight.com//10604,altosight.com//13164
24,altosight.com//10604,altosight.com//1394
24,altosight.com//10604,altosight.com//1593
24,altosight.com//10604,altosight.com//2095
24,altosight.com//10604,altosight.com//2110
24,altosight.com//10604,altosight.com//549
24,altosight.com//10604,altosight.com//7840
24,altosight.com//10604,altosight.com//8127
24,altosight.com//10604,altosight.com//8263
24,altosight.com//10604,altosight.com//9027
24,altosight.com//10604,altosight.com//9788
24,altosight.com//10605,altosight.com//12954
24,altosight.com//10605,altosight.com//13164
24,altosight.com//10605,altosight.com//1394
24,altosight.com//10605,altosight.com//1593
24,altosight.com//10605,altosight.com//2095
24,altosight.com//10605,altosight.com//2110
24,altosight.com//10605,altosight.com//549
24,altosight.com//10605,altosight.com//7840
24,altosight.com//10605,altosight.com//8127
24,altosight.com//10605,altosight.com//8263
24,altosight.com//10605,altosight.com//9027
24,altosight.com//10605,altosight.com//9788
24,altosight.com//12954,altosight.com//13164
24,altosight.com//12954,altosight.com//1394
24,altosight.com//12954,altosight.com//1593
24,altosight.com//12954,altosight.com//2095
24,altosight.com//12954,altosight.com//2110
24,altosight.com//12954,altosight.com//549
24,altosight.com//12954,altosight.com//7840
24,altosight.com//12954,altosight.com//8127
24,altosight.com//12954,altosight.com//8263
24,altosight.com//12954,altosight.com//9027
24,altosight.com//12954,altosight.com//9788
24,altosight.com//13164,altosight.com//1394
24,altosight.com//13164,altosight.com//1593
24,altosight.com//13164,altosight.com//2095
24,altosight.com//13164,altosight.com//2110
24,altosight.com//13164,altosight.com//549
24,altosight.com//13164,altosight.com//7840
24,altosight.com//13164,altosight.com//8127
24,altosight.com//13164,altosight.com//8263
24,altosight.com//13164,altosight.com//9027
24,altosight.com//13164,altosight.com//9788
24,altosight.com//1394,altosight.com//1593
24,altosight.com//1394,altosight.com//2095
24,altosight.com//1394,altosight.com//2110
24,altosight.com//1394,altosight.com//549
24,altosight.com//1394,altosight.com//7840
24,altosight.com//1394,altosight.com//8127
24,altosight.com//1394,altosight.com//8263
24,altosight.com//1394,altosight.com//9027
24,altosight.com//1394,altosight.com//9788
24,altosight.com//1593,altosight.com//2095
24,altosight.com//1593,altosight.com//2110
24,altosight.com//1593,altosight.com//549
24,altosight.com//1593,altosight.com//7840
24,altosight.com//1593,altosight.com//8127
24,altosight.com//1593,altosight.com//8263
24,altosight.com//1593,altosight.com//9027
24,altosight.com//1593,altosight.com//9788
24,altosight.com//2095,altosight.com//2110
24,altosight.com//2095,altosight.com//549
24,altosight.com//2095,altosight.com//7840
24,altosight.com//2095,altosight.com//8127
24,altosight.com//2095,altosight.com//8263
24,altosight.com//2095,altosight.com//9027
24,altosight.com//2095,altosight.com//9788
24,altosight.com//2110,altosight.com//549
24,altosight.com//2110,altosight.com//7840
24,altosight.com//2110,altosight.com//8127
24,altosight.com//2110,altosight.com//8263
24,altosight.com//2110,altosight.com//9027
24,altosight.com//2110,altosight.com//9788
24,altosight.com//549,altosight.com//7840
24,altosight.com//549,altosight.com//8127
24,altosight.com//549,altosight.com//8263
24,altosight.com//549,altosight.com//9027
24,altosight.com//549,altosight.com//9788
24,altosight.com//7840,altosight.com//8127
24,altosight.com//7840,altosight.com//8263
24,altosight.com//7840,altosight.com//9027
24,altosight.com//7840,altosight.com//9788
24,altosight.com//8127,altosight.com//8263
24,altosight.com//8127,altosight.com//9027
24,altosight.com//8127,altosight.com//9788
24,altosight.com//8263,altosight.com//9027
24,altosight.com//8263,altosight.com//9788
24,altosight.com//9027,altosight.com//9788
25,altosight.com//10532,altosight.com//12955
25,altosight.com//10532,altosight.com//2092
25,altosight.com//10532,altosight.com//2111
25,altosight.com//10532,altosight.com//2611
25,altosight.com//10532,altosight.com//4680
25,altosight.com//10532,altosight.com//5165
25,altosight.com//10532,altosight.com//556
25,altosight.com//10532,altosight.com//6280
25,altosight.com//10532,altosight.com//7847
25,altosight.com//10532,altosight.com//8124
25,altosight.com//10532,altosight.com//8260
25,altosight.com//10532,altosight.com//8982
25,altosight.com//10532,altosight.com//9724
25,altosight.com//12955,altosight.com//2092
25,altosight.com//12955,altosight.com//2111
25,altosight.com//12955,altosight.com//2611
25,altosight.com//12955,altosight.com//4680
25,altosight.com//12955,altosight.com//5165
25,altosight.com//12955,altosight.com//556
25,altosight.com//12955,altosight.com//6280
25,altosight.com//12955,altosight.com//7847
25,altosight.com//12955,altosight.com//8124
25,altosight.com//12955,altosight.com//8260
25,altosight.com//12955,altosight.com//8982
25,altosight.com//12955,altosight.com//9724
25,altosight.com//2092,altosight.com//2111
25,altosight.com//2092,altosight.com//2611
25,altosight.com//2092,altosight.com//4680
25,altosight.com//2092,altosight.com//5165
25,altosight.com//2092,altosight.com//556
25,altosight.com//2092,altosight.com//6280
25,altosight.com//2092,altosight.com//7847
25,altosight.com//2092,altosight.com//8124
25,altosight.com//2092,altosight.com//8260
25,altosight.com//2092,altosight.com//8982
25,altosight.com//2092,altosight.com//9724
25,altosight.com//2111,altosight.com//2611
25,altosight.com//2111,altosight.com//4680
25,altosight.com//2111,altosight.com//5165
25,altosight.com//2111,altosight.com//556
25,altosight.com//2111,altosight.com//6280
25,altosight.com//2111,altosight.com//7847
25,altosight.com//2111,altosight.com//8124
25,altosight.com//2111,altosight.com//8260
25,altosight.com//2111,altosight.com//8982
25,altosight.com//2111,altosight.com//9724
25,altosight.com//2611,altosight.com//4680
25,altosight.com//2611,altosight.com//5165
25,altosight.com//2611,altosight.com//556
25,altosight.com//2611,altosight.com//6280
25,altosight.com//2611,altosight.com//7847
25,altosight.com//2611,altosight.com//8124
25,altosight.com//2611,altosight.com//8260
25,altosight.com//2611,altosight.com//8982
25,altosight.com//2611,altosight.com//9724
25,altosight.com//4680,altosight.com//5165
25,altosight.com//4680,altosight.com//556
25,altosight.com//4680,altosight.com//6280
25,altosight.com//4680,altosight.com//7847
25,altosight.com//4680,altosight.com//8124
25,altosight.com//4680,altosight.com//8260
25,altosight.com//4680,altosight.com//8982
25,altosight.com//4680,altosight.com//9724
25,altosight.com//5165,altosight.com//556
25,altosight.com//5165,altosight.com//6280
25,altosight.com//5165,altosight.com//7847
25,altosight.com//5165,altosight.com//8124
25,altosight.com//5165,altosight.com//8260
25,altosight.com//5165,altosight.com//8982
25,altosight.com//5165,altosight.com//9724
25,altosight.com//556,altosight.com//6280
25,altosight.com//556,altosight.com//7847
25,altosight.com//556,altosight.com//8124
25,altosight.com//556,altosight.com//8260
25,altosight.com//556,altosight.com//8982
25,altosight.com//556,altosight.com//9724
25,altosight.com//6280,altosight.com//7847
25,altosight.com//6280,altosight.com//8124
25,altosight.com//6280,altosight.com//8260
25,altosight.com//6280,altosight.com//8982
25,altosight.com//6280,altosight.com//9724
25,altosight.com//7847,altosight.com//8124
25,altosight.com//7847,altosight.com//8260
25,altosight.com//7847,altosight.com//8982
25,altosight.com//7847,altosight.com//9724
25,altosight.com//8124,altosight.com//8260
25,altosight.com//8124,altosight.com//8982
25,altosight.com//8124,altosight.com//9724
25,altosight.com//8260,altosight.com//8982
25,altosight.com//8260,altosight.com//9724
25,altosight.com//8982,altosight.com//9724
26,altosight.com//1058,altosight.com//1568
26,altosight.com//1058,altosight.com//3482
26,altosight.com//1058,altosight.com//568
26,altosight.com//1058,altosight.com//6247
26,altosight.com//1058,altosight.com//8718
26,altosight.com//1058,altosight.com//8898
26,altosight.com//1058,altosight.com//8960
26,altosight.com//1568,altosight.com//3482
26,altosight.com//1568,altosight.com//568
26,altosight.com//1568,altosight.com//6247
26,altosight.com//1568,altosight.com//8718
26,altosight.com//1568,altosight.com//8898
26,altosight.com//1568,altosight.com//8960
26,altosight.com//3482,altosight.com//568
26,altosight.com//3482,altosight.com//6247
26,altosight.com//3482,altosight.com//8718
26,altosight.com//3482,altosight.com//8898
26,altosight.com//3482,altosight.com//8960
26,altosight.com//568,altosight.com//6247
26,altosight.com//568,altosight.com//8718
26,altosight.com//568,altosight.com//8898
26,altosight.com//568,altosight.com//8960
26,altosight.com//6247,altosight.com//8718
26,altosight.com//6247,altosight.com//8898
26,altosight.com//6247,altosight.com//8960
26,altosight.com//8718,altosight.com//8898
26,altosight.com//8718,altosight.com//8960
26,altosight.com//8898,altosight.com//8960
27,altosight.com//10645,altosight.com//10646
27,altosight.com//10645,altosight.com//13530
27,altosight.com//10645,altosight.com//7813
27,altosight.com//10645,altosight.com//7814
27,altosight.com//10646,altosight.com//13530
27,altosight.com//10646,altosight.com//7813
27,altosight.com//10646,altosight.com//7814
27,altosight.com//13530,altosight.com//7813
27,altosight.com//13530,altosight.com//7814
27,altosight.com//7813,altosight.com//7814
28,altosight.com//10677,altosight.com//2498
28,altosight.com//10677,altosight.com//3911
28,altosight.com//10677,altosight.com//7535
28,altosight.com//2498,altosight.com//3911
28,altosight.com//2498,altosight.com//7535
28,altosight.com//3911,altosight.com//7535
29,altosight.com//1069,altosight.com//10742
29,altosight.com//1069,altosight.com//10952
29,altosight.com//1069,altosight.com//12159
29,altosight.com//1069,altosight.com//13801
29,altosight.com//1069,altosight.com//3608
29,altosight.com//1069,altosight.com//4149
29,altosight.com//1069,altosight.com//4841
29,altosight.com//1069,altosight.com//6452
29,altosight.com//1069,altosight.com//7452
29,altosight.com//1069,altosight.com//8291
29,altosight.com//1069,altosight.com//8731
29,altosight.com//1069,altosight.com//8920
29,altosight.com//1069,altosight.com//8921
29,altosight.com//1069,altosight.com//9768
29,altosight.com//10742,altosight.com//10952
29,altosight.com//10742,altosight.com//12159
29,altosight.com//10742,altosight.com//13801
29,altosight.com//10742,altosight.com//3608
29,altosight.com//10742,altosight.com//4149
29,altosight.com//10742,altosight.com//4841
29,altosight.com//10742,altosight.com//6452
29,altosight.com//10742,altosight.com//7452
29,altosight.com//10742,altosight.com//8291
29,altosight.com//10742,altosight.com//8731
29,altosight.com//10742,altosight.com//8920
29,altosight.com//10742,altosight.com//8921
29,altosight.com//10742,altosight.com//9768
29,altosight.com//10952,altosight.com//12159
29,altosight.com//10952,altosight.com//13801
29,altosight.com//10952,altosight.com//3608
29,altosight.com//10952,altosight.com//4149
29,altosight.com//10952,altosight.com//4841
29,altosight.com//10952,altosight.com//6452
29,altosight.com//10952,altosight.com//7452
29,altosight.com//10952,altosight.com//8291
29,altosight.com//10952,altosight.com//8731
29,altosight.com//10952,altosight.com//8920
29,altosight.com//10952,altosight.com//8921
29,altosight.com//10952,altosight.com//9768
29,altosight.com//12159,altosight.com//13801
29,altosight.com//12159,altosight.com//3608
29,altosight.com//12159,altosight.com//4149
29,altosight.com//12159,altosight.com//4841
29,altosight.com//12159,altosight.com//6452
29,altosight.com//12159,altosight.com//7452
29,altosight.com//12159,altosight.com//8291
29,altosight.com//12159,altosight.com//8731
29,altosight.com//12159,altosight.com//8920
29,altosight.com//12159,altosight.com//8921
29,altosight.com//12159,altosight.com//9768
29,altosight.com//13801,altosight.com//3608
29,altosight.com//13801,altosight.com//4149
29,altosight.com//13801,altosight.com//4841
29,altosight.com//13801,altosight.com//6452
29,altosight.com//13801,altosight.com//7452
29,altosight.com//13801,altosight.com//8291
29,altosight.com//13801,altosight.com//8731
29,altosight.com//13801,altosight.com//8920
29,altosight.com//13801,altosight.com//8921
29,altosight.com//13801,altosight.com//9768
29,altosight.com//3608,altosight.com//4149
29,altosight.com//3608,altosight.com//4841
29,altosight.com//3608,altosight.com//6452
29,altosight.com//3608,altosight.com//7452
29,altosight.com//3608,altosight.com//8291
29,altosight.com//3608,altosight.com//8731
29,altosight.com//3608,altosight.com//8920
29,altosight.com//3608,altosight.com//8921
29,altosight.com//3608,altosight.com//9768
29,altosight.com//4149,altosight.com//4841
29,altosight.com//4149,altosight.com//6452
29,altosight.com//4149,altosight.com//7452
29,altosight.com//4149,altosight.com//8291
29,altosight.com//4149,altosight.com//8731
29,altosight.com//4149,altosight.com//8920
29,altosight.com//4149,altosight.com//8921
29,altosight.com//4149,altosight.com//9768
29,altosight.com//4841,altosight.com//6452
29,altosight.com//4841,altosight.com//7452
29,altosight.com//4841,altosight.com//8291
29,altosight.com//4841,altosight.com//8731
29,altosight.com//4841,altosight.com//8920
29,altosight.com//4841,altosight.com//8921
29,altosight.com//4841,altosight.com//9768
29,altosight.com//6452,altosight.com//7452
29,altosight.com//6452,altosight.com//8291
29,altosight.com//6452,altosight.com//8731
29,altosight.com//6452,altosight.com//8920
29,altosight.com//6452,altosight.com//8921
29,altosight.com//6452,altosight.com//9768
29,altosight.com//7452,altosight.com//8291
29,altosight.com//7452,altosight.com//8731
29,altosight.com//7452,altosight.com//8920
29,altosight.com//7452,altosight.com//8921
29,altosight.com//7452,altosight.com//9768
29,altosight.com//8291,altosight.com//8731
29,altosight.com//8291,altosight.com//8920
29,altosight.com//8291,altosight.com//8921
29,altosight.com//8291,altosight.com//9768
29,altosight.com//8731,altosight.com//8920
29,altosight.com//8731,altosight.com//8921
29,altosight.com//8731,altosight.com//9768
29,altosight.com//8920,altosight.com//8921
29,altosight.com//8920,altosight.com//9768
29,altosight.com//8921,altosight.com//9768
30,altosight.com//1073,altosight.com//10745
30,altosight.com//1073,altosight.com//10968
30,altosight.com//1073,altosight.com//12214
30,altosight.com//1073,altosight.com//12652
30,altosight.com//1073,altosight.com//13275
30,altosight.com//1073,altosight.com//13796
30,altosight.com//1073,altosight.com//3611
30,altosight.com//1073,altosight.com//4714
30,altosight.com//1073,altosight.com//5201
30,altosight.com//1073,altosight.com//5813
30,altosight.com//1073,altosight.com//7887
30,altosight.com//1073,altosight.com//8736
30,altosight.com//1073,altosight.com//9729
30,altosight.com//10745,altosight.com//10968
30,altosight.com//10745,altosight.com//12214
30,altosight.com//10745,altosight.com//12652
30,altosight.com//10745,altosight.com//13275
30,altosight.com//10745,altosight.com//13796
30,altosight.com//10745,altosight.com//3611
30,altosight.com//10745,altosight.com//4714
30,altosight.com//10745,altosight.com//5201
30,altosight.com//10745,altosight.com//5813
30,altosight.com//10745,altosight.com//7887
30,altosight.com//10745,altosight.com//8736
30,altosight.com//10745,altosight.com//9729
30,altosight.com//10968,altosight.com//12214
30,altosight.com//10968,altosight.com//12652
30,altosight.com//10968,altosight.com//13275
30,altosight.com//10968,altosight.com//13796
30,altosight.com//10968,altosight.com//3611
30,altosight.com//10968,altosight.com//4714
30,altosight.com//10968,altosight.com//5201
30,altosight.com//10968,altosight.com//5813
30,altosight.com//10968,altosight.com//7887
30,altosight.com//10968,altosight.com//8736
30,altosight.com//10968,altosight.com//9729
30,altosight.com//12214,altosight.com//12652
30,altosight.com//12214,altosight.com//13275
30,altosight.com//12214,altosight.com//13796
30,altosight.com//12214,altosight.com//3611
30,altosight.com//12214,altosight.com//4714
30,altosight.com//12214,altosight.com//5201
30,altosight.com//12214,altosight.com//5813
30,altosight.com//12214,altosight.com//7887
30,altosight.com//12214,altosight.com//8736
30,altosight.com//12214,altosight.com//9729
30,altosight.com//12652,altosight.com//13275
30,altosight.com//12652,altosight.com//13796
30,altosight.com//12652,altosight.com//3611
30,altosight.com//12652,altosight.com//4714
30,altosight.com//12652,altosight.com//5201
30,altosight.com//12652,altosight.com//5813
30,altosight.com//12652,altosight.com//7887
30,altosight.com//12652,altosight.com//8736
30,altosight.com//12652,altosight.com//9729
30,altosight.com//13275,altosight.com//13796
30,altosight.com//13275,altosight.com//3611
30,altosight.com//13275,altosight.com//4714
30,altosight.com//13275,altosight.com//5201
30,altosight.com//13275,altosight.com//5813
30,altosight.com//13275,altosight.com//7887
30,altosight.com//13275,altosight.com//8736
30,altosight.com//13275,altosight.com//9729
30,altosight.com//13796,altosight.com//3611
30,altosight.com//13796,altosight.com//4714
30,altosight.com//13796,altosight.com//5201
30,altosight.com//13796,altosight.com//5813
30,altosight.com//13796,altosight.com//7887
30,altosight.com//13796,altosight.com//8736
30,altosight.com//13796,altosight.com//9729
30,altosight.com//3611,altosight.com//4714
30,altosight.com//3611,altosight.com//5201
30,altosight.com//3611,altosight.com//5813
30,altosight.com//3611,altosight.com//7887
30,altosight.com//3611,altosight.com//8736
30,altosight.com//3611,altosight.com//9729
30,altosight.com//4714,altosight.com//5201
30,altosight.com//4714,altosight.com//5813
30,altosight.com//4714,altosight.com//7887
30,altosight.com//4714,altosight.com//8736
30,altosight.com//4714,altosight.com//9729
30,altosight.com//5201,altosight.com//5813
30,altosight.com//5201,altosight.com//7887
30,altosight.com//5201,altosight.com//8736
30,altosight.com//5201,altosight.com//9729
30,altosight.com//5813,altosight.com//7887
30,altosight.com//5813,altosight.com//8736
30,altosight.com//5813,altosight.com//9729
30,altosight.com//7887,altosight.com//8736
30,altosight.com//7887,altosight.com//9729
30,altosight.com//8736,altosight.com//9729
31,altosight.com//10868,altosight.com//13236
31,altosight.com//10868,altosight.com//4022
31,altosight.com//10868,altosight.com//4749
31,altosight.com//10868,altosight.com//5237
31,altosight.com//10868,altosight.com//5821
31,altosight.com//10868,altosight.com//6361
31,altosight.com//10868,altosight.com//6616
31,altosight.com//10868,altosight.com//8616
31,altosight.com//10868,altosight.com//8831
31,altosight.com//13236,altosight.com//4022
31,altosight.com//13236,altosight.com//4749
31,altosight.com//13236,altosight.com//5237
31,altosight.com//13236,altosight.com//5821
31,altosight.com//13236,altosight.com//6361
31,altosight.com//13236,altosight.com//6616
31,altosight.com//13236,altosight.com//8616
31,altosight.com//13236,altosight.com//8831
31,altosight.com//4022,altosight.com//4749
31,altosight.com//4022,altosight.com//5237
31,altosight.com//4022,altosight.com//5821
31,altosight.com//4022,altosight.com//6361
31,altosight.com//4022,altosight.com//6616
31,altosight.com//4022,altosight.com//8616
31,altosight.com//4022,altosight.com//8831
31,altosight.com//4749,altosight.com//5237
31,altosight.com//4749,altosight.com//5821
31,altosight.com//4749,altosight.com//6361
31,altosight.com//4749,altosight.com//6616
31,altosight.com//4749,altosight.com//8616
31,altosight.com//4749,altosight.com//8831
31,altosight.com//5237,altosight.com//5821
31,altosight.com//5237,altosight.com//6361
31,altosight.com//5237,altosight.com//6616
31,altosight.com//5237,altosight.com//8616
31,altosight.com//5237,altosight.com//8831
31,altosight.com//5821,altosight.com//6361
31,altosight.com//5821,altosight.com//6616
31,altosight.com//5821,altosight.com//8616
31,altosight.com//5821,altosight.com//8831
31,altosight.com//6361,altosight.com//6616
31,altosight.com//6361,altosight.com//8616
31,altosight.com//6361,altosight.com//8831
31,altosight.com//6616,altosight.com//8616
31,altosight.com//6616,altosight.com//8831
31,altosight.com//8616,altosight.com//8831
32,altosight.com//10888,altosight.com//11151
32,altosight.com//10888,altosight.com//11512
32,altosight.com//10888,altosight.com//1226
32,altosight.com//10888,altosight.com//1281
32,altosight.com//10888,altosight.com//13421
32,altosight.com//10888,altosight.com//2397
32,altosight.com//10888,altosight.com//3665
32,altosight.com//10888,altosight.com//500
32,altosight.com//10888,altosight.com//5883
32,altosight.com//10888,altosight.com//7796
32,altosight.com//10888,altosight.com//8391
32,altosight.com//10888,altosight.com//8491
32,altosight.com//10888,altosight.com//9435
32,altosight.com//10888,altosight.com//9506
32,altosight.com//11151,altosight.com//11512
32,altosight.com//11151,altosight.com//1226
32,altosight.com//11151,altosight.com//1281
32,altosight.com//11151,altosight.com//13421
32,altosight.com//11151,altosight.com//2397
32,altosight.com//11151,altosight.com//3665
32,altosight.com//11151,altosight.com//500
32,altosight.com//11151,altosight.com//5883
32,altosight.com//11151,altosight.com//7796
32,altosight.com//11151,altosight.com//8391
32,altosight.com//11151,altosight.com//8491
32,altosight.com//11151,altosight.com//9435
32,altosight.com//11151,altosight.com//9506
32,altosight.com//11512,altosight.com//1226
32,altosight.com//11512,altosight.com//1281
32,altosight.com//11512,altosight.com//13421
32,altosight.com//11512,altosight.com//2397
32,altosight.com//11512,altosight.com//3665
32,altosight.com//11512,altosight.com//500
32,altosight.com//11512,altosight.com//5883
32,altosight.com//11512,altosight.com//7796
32,altosight.com//11512,altosight.com//8391
32,altosight.com//11512,altosight.com//8491
32,altosight.com//11512,altosight.com//9435
32,altosight.com//11512,altosight.com//9506
32,altosight.com//1226,altosight.com//1281
32,altosight.com//1226,altosight.com//13421
32,altosight.com//1226,altosight.com//2397
32,altosight.com//1226,altosight.com//3665
32,altosight.com//1226,altosight.com//500
32,altosight.com//1226,altosight.com//5883
32,altosight.com//1226,altosight.com//7796
32,altosight.com//1226,altosight.com//8391
32,altosight.com//1226,altosight.com//8491
32,altosight.com//1226,altosight.com//9435
32,altosight.com//1226,altosight.com//9506
32,altosight.com//1281,altosight.com//13421
32,altosight.com//1281,altosight.com//2397
32,altosight.com//1281,altosight.com//3665
32,altosight.com//1281,altosight.com//500
32,altosight.com//1281,altosight.com//5883
32,altosight.com//1281,altosight.com//7796
32,altosight.com//1281,altosight.com//8391
32,altosight.com//1281,altosight.com//8491
32,altosight.com//1281,altosight.com//9435
32,altosight.com//1281,altosight.com//9506
32,altosight.com//13421,altosight.com//2397
32,altosight.com//13421,altosight.com//3665
32,altosight.com//13421,altosight.com//500
32,altosight.com//13421,altosight.com//5883
32,altosight.com//13421,altosight.com//7796
32,altosight.com//13421,altosight.com//8391
32,altosight.com//13421,altosight.com//8491
32,altosight.com//13421,altosight.com//9435
32,altosight.com//13421,altosight.com//9506
32,altosight.com//2397,altosight.com//3665
32,altosight.com//2397,altosight.com//500
32,altosight.com//2397,altosight.com//5883
32,altosight.com//2397,altosight.com//7796
32,altosight.com//2397,altosight.com//8391
32,altosight.com//2397,altosight.com//8491
32,altosight.com//2397,altosight.com//9435
32,altosight.com//2397,altosight.com//9506
32,altosight.com//3665,altosight.com//500
32,altosight.com//3665,altosight.com//5883
32,altosight.com//3665,altosight.com//7796
32,altosight.com//3665,altosight.com//8391
32,altosight.com//3665,altosight.com//8491
32,altosight.com//3665,altosight.com//9435
32,altosight.com//3665,altosight.com//9506
32,altosight.com//500,altosight.com//5883
32,altosight.com//500,altosight.com//7796
32,altosight.com//500,altosight.com//8391
32,altosight.com//500,altosight.com//8491
32,altosight.com//500,altosight.com//9435
32,altosight.com//500,altosight.com//9506
32,altosight.com//5883,altosight.com//7796
32,altosight.com//5883,altosight.com//8391
32,altosight.com//5883,altosight.com//8491
32,altosight.com//5883,altosight.com//9435
32,altosight.com//5883,altosight.com//9506
32,altosight.com//7796,altosight.com//8391
32,altosight.com//7796,altosight.com//8491
32,altosight.com//7796,altosight.com//9435
32,altosight.com//7796,altosight.com//9506
32,altosight.com//8391,altosight.com//8491
32,altosight.com//8391,altosight.com//9435
32,altosight.com//8391,altosight.com//9506
32,altosight.com//8491,altosight.com//9435
32,altosight.com//8491,altosight.com//9506
32,altosight.com//9435,altosight.com//9506
33,altosight.com//10922,altosight.com//1579
33,altosight.com//10922,altosight.com//2625
33,altosight.com//10922,altosight.com//4154
33,altosight.com//10922,altosight.com//4288
33,altosight.com//10922,altosight.com//4451
33,altosight.com//10922,altosight.com//4845
33,altosight.com//10922,altosight.com//4940
33,altosight.com//10922,altosight.com//5341
33,altosight.com//10922,altosight.com//5449
33,altosight.com//10922,altosight.com//5943
33,altosight.com//10922,altosight.com//6459
33,altosight.com//10922,altosight.com//9776
33,altosight.com//1579,altosight.com//2625
33,altosight.com//1579,altosight.com//4154
33,altosight.com//1579,altosight.com//4288
33,altosight.com//1579,altosight.com//4451
33,altosight.com//1579,altosight.com//4845
33,altosight.com//1579,altosight.com//4940
33,altosight.com//1579,altosight.com//5341
33,altosight.com//1579,altosight.com//5449
33,altosight.com//1579,altosight.com//5943
33,altosight.com//1579,altosight.com//6459
33,altosight.com//1579,altosight.com//9776
33,altosight.com//2625,altosight.com//4154
33,altosight.com//2625,altosight.com//4288
33,altosight.com//2625,altosight.com//4451
33,altosight.com//2625,altosight.com//4845
33,altosight.com//2625,altosight.com//4940
33,altosight.com//2625,altosight.com//5341
33,altosight.com//2625,altosight.com//5449
33,altosight.com//2625,altosight.com//5943
33,altosight.com//2625,altosight.com//6459
33,altosight.com//2625,altosight.com//9776
33,altosight.com//4154,altosight.com//4288
33,altosight.com//4154,altosight.com//4451
33,altosight.com//4154,altosight.com//4845
33,altosight.com//4154,altosight.com//4940
33,altosight.com//4154,altosight.com//5341
33,altosight.com//4154,altosight.com//5449
33,altosight.com//4154,altosight.com//5943
33,altosight.com//4154,altosight.com//6459
33,altosight.com//4154,altosight.com//9776
33,altosight.com//4288,altosight.com//4451
33,altosight.com//4288,altosight.com//4845
33,altosight.com//4288,altosight.com//4940
33,altosight.com//4288,altosight.com//5341
33,altosight.com//4288,altosight.com//5449
33,altosight.com//4288,altosight.com//5943
33,altosight.com//4288,altosight.com//6459
33,altosight.com//4288,altosight.com//9776
33,altosight.com//4451,altosight.com//4845
33,altosight.com//4451,altosight.com//4940
33,altosight.com//4451,altosight.com//5341
33,altosight.com//4451,altosight.com//5449
33,altosight.com//4451,altosight.com//5943
33,altosight.com//4451,altosight.com//6459
33,altosight.com//4451,altosight.com//9776
33,altosight.com//4845,altosight.com//4940
33,altosight.com//4845,altosight.com//5341
33,altosight.com//4845,altosight.com//5449
33,altosight.com//4845,altosight.com//5943
33,altosight.com//4845,altosight.com//6459
33,altosight.com//4845,altosight.com//9776
33,altosight.com//4940,altosight.com//5341
33,altosight.com//4940,altosight.com//5449
33,altosight.com//4940,altosight.com//5943
33,altosight.com//4940,altosight.com//6459
33,altosight.com//4940,altosight.com//9776
33,altosight.com//5341,altosight.com//5449
33,altosight.com//5341,altosight.com//5943
33,altosight.com//5341,altosight.com//6459
33,altosight.com//5341,altosight.com//9776
33,altosight.com//5449,altosight.com//5943
33,altosight.com//5449,altosight.com//6459
33,altosight.com//5449,altosight.com//9776
33,altosight.com//5943,altosight.com//6459
33,altosight.com//5943,altosight.com//9776
33,altosight.com//6459,altosight.com//9776
34,altosight.com//11040,altosight.com//1421
34,altosight.com//11040,altosight.com//1860
34,altosight.com//11040,altosight.com//1865
34,altosight.com//11040,altosight.com//7938
34,altosight.com//1421,altosight.com//1860
34,altosight.com//1421,altosight.com//1865
34,altosight.com//1421,altosight.com//7938
34,altosight.com//1860,altosight.com//1865
34,altosight.com//1860,altosight.com//7938
34,altosight.com//1865,altosight.com//7938
35,altosight.com//11130,altosight.com//12085
35,altosight.com//11130,altosight.com//2251
35,altosight.com//11130,altosight.com//25
35,altosight.com//11130,altosight.com//289
35,altosight.com//11130,altosight.com//299
35,altosight.com//11130,altosight.com//5435
35,altosight.com//11130,altosight.com//7264
35,altosight.com//11130,altosight.com//7379
35,altosight.com//11130,altosight.com//8585
35,altosight.com//11130,altosight.com//9410
35,altosight.com//12085,altosight.com//2251
35,altosight.com//12085,altosight.com//25
35,altosight.com//12085,altosight.com//289
35,altosight.com//12085,altosight.com//299
35,altosight.com//12085,altosight.com//5435
35,altosight.com//12085,altosight.com//7264
35,altosight.com//12085,altosight.com//7379
35,altosight.com//12085,altosight.com//8585
35,altosight.com//12085,altosight.com//9410
35,altosight.com//2251,altosight.com//25
35,altosight.com//2251,altosight.com//289
35,altosight.com//2251,altosight.com//299
35,altosight.com//2251,altosight.com//5435
35,altosight.com//2251,altosight.com//7264
35,altosight.com//2251,altosight.com//7379
35,altosight.com//2251,altosight.com//8585
35,altosight.com//2251,altosight.com//9410
35,altosight.com//25,altosight.com//289
35,altosight.com//25,altosight.com//299
35,altosight.com//25,altosight.com//5435
35,altosight.com//25,altosight.com//7264
35,altosight.com//25,altosight.com//7379
35,altosight.com//25,altosight.com//8585
35,altosight.com//25,altosight.com//9410
35,altosight.com//289,altosight.com//299
35,altosight.com//289,altosight.com//5435
35,altosight.com//289,altosight.com//7264
35,altosight.com//289,altosight.com//7379
35,altosight.com//289,altosight.com//8585
35,altosight.com//289,altosight.com//9410
35,altosight.com//299,altosight.com//5435
35,altosight.com//299,altosight.com//7264
35,altosight.com//299,altosight.com//7379
35,altosight.com//299,altosight.com//8585
35,altosight.com//299,altosight.com//9410
35,altosight.com//5435,altosight.com//7264
35,altosight.com//5435,altosight.com//7379
35,altosight.com//5435,altosight.com//8585
35,altosight.com//5435,altosight.com//9410
35,altosight.com//7264,altosight.com//7379
35,altosight.com//7264,altosight.com//8585
35,altosight.com//7264,altosight.com//9410
35,altosight.com//7379,altosight.com//8585
35,altosight.com//7379,altosight.com//9410
35,altosight.com//8585,altosight.com//9410
36,altosight.com//11165,altosight.com//1544
36,altosight.com//11165,altosight.com//437
36,altosight.com//11165,altosight.com//4710
36,altosight.com//11165,altosight.com//5196
36,altosight.com//11165,altosight.com//5568
36,altosight.com//11165,altosight.com//5806
36,altosight.com//11165,altosight.com//6314
36,altosight.com//11165,altosight.com//7767
36,altosight.com//11165,altosight.com//9511
36,altosight.com//1544,altosight.com//437
36,altosight.com//1544,altosight.com//4710
36,altosight.com//1544,altosight.com//5196
36,altosight.com//1544,altosight.com//5568
36,altosight.com//1544,altosight.com//5806
36,altosight.com//1544,altosight.com//6314
36,altosight.com//1544,altosight.com//7767
36,altosight.com//1544,altosight.com//9511
36,altosight.com//437,altosight.com//4710
36,altosight.com//437,altosight.com//5196
36,altosight.com//437,altosight.com//5568
36,altosight.com//437,altosight.com//5806
36,altosight.com//437,altosight.com//6314
36,altosight.com//437,altosight.com//7767
36,altosight.com//437,altosight.com//9511
36,altosight.com//4710,altosight.com//5196
36,altosight.com//4710,altosight.com//5568
36,altosight.com//4710,altosight.com//5806
36,altosight.com//4710,altosight.com//6314
36,altosight.com//4710,altosight.com//7767
36,altosight.com//4710,altosight.com//9511
36,altosight.com//5196,altosight.com//5568
36,altosight.com//5196,altosight.com//5806
36,altosight.com//5196,altosight.com//6314
36,altosight.com//5196,altosight.com//7767
36,altosight.com//5196,altosight.com//9511
36,altosight.com//5568,altosight.com//5806
36,altosight.com//5568,altosight.com//6314
36,altosight.com//5568,altosight.com//7767
36,altosight.com//5568,altosight.com//9511
36,altosight.com//5806,altosight.com//6314
36,altosight.com//5806,altosight.com//7767
36,altosight.com//5806,altosight.com//9511
36,altosight.com//6314,altosight.com//7767
36,altosight.com//6314,altosight.com//9511
36,altosight.com//7767,altosight.com//9511
37,altosight.com//11172,altosight.com//12450
37,altosight.com//11172,altosight.com//13253
37,altosight.com//11172,altosight.com//13815
37,altosight.com//11172,altosight.com//1445
37,altosight.com//11172,altosight.com//2428
37,altosight.com//11172,altosight.com//3646
37,altosight.com//11172,altosight.com//433
37,altosight.com//11172,altosight.com//4430
37,altosight.com//11172,altosight.com//4711
37,altosight.com//11172,altosight.com//5807
37,altosight.com//11172,altosight.com//6315
37,altosight.com//11172,altosight.com//7766
37,altosight.com//11172,altosight.com//8064
37,altosight.com//11172,altosight.com//9632
37,altosight.com//12450,altosight.com//13253
37,altosight.com//12450,altosight.com//13815
37,altosight.com//12450,altosight.com//1445
37,altosight.com//12450,altosight.com//2428
37,altosight.com//12450,altosight.com//3646
37,altosight.com//12450,altosight.com//433
37,altosight.com//12450,altosight.com//4430
37,altosight.com//12450,altosight.com//4711
37,altosight.com//12450,altosight.com//5807
37,altosight.com//12450,altosight.com//6315
37,altosight.com//12450,altosight.com//7766
37,altosight.com//12450,altosight.com//8064
37,altosight.com//12450,altosight.com//9632
37,altosight.com//13253,altosight.com//13815
37,altosight.com//13253,altosight.com//1445
37,altosight.com//13253,altosight.com//2428
37,altosight.com//13253,altosight.com//3646
37,altosight.com//13253,altosight.com//433
37,altosight.com//13253,altosight.com//4430
37,altosight.com//13253,altosight.com//4711
37,altosight.com//13253,altosight.com//5807
37,altosight.com//13253,altosight.com//6315
37,altosight.com//13253,altosight.com//7766
37,altosight.com//13253,altosight.com//8064
37,altosight.com//13253,altosight.com//9632
37,altosight.com//13815,altosight.com//1445
37,altosight.com//13815,altosight.com//2428
37,altosight.com//13815,altosight.com//3646
37,altosight.com//13815,altosight.com//433
37,altosight.com//13815,altosight.com//4430
37,altosight.com//13815,altosight.com//4711
37,altosight.com//13815,altosight.com//5807
37,altosight.com//13815,altosight.com//6315
37,altosight.com//13815,altosight.com//7766
37,altosight.com//13815,altosight.com//8064
37,altosight.com//13815,altosight.com//9632
37,altosight.com//1445,altosight.com//2428
37,altosight.com//1445,altosight.com//3646
37,altosight.com//1445,altosight.com//433
37,altosight.com//1445,altosight.com//4430
37,altosight.com//1445,altosight.com//4711
37,altosight.com//1445,altosight.com//5807
37,altosight.com//1445,altosight.com//6315
37,altosight.com//1445,altosight.com//7766
37,altosight.com//1445,altosight.com//8064
37,altosight.com//1445,altosight.com//9632
37,altosight.com//2428,altosight.com//3646
37,altosight.com//2428,altosight.com//433
37,altosight.com//2428,altosight.com//4430
37,altosight.com//2428,altosight.com//4711
37,altosight.com//2428,altosight.com//5807
37,altosight.com//2428,altosight.com//6315
37,altosight.com//2428,altosight.com//7766
37,altosight.com//2428,altosight.com//8064
37,altosight.com//2428,altosight.com//9632
37,altosight.com//3646,altosight.com//433
37,altosight.com//3646,altosight.com//4430
37,altosight.com//3646,altosight.com//4711
37,altosight.com//3646,altosight.com//5807
37,altosight.com//3646,altosight.com//6315
37,altosight.com//3646,altosight.com//7766
37,altosight.com//3646,altosight.com//8064
37,altosight.com//3646,altosight.com//9632
37,altosight.com//433,altosight.com//4430
37,altosight.com//433,altosight.com//4711
37,altosight.com//433,altosight.com//5807
37,altosight.com//433,altosight.com//6315
37,altosight.com//433,altosight.com//7766
37,altosight.com//433,altosight.com//8064
37,altosight.com//433,altosight.com//9632
37,altosight.com//4430,altosight.com//4711
37,altosight.com//4430,altosight.com//5807
37,altosight.com//4430,altosight.com//6315
37,altosight.com//4430,altosight.com//7766
37,altosight.com//4430,altosight.com//8064
37,altosight.com//4430,altosight.com//9632
37,altosight.com//4711,altosight.com//5807
37,altosight.com//4711,altosight.com//6315
37,altosight.com//4711,altosight.com//7766
37,altosight.com//4711,altosight.com//8064
37,altosight.com//4711,altosight.com//9632
37,altosight.com//5807,altosight.com//6315
37,altosight.com//5807,altosight.com//7766
37,altosight.com//5807,altosight.com//8064
37,altosight.com//5807,altosight.com//9632
37,altosight.com//6315,altosight.com//7766
37,altosight.com//6315,altosight.com//8064
37,altosight.com//6315,altosight.com//9632
37,altosight.com//7766,altosight.com//8064
37,altosight.com//7766,altosight.com//9632
37,altosight.com//8064,altosight.com//9632
38,altosight.com//11277,altosight.com//12499
38,altosight.com//11277,altosight.com//13430
38,altosight.com//11277,altosight.com//1404
38,altosight.com//11277,altosight.com//3449
38,altosight.com//11277,altosight.com//4223
38,altosight.com//11277,altosight.com//4528
38,altosight.com//11277,altosight.com//4893
38,altosight.com//11277,altosight.com//5400
38,altosight.com//11277,altosight.com//5658
38,altosight.com//11277,altosight.com//6507
38,altosight.com//11277,altosight.com//8480
38,altosight.com//11277,altosight.com//8550
38,altosight.com//11277,altosight.com//9219
38,altosight.com//11277,altosight.com//9596
38,altosight.com//12499,altosight.com//13430
38,altosight.com//12499,altosight.com//1404
38,altosight.com//12499,altosight.com//3449
38,altosight.com//12499,altosight.com//4223
38,altosight.com//12499,altosight.com//4528
38,altosight.com//12499,altosight.com//4893
38,altosight.com//12499,altosight.com//5400
38,altosight.com//12499,altosight.com//5658
38,altosight.com//12499,altosight.com//6507
38,altosight.com//12499,altosight.com//8480
38,altosight.com//12499,altosight.com//8550
38,altosight.com//12499,altosight.com//9219
38,altosight.com//12499,altosight.com//9596
38,altosight.com//13430,altosight.com//1404
38,altosight.com//13430,altosight.com//3449
38,altosight.com//13430,altosight.com//4223
38,altosight.com//13430,altosight.com//4528
38,altosight.com//13430,altosight.com//4893
38,altosight.com//13430,altosight.com//5400
38,altosight.com//13430,altosight.com//5658
38,altosight.com//13430,altosight.com//6507
38,altosight.com//13430,altosight.com//8480
38,altosight.com//13430,altosight.com//8550
38,altosight.com//13430,altosight.com//9219
38,altosight.com//13430,altosight.com//9596
38,altosight.com//1404,altosight.com//3449
38,altosight.com//1404,altosight.com//4223
38,altosight.com//1404,altosight.com//4528
38,altosight.com//1404,altosight.com//4893
38,altosight.com//1404,altosight.com//5400
38,altosight.com//1404,altosight.com//5658
38,altosight.com//1404,altosight.com//6507
38,altosight.com//1404,altosight.com//8480
38,altosight.com//1404,altosight.com//8550
38,altosight.com//1404,altosight.com//9219
38,altosight.com//1404,altosight.com//9596
38,altosight.com//3449,altosight.com//4223
38,altosight.com//3449,altosight.com//4528
38,altosight.com//3449,altosight.com//4893
38,altosight.com//3449,altosight.com//5400
38,altosight.com//3449,altosight.com//5658
38,altosight.com//3449,altosight.com//6507
38,altosight.com//3449,altosight.com//8480
38,altosight.com//3449,altosight.com//8550
38,altosight.com//3449,altosight.com//9219
38,altosight.com//3449,altosight.com//9596
38,altosight.com//4223,altosight.com//4528
38,altosight.com//4223,altosight.com//4893
38,altosight.com//4223,altosight.com//5400
38,altosight.com//4223,altosight.com//5658
38,altosight.com//4223,altosight.com//6507
38,altosight.com//4223,altosight.com//8480
38,altosight.com//4223,altosight.com//8550
38,altosight.com//4223,altosight.com//9219
38,altosight.com//4223,altosight.com//9596
38,altosight.com//4528,altosight.com//4893
38,altosight.com//4528,altosight.com//5400
38,altosight.com//4528,altosight.com//5658
38,altosight.com//4528,altosight.com//6507
38,altosight.com//4528,altosight.com//8480
38,altosight.com//4528,altosight.com//8550
38,altosight.com//4528,altosight.com//9219
38,altosight.com//4528,altosight.com//9596
38,altosight.com//4893,altosight.com//5400
38,altosight.com//4893,altosight.com//5658
38,altosight.com//4893,altosight.com//6507
38,altosight.com//4893,altosight.com//8480
38,altosight.com//4893,altosight.com//8550
38,altosight.com//4893,altosight.com//9219
38,altosight.com//4893,altosight.com//9596
38,altosight.com//5400,altosight.com//5658
38,altosight.com//5400,altosight.com//6507
38,altosight.com//5400,altosight.com//8480
38,altosight.com//5400,altosight.com//8550
38,altosight.com//5400,altosight.com//9219
38,altosight.com//5400,altosight.com//9596
38,altosight.com//5658,altosight.com//6507
38,altosight.com//5658,altosight.com//8480
38,altosight.com//5658,altosight.com//8550
38,altosight.com//5658,altosight.com//9219
38,altosight.com//5658,altosight.com//9596
38,altosight.com//6507,altosight.com//8480
38,altosight.com//6507,altosight.com//8550
38,altosight.com//6507,altosight.com//9219
38,altosight.com//6507,altosight.com//9596
38,altosight.com//8480,altosight.com//8550
38,altosight.com//8480,altosight.com//9219
38,altosight.com//8480,altosight.com//9596
38,altosight.com//8550,altosight.com//9219
38,altosight.com//8550,altosight.com//9596
38,altosight.com//9219,altosight.com//9596
39,altosight.com//1129,altosight.com//12663
39,altosight.com//1129,altosight.com//402
39,altosight.com//1129,altosight.com//8623
39,altosight.com//1129,altosight.com//994
39,altosight.com//12663,altosight.com//402
39,altosight.com//12663,altosight.com//8623
39,altosight.com//12663,altosight.com//994
39,altosight.com//402,altosight.com//8623
39,altosight.com//402,altosight.com//994
39,altosight.com//8623,altosight.com//994
40,altosight.com//11316,altosight.com//13244
40,altosight.com//11316,altosight.com//13459
40,altosight.com//11316,altosight.com//1451
40,altosight.com//11316,altosight.com//2421
40,altosight.com//11316,altosight.com//3612
40,altosight.com//11316,altosight.com//4073
40,altosight.com//11316,altosight.com//4435
40,altosight.com//11316,altosight.com//4788
40,altosight.com//11316,altosight.com//5844
40,altosight.com//11316,altosight.com//593
40,altosight.com//11316,altosight.com//7877
40,altosight.com//11316,altosight.com//8082
40,altosight.com//11316,altosight.com//9636
40,altosight.com//13244,altosight.com//13459
40,altosight.com//13244,altosight.com//1451
40,altosight.com//13244,altosight.com//2421
40,altosight.com//13244,altosight.com//3612
40,altosight.com//13244,altosight.com//4073
40,altosight.com//13244,altosight.com//4435
40,altosight.com//13244,altosight.com//4788
40,altosight.com//13244,altosight.com//5844
40,altosight.com//13244,altosight.com//593
40,altosight.com//13244,altosight.com//7877
40,altosight.com//13244,altosight.com//8082
40,altosight.com//13244,altosight.com//9636
40,altosight.com//13459,altosight.com//1451
40,altosight.com//13459,altosight.com//2421
40,altosight.com//13459,altosight.com//3612
40,altosight.com//13459,altosight.com//4073
40,altosight.com//13459,altosight.com//4435
40,altosight.com//13459,altosight.com//4788
40,altosight.com//13459,altosight.com//5844
40,altosight.com//13459,altosight.com//593
40,altosight.com//13459,altosight.com//7877
40,altosight.com//13459,altosight.com//8082
40,altosight.com//13459,altosight.com//9636
40,altosight.com//1451,altosight.com//2421
40,altosight.com//1451,altosight.com//3612
40,altosight.com//1451,altosight.com//4073
40,altosight.com//1451,altosight.com//4435
40,altosight.com//1451,altosight.com//4788
40,altosight.com//1451,altosight.com//5844
40,altosight.com//1451,altosight.com//593
40,altosight.com//1451,altosight.com//7877
40,altosight.com//1451,altosight.com//8082
40,altosight.com//1451,altosight.com//9636
40,altosight.com//2421,altosight.com//3612
40,altosight.com//2421,altosight.com//4073
40,altosight.com//2421,altosight.com//4435
40,altosight.com//2421,altosight.com//4788
40,altosight.com//2421,altosight.com//5844
40,altosight.com//2421,altosight.com//593
40,altosight.com//2421,altosight.com//7877
40,altosight.com//2421,altosight.com//8082
40,altosight.com//2421,altosight.com//9636
40,altosight.com//3612,altosight.com//4073
40,altosight.com//3612,altosight.com//4435
40,altosight.com//3612,altosight.com//4788
40,altosight.com//3612,altosight.com//5844
40,altosight.com//3612,altosight.com//593
40,altosight.com//3612,altosight.com//7877
40,altosight.com//3612,altosight.com//8082
40,altosight.com//3612,altosight.com//9636
40,altosight.com//4073,altosight.com//4435
40,altosight.com//4073,altosight.com//4788
40,altosight.com//4073,altosight.com//5844
40,altosight.com//4073,altosight.com//593
40,altosight.com//4073,altosight.com//7877
40,altosight.com//4073,altosight.com//8082
40,altosight.com//4073,altosight.com//9636
40,altosight.com//4435,altosight.com//4788
40,altosight.com//4435,altosight.com//5844
40,altosight.com//4435,altosight.com//593
40,altosight.com//4435,altosight.com//7877
40,altosight.com//4435,altosight.com//8082
40,altosight.com//4435,altosight.com//9636
40,altosight.com//4788,altosight.com//5844
40,altosight.com//4788,altosight.com//593
40,altosight.com//4788,altosight.com//7877
40,altosight.com//4788,altosight.com//8082
40,altosight.com//4788,altosight.com//9636
40,altosight.com//5844,altosight.com//593
40,altosight.com//5844,altosight.com//7877
40,altosight.com//5844,altosight.com//8082
40,altosight.com//5844,altosight.com//9636
40,altosight.com//593,altosight.com//7877
40,altosight.com//593,altosight.com//8082
40,altosight.com//593,altosight.com//9636
40,altosight.com//7877,altosight.com//8082
40,altosight.com//7877,altosight.com//9636
40,altosight.com//8082,altosight.com//9636
41,altosight.com//11319,altosight.com//11422
41,altosight.com//11319,altosight.com//12634
41,altosight.com//11319,altosight.com//12635
41,altosight.com//11319,altosight.com//13248
41,altosight.com//11319,altosight.com//2425
41,altosight.com//11319,altosight.com//3644
41,altosight.com//11319,altosight.com//4071
41,altosight.com//11319,altosight.com//4431
41,altosight.com//11319,altosight.com//4785
41,altosight.com//11319,altosight.com//597
41,altosight.com//11319,altosight.com//7881
41,altosight.com//11319,altosight.com//8080
41,altosight.com//11319,altosight.com//9640
41,altosight.com//11422,altosight.com//12634
41,altosight.com//11422,altosight.com//12635
41,altosight.com//11422,altosight.com//13248
41,altosight.com//11422,altosight.com//2425
41,altosight.com//11422,altosight.com//3644
41,altosight.com//11422,altosight.com//4071
41,altosight.com//11422,altosight.com//4431
41,altosight.com//11422,altosight.com//4785
41,altosight.com//11422,altosight.com//597
41,altosight.com//11422,altosight.com//7881
41,altosight.com//11422,altosight.com//8080
41,altosight.com//11422,altosight.com//9640
41,altosight.com//12634,altosight.com//12635
41,altosight.com//12634,altosight.com//13248
41,altosight.com//12634,altosight.com//2425
41,altosight.com//12634,altosight.com//3644
41,altosight.com//12634,altosight.com//4071
41,altosight.com//12634,altosight.com//4431
41,altosight.com//12634,altosight.com//4785
41,altosight.com//12634,altosight.com//597
41,altosight.com//12634,altosight.com//7881
41,altosight.com//12634,altosight.com//8080
41,altosight.com//12634,altosight.com//9640
41,altosight.com//12635,altosight.com//13248
41,altosight.com//12635,altosight.com//2425
41,altosight.com//12635,altosight.com//3644
41,altosight.com//12635,altosight.com//4071
41,altosight.com//12635,altosight.com//4431
41,altosight.com//12635,altosight.com//4785
41,altosight.com//12635,altosight.com//597
41,altosight.com//12635,altosight.com//7881
41,altosight.com//12635,altosight.com//8080
41,altosight.com//12635,altosight.com//9640
41,altosight.com//13248,altosight.com//2425
41,altosight.com//13248,altosight.com//3644
41,altosight.com//13248,altosight.com//4071
41,altosight.com//13248,altosight.com//4431
41,altosight.com//13248,altosight.com//4785
41,altosight.com//13248,altosight.com//597
41,altosight.com//13248,altosight.com//7881
41,altosight.com//13248,altosight.com//8080
41,altosight.com//13248,altosight.com//9640
41,altosight.com//2425,altosight.com//3644
41,altosight.com//2425,altosight.com//4071
41,altosight.com//2425,altosight.com//4431
41,altosight.com//2425,altosight.com//4785
41,altosight.com//2425,altosight.com//597
41,altosight.com//2425,altosight.com//7881
41,altosight.com//2425,altosight.com//8080
41,altosight.com//2425,altosight.com//9640
41,altosight.com//3644,altosight.com//4071
41,altosight.com//3644,altosight.com//4431
41,altosight.com//3644,altosight.com//4785
41,altosight.com//3644,altosight.com//597
41,altosight.com//3644,altosight.com//7881
41,altosight.com//3644,altosight.com//8080
41,altosight.com//3644,altosight.com//9640
41,altosight.com//4071,altosight.com//4431
41,altosight.com//4071,altosight.com//4785
41,altosight.com//4071,altosight.com//597
41,altosight.com//4071,altosight.com//7881
41,altosight.com//4071,altosight.com//8080
41,altosight.com//4071,altosight.com//9640
41,altosight.com//4431,altosight.com//4785
41,altosight.com//4431,altosight.com//597
41,altosight.com//4431,altosight.com//7881
41,altosight.com//4431,altosight.com//8080
41,altosight.com//4431,altosight.com//9640
41,altosight.com//4785,altosight.com//597
41,altosight.com//4785,altosight.com//7881
41,altosight.com//4785,altosight.com//8080
41,altosight.com//4785,altosight.com//9640
41,altosight.com//597,altosight.com//7881
41,altosight.com//597,altosight.com//8080
41,altosight.com//597,altosight.com//9640
41,altosight.com//7881,altosight.com//8080
41,altosight.com//7881,altosight.com//9640
41,altosight.com//8080,altosight.com//9640
42,altosight.com//11320,altosight.com//11419
42,altosight.com//11320,altosight.com//13247
42,altosight.com//11320,altosight.com//2424
42,altosight.com//11320,altosight.com//3643
42,altosight.com//11320,altosight.com//4433
42,altosight.com//11320,altosight.com//4787
42,altosight.com//11320,altosight.com//5848
42,altosight.com//11320,altosight.com//596
42,altosight.com//11320,altosight.com//6394
42,altosight.com//11320,altosight.com//7880
42,altosight.com//11320,altosight.com//9482
42,altosight.com//11320,altosight.com//9639
42,altosight.com//11419,altosight.com//13247
42,altosight.com//11419,altosight.com//2424
42,altosight.com//11419,altosight.com//3643
42,altosight.com//11419,altosight.com//4433
42,altosight.com//11419,altosight.com//4787
42,altosight.com//11419,altosight.com//5848
42,altosight.com//11419,altosight.com//596
42,altosight.com//11419,altosight.com//6394
42,altosight.com//11419,altosight.com//7880
42,altosight.com//11419,altosight.com//9482
42,altosight.com//11419,altosight.com//9639
42,altosight.com//13247,altosight.com//2424
42,altosight.com//13247,altosight.com//3643
42,altosight.com//13247,altosight.com//4433
42,altosight.com//13247,altosight.com//4787
42,altosight.com//13247,altosight.com//5848
42,altosight.com//13247,altosight.com//596
42,altosight.com//13247,altosight.com//6394
42,altosight.com//13247,altosight.com//7880
42,altosight.com//13247,altosight.com//9482
42,altosight.com//13247,altosight.com//9639
42,altosight.com//2424,altosight.com//3643
42,altosight.com//2424,altosight.com//4433
42,altosight.com//2424,altosight.com//4787
42,altosight.com//2424,altosight.com//5848
42,altosight.com//2424,altosight.com//596
42,altosight.com//2424,altosight.com//6394
42,altosight.com//2424,altosight.com//7880
42,altosight.com//2424,altosight.com//9482
42,altosight.com//2424,altosight.com//9639
42,altosight.com//3643,altosight.com//4433
42,altosight.com//3643,altosight.com//4787
42,altosight.com//3643,altosight.com//5848
42,altosight.com//3643,altosight.com//596
42,altosight.com//3643,altosight.com//6394
42,altosight.com//3643,altosight.com//7880
42,altosight.com//3643,altosight.com//9482
42,altosight.com//3643,altosight.com//9639
42,altosight.com//4433,altosight.com//4787
42,altosight.com//4433,altosight.com//5848
42,altosight.com//4433,altosight.com//596
42,altosight.com//4433,altosight.com//6394
42,altosight.com//4433,altosight.com//7880
42,altosight.com//4433,altosight.com//9482
42,altosight.com//4433,altosight.com//9639
42,altosight.com//4787,altosight.com//5848
42,altosight.com//4787,altosight.com//596
42,altosight.com//4787,altosight.com//6394
42,altosight.com//4787,altosight.com//7880
42,altosight.com//4787,altosight.com//9482
42,altosight.com//4787,altosight.com//9639
42,altosight.com//5848,altosight.com//596
42,altosight.com//5848,altosight.com//6394
42,altosight.com//5848,altosight.com//7880
42,altosight.com//5848,altosight.com//9482
42,altosight.com//5848,altosight.com//9639
42,altosight.com//596,altosight.com//6394
42,altosight.com//596,altosight.com//7880
42,altosight.com//596,altosight.com//9482
42,altosight.com//596,altosight.com//9639
42,altosight.com//6394,altosight.com//7880
42,altosight.com//6394,altosight.com//9482
42,altosight.com//6394,altosight.com//9639
42,altosight.com//7880,altosight.com//9482
42,altosight.com//7880,altosight.com//9639
42,altosight.com//9482,altosight.com//9639
43,altosight.com//11558,altosight.com//1245
43,altosight.com//11558,altosight.com//12799
43,altosight.com//11558,altosight.com//12800
43,altosight.com//11558,altosight.com//13389
43,altosight.com//11558,altosight.com//13519
43,altosight.com//11558,altosight.com//13631
43,altosight.com//11558,altosight.com//1384
43,altosight.com//11558,altosight.com//2344
43,altosight.com//11558,altosight.com//4583
43,altosight.com//11558,altosight.com//5053
43,altosight.com//11558,altosight.com//5729
43,altosight.com//1245,altosight.com//12799
43,altosight.com//1245,altosight.com//12800
43,altosight.com//1245,altosight.com//13389
43,altosight.com//1245,altosight.com//13519
43,altosight.com//1245,altosight.com//13631
43,altosight.com//1245,altosight.com//1384
43,altosight.com//1245,altosight.com//2344
43,altosight.com//1245,altosight.com//4583
43,altosight.com//1245,altosight.com//5053
43,altosight.com//1245,altosight.com//5729
43,altosight.com//12799,altosight.com//12800
43,altosight.com//12799,altosight.com//13389
43,altosight.com//12799,altosight.com//13519
43,altosight.com//12799,altosight.com//13631
43,altosight.com//12799,altosight.com//1384
43,altosight.com//12799,altosight.com//2344
43,altosight.com//12799,altosight.com//4583
43,altosight.com//12799,altosight.com//5053
43,altosight.com//12799,altosight.com//5729
43,altosight.com//12800,altosight.com//13389
43,altosight.com//12800,altosight.com//13519
43,altosight.com//12800,altosight.com//13631
43,altosight.com//12800,altosight.com//1384
43,altosight.com//12800,altosight.com//2344
43,altosight.com//12800,altosight.com//4583
43,altosight.com//12800,altosight.com//5053
43,altosight.com//12800,altosight.com//5729
43,altosight.com//13389,altosight.com//13519
43,altosight.com//13389,altosight.com//13631
43,altosight.com//13389,altosight.com//1384
43,altosight.com//13389,altosight.com//2344
43,altosight.com//13389,altosight.com//4583
43,altosight.com//13389,altosight.com//5053
43,altosight.com//13389,altosight.com//5729
43,altosight.com//13519,altosight.com//13631
43,altosight.com//13519,altosight.com//1384
43,altosight.com//13519,altosight.com//2344
43,altosight.com//13519,altosight.com//4583
43,altosight.com//13519,altosight.com//5053
43,altosight.com//13519,altosight.com//5729
43,altosight.com//13631,altosight.com//1384
43,altosight.com//13631,altosight.com//2344
43,altosight.com//13631,altosight.com//4583
43,altosight.com//13631,altosight.com//5053
43,altosight.com//13631,altosight.com//5729
43,altosight.com//1384,altosight.com//2344
43,altosight.com//1384,altosight.com//4583
43,altosight.com//1384,altosight.com//5053
43,altosight.com//1384,altosight.com//5729
43,altosight.com//2344,altosight.com//4583
43,altosight.com//2344,altosight.com//5053
43,altosight.com//2344,altosight.com//5729
43,altosight.com//4583,altosight.com//5053
43,altosight.com//4583,altosight.com//5729
43,altosight.com//5053,altosight.com//5729
44,altosight.com//11568,altosight.com//12243
44,altosight.com//11568,altosight.com//12473
44,altosight.com//11568,altosight.com//12826
44,altosight.com//11568,altosight.com//13433
44,altosight.com//11568,altosight.com//13779
44,altosight.com//11568,altosight.com//1496
44,altosight.com//11568,altosight.com//2742
44,altosight.com//11568,altosight.com//3531
44,altosight.com//11568,altosight.com//3661
44,altosight.com//11568,altosight.com//4131
44,altosight.com//11568,altosight.com//638
44,altosight.com//11568,altosight.com//7918
44,altosight.com//11568,altosight.com//8485
44,altosight.com//12243,altosight.com//12473
44,altosight.com//12243,altosight.com//12826
44,altosight.com//12243,altosight.com//13433
44,altosight.com//12243,altosight.com//13779
44,altosight.com//12243,altosight.com//1496
44,altosight.com//12243,altosight.com//2742
44,altosight.com//12243,altosight.com//3531
44,altosight.com//12243,altosight.com//3661
44,altosight.com//12243,altosight.com//4131
44,altosight.com//12243,altosight.com//638
44,altosight.com//12243,altosight.com//7918
44,altosight.com//12243,altosight.com//8485
44,altosight.com//12473,altosight.com//12826
44,altosight.com//12473,altosight.com//13433
44,altosight.com//12473,altosight.com//13779
44,altosight.com//12473,altosight.com//1496
44,altosight.com//12473,altosight.com//2742
44,altosight.com//12473,altosight.com//3531
44,altosight.com//12473,altosight.com//3661
44,altosight.com//12473,altosight.com//4131
44,altosight.com//12473,altosight.com//638
44,altosight.com//12473,altosight.com//7918
44,altosight.com//12473,altosight.com//8485
44,altosight.com//12826,altosight.com//13433
44,altosight.com//12826,altosight.com//13779
44,altosight.com//12826,altosight.com//1496
44,altosight.com//12826,altosight.com//2742
44,altosight.com//12826,altosight.com//3531
44,altosight.com//12826,altosight.com//3661
44,altosight.com//12826,altosight.com//4131
44,altosight.com//12826,altosight.com//638
44,altosight.com//12826,altosight.com//7918
44,altosight.com//12826,altosight.com//8485
44,altosight.com//13433,altosight.com//13779
44,altosight.com//13433,altosight.com//1496
44,altosight.com//13433,altosight.com//2742
44,altosight.com//13433,altosight.com//3531
44,altosight.com//13433,altosight.com//3661
44,altosight.com//13433,altosight.com//4131
44,altosight.com//13433,altosight.com//638
44,altosight.com//13433,altosight.com//7918
44,altosight.com//13433,altosight.com//8485
44,altosight.com//13779,altosight.com//1496
44,altosight.com//13779,altosight.com//2742
44,altosight.com//13779,altosight.com//3531
44,altosight.com//13779,altosight.com//3661
44,altosight.com//13779,altosight.com//4131
44,altosight.com//13779,altosight.com//638
44,altosight.com//13779,altosight.com//7918
44,altosight.com//13779,altosight.com//8485
44,altosight.com//1496,altosight.com//2742
44,altosight.com//1496,altosight.com//3531
44,altosight.com//1496,altosight.com//3661
44,altosight.com//1496,altosight.com//4131
44,altosight.com//1496,altosight.com//638
44,altosight.com//1496,altosight.com//7918
44,altosight.com//1496,altosight.com//8485
44,altosight.com//2742,altosight.com//3531
44,altosight.com//2742,altosight.com//3661
44,altosight.com//2742,altosight.com//4131
44,altosight.com//2742,altosight.com//638
44,altosight.com//2742,altosight.com//7918
44,altosight.com//2742,altosight.com//8485
44,altosight.com//3531,altosight.com//3661
44,altosight.com//3531,altosight.com//4131
44,altosight.com//3531,altosight.com//638
44,altosight.com//3531,altosight.com//7918
44,altosight.com//3531,altosight.com//8485
44,altosight.com//3661,altosight.com//4131
44,altosight.com//3661,altosight.com//638
44,altosight.com//3661,altosight.com//7918
44,altosight.com//3661,altosight.com//8485
44,altosight.com//4131,altosight.com//638
44,altosight.com//4131,altosight.com//7918
44,altosight.com//4131,altosight.com//8485
44,altosight.com//638,altosight.com//7918
44,altosight.com//638,altosight.com//8485
44,altosight.com//7918,altosight.com//8485
45,altosight.com//11580,altosight.com//12958
45,altosight.com//11580,altosight.com//13165
45,altosight.com//11580,altosight.com//2063
45,altosight.com//11580,altosight.com//2114
45,altosight.com//11580,altosight.com//3538
45,altosight.com//11580,altosight.com//4389
45,altosight.com//11580,altosight.com//4544
45,altosight.com//11580,altosight.com//5003
45,altosight.com//11580,altosight.com//546
45,altosight.com//11580,altosight.com//6141
45,altosight.com//11580,altosight.com//7451
45,altosight.com//11580,altosight.com//7837
45,altosight.com//11580,altosight.com//9050
45,altosight.com//11580,altosight.com//9668
45,altosight.com//12958,altosight.com//13165
45,altosight.com//12958,altosight.com//2063
45,altosight.com//12958,altosight.com//2114
45,altosight.com//12958,altosight.com//3538
45,altosight.com//12958,altosight.com//4389
45,altosight.com//12958,altosight.com//4544
45,altosight.com//12958,altosight.com//5003
45,altosight.com//12958,altosight.com//546
45,altosight.com//12958,altosight.com//6141
45,altosight.com//12958,altosight.com//7451
45,altosight.com//12958,altosight.com//7837
45,altosight.com//12958,altosight.com//9050
45,altosight.com//12958,altosight.com//9668
45,altosight.com//13165,altosight.com//2063
45,altosight.com//13165,altosight.com//2114
45,altosight.com//13165,altosight.com//3538
45,altosight.com//13165,altosight.com//4389
45,altosight.com//13165,altosight.com//4544
45,altosight.com//13165,altosight.com//5003
45,altosight.com//13165,altosight.com//546
45,altosight.com//13165,altosight.com//6141
45,altosight.com//13165,altosight.com//7451
45,altosight.com//13165,altosight.com//7837
45,altosight.com//13165,altosight.com//9050
45,altosight.com//13165,altosight.com//9668
45,altosight.com//2063,altosight.com//2114
45,altosight.com//2063,altosight.com//3538
45,altosight.com//2063,altosight.com//4389
45,altosight.com//2063,altosight.com//4544
45,altosight.com//2063,altosight.com//5003
45,altosight.com//2063,altosight.com//546
45,altosight.com//2063,altosight.com//6141
45,altosight.com//2063,altosight.com//7451
45,altosight.com//2063,altosight.com//7837
45,altosight.com//2063,altosight.com//9050
45,altosight.com//2063,altosight.com//9668
45,altosight.com//2114,altosight.com//3538
45,altosight.com//2114,altosight.com//4389
45,altosight.com//2114,altosight.com//4544
45,altosight.com//2114,altosight.com//5003
45,altosight.com//2114,altosight.com//546
45,altosight.com//2114,altosight.com//6141
45,altosight.com//2114,altosight.com//7451
45,altosight.com//2114,altosight.com//7837
45,altosight.com//2114,altosight.com//9050
45,altosight.com//2114,altosight.com//9668
45,altosight.com//3538,altosight.com//4389
45,altosight.com//3538,altosight.com//4544
45,altosight.com//3538,altosight.com//5003
45,altosight.com//3538,altosight.com//546
45,altosight.com//3538,altosight.com//6141
45,altosight.com//3538,altosight.com//7451
45,altosight.com//3538,altosight.com//7837
45,altosight.com//3538,altosight.com//9050
45,altosight.com//3538,altosight.com//9668
45,altosight.com//4389,altosight.com//4544
45,altosight.com//4389,altosight.com//5003
45,altosight.com//4389,altosight.com//546
45,altosight.com//4389,altosight.com//6141
45,altosight.com//4389,altosight.com//7451
45,altosight.com//4389,altosight.com//7837
45,altosight.com//4389,altosight.com//9050
45,altosight.com//4389,altosight.com//9668
45,altosight.com//4544,altosight.com//5003
45,altosight.com//4544,altosight.com//546
45,altosight.com//4544,altosight.com//6141
45,altosight.com//4544,altosight.com//7451
45,altosight.com//4544,altosight.com//7837
45,altosight.com//4544,altosight.com//9050
45,altosight.com//4544,altosight.com//9668
45,altosight.com//5003,altosight.com//546
45,altosight.com//5003,altosight.com//6141
45,altosight.com//5003,altosight.com//7451
45,altosight.com//5003,altosight.com//7837
45,altosight.com//5003,altosight.com//9050
45,altosight.com//5003,altosight.com//9668
45,altosight.com//546,altosight.com//6141
45,altosight.com//546,altosight.com//7451
45,altosight.com//546,altosight.com//7837
45,altosight.com//546,altosight.com//9050
45,altosight.com//546,altosight.com//9668
45,altosight.com//6141,altosight.com//7451
45,altosight.com//6141,altosight.com//7837
45,altosight.com//6141,altosight.com//9050
45,altosight.com//6141,altosight.com//9668
45,altosight.com//7451,altosight.com//7837
45,altosight.com//7451,altosight.com//9050
45,altosight.com//7451,altosight.com//9668
45,altosight.com//7837,altosight.com//9050
45,altosight.com//7837,altosight.com//9668
45,altosight.com//9050,altosight.com//9668
46,altosight.com//1160,altosight.com//13950
46,altosight.com//1160,altosight.com//1872
46,altosight.com//1160,altosight.com//3407
46,altosight.com//1160,altosight.com//3762
46,altosight.com//1160,altosight.com//3815
46,altosight.com//1160,altosight.com//3899
46,altosight.com//1160,altosight.com//5016
46,altosight.com//1160,altosight.com//6139
46,altosight.com//1160,altosight.com//6221
46,altosight.com//1160,altosight.com//693
46,altosight.com//1160,altosight.com//835
46,altosight.com//1160,altosight.com//8513
46,altosight.com//1160,altosight.com//9071
46,altosight.com//1160,altosight.com//926
46,altosight.com//13950,altosight.com//1872
46,altosight.com//13950,altosight.com//3407
46,altosight.com//13950,altosight.com//3762
46,altosight.com//13950,altosight.com//3815
46,altosight.com//13950,altosight.com//3899
46,altosight.com//13950,altosight.com//5016
46,altosight.com//13950,altosight.com//6139
46,altosight.com//13950,altosight.com//6221
46,altosight.com//13950,altosight.com//693
46,altosight.com//13950,altosight.com//835
46,altosight.com//13950,altosight.com//8513
46,altosight.com//13950,altosight.com//9071
46,altosight.com//13950,altosight.com//926
46,altosight.com//1872,altosight.com//3407
46,altosight.com//1872,altosight.com//3762
46,altosight.com//1872,altosight.com//3815
46,altosight.com//1872,altosight.com//3899
46,altosight.com//1872,altosight.com//5016
46,altosight.com//1872,altosight.com//6139
46,altosight.com//1872,altosight.com//6221
46,altosight.com//1872,altosight.com//693
46,altosight.com//1872,altosight.com//835
46,altosight.com//1872,altosight.com//8513
46,altosight.com//1872,altosight.com//9071
46,altosight.com//1872,altosight.com//926
46,altosight.com//3407,altosight.com//3762
46,altosight.com//3407,altosight.com//3815
46,altosight.com//3407,altosight.com//3899
46,altosight.com//3407,altosight.com//5016
46,altosight.com//3407,altosight.com//6139
46,altosight.com//3407,altosight.com//6221
46,altosight.com//3407,altosight.com//693
46,altosight.com//3407,altosight.com//835
46,altosight.com//3407,altosight.com//8513
46,altosight.com//3407,altosight.com//9071
46,altosight.com//3407,altosight.com//926
46,altosight.com//3762,altosight.com//3815
46,altosight.com//3762,altosight.com//3899
46,altosight.com//3762,altosight.com//5016
46,altosight.com//3762,altosight.com//6139
46,altosight.com//3762,altosight.com//6221
46,altosight.com//3762,altosight.com//693
46,altosight.com//3762,altosight.com//835
46,altosight.com//3762,altosight.com//8513
46,altosight.com//3762,altosight.com//9071
46,altosight.com//3762,altosight.com//926
46,altosight.com//3815,altosight.com//3899
46,altosight.com//3815,altosight.com//5016
46,altosight.com//3815,altosight.com//6139
46,altosight.com//3815,altosight.com//6221
46,altosight.com//3815,altosight.com//693
46,altosight.com//3815,altosight.com//835
46,altosight.com//3815,altosight.com//8513
46,altosight.com//3815,altosight.com//9071
46,altosight.com//3815,altosight.com//926
46,altosight.com//3899,altosight.com//5016
46,altosight.com//3899,altosight.com//6139
46,altosight.com//3899,altosight.com//6221
46,altosight.com//3899,altosight.com//693
46,altosight.com//3899,altosight.com//835
46,altosight.com//3899,altosight.com//8513
46,altosight.com//3899,altosight.com//9071
46,altosight.com//3899,altosight.com//926
46,altosight.com//5016,altosight.com//6139
46,altosight.com//5016,altosight.com//6221
46,altosight.com//5016,altosight.com//693
46,altosight.com//5016,altosight.com//835
46,altosight.com//5016,altosight.com//8513
46,altosight.com//5016,altosight.com//9071
46,altosight.com//5016,altosight.com//926
46,altosight.com//6139,altosight.com//6221
46,altosight.com//6139,altosight.com//693
46,altosight.com//6139,altosight.com//835
46,altosight.com//6139,altosight.com//8513
46,altosight.com//6139,altosight.com//9071
46,altosight.com//6139,altosight.com//926
46,altosight.com//6221,altosight.com//693
46,altosight.com//6221,altosight.com//835
46,altosight.com//6221,altosight.com//8513
46,altosight.com//6221,altosight.com//9071
46,altosight.com//6221,altosight.com//926
46,altosight.com//693,altosight.com//835
46,altosight.com//693,altosight.com//8513
46,altosight.com//693,altosight.com//9071
46,altosight.com//693,altosight.com//926
46,altosight.com//835,altosight.com//8513
46,altosight.com//835,altosight.com//9071
46,altosight.com//835,altosight.com//926
46,altosight.com//8513,altosight.com//9071
46,altosight.com//8513,altosight.com//926
46,altosight.com//9071,altosight.com//926
47,altosight.com//11617,altosight.com//13441
47,altosight.com//11617,altosight.com//3566
47,altosight.com//11617,altosight.com//4150
47,altosight.com//11617,altosight.com//4842
47,altosight.com//11617,altosight.com//5335
47,altosight.com//11617,altosight.com//6453
47,altosight.com//11617,altosight.com//8189
47,altosight.com//11617,altosight.com//8473
47,altosight.com//11617,altosight.com//8591
47,altosight.com//13441,altosight.com//3566
47,altosight.com//13441,altosight.com//4150
47,altosight.com//13441,altosight.com//4842
47,altosight.com//13441,altosight.com//5335
47,altosight.com//13441,altosight.com//6453
47,altosight.com//13441,altosight.com//8189
47,altosight.com//13441,altosight.com//8473
47,altosight.com//13441,altosight.com//8591
47,altosight.com//3566,altosight.com//4150
47,altosight.com//3566,altosight.com//4842
47,altosight.com//3566,altosight.com//5335
47,altosight.com//3566,altosight.com//6453
47,altosight.com//3566,altosight.com//8189
47,altosight.com//3566,altosight.com//8473
47,altosight.com//3566,altosight.com//8591
47,altosight.com//4150,altosight.com//4842
47,altosight.com//4150,altosight.com//5335
47,altosight.com//4150,altosight.com//6453
47,altosight.com//4150,altosight.com//8189
47,altosight.com//4150,altosight.com//8473
47,altosight.com//4150,altosight.com//8591
47,altosight.com//4842,altosight.com//5335
47,altosight.com//4842,altosight.com//6453
47,altosight.com//4842,altosight.com//8189
47,altosight.com//4842,altosight.com//8473
47,altosight.com//4842,altosight.com//8591
47,altosight.com//5335,altosight.com//6453
47,altosight.com//5335,altosight.com//8189
47,altosight.com//5335,altosight.com//8473
47,altosight.com//5335,altosight.com//8591
47,altosight.com//6453,altosight.com//8189
47,altosight.com//6453,altosight.com//8473
47,altosight.com//6453,altosight.com//8591
47,altosight.com//8189,altosight.com//8473
47,altosight.com//8189,altosight.com//8591
47,altosight.com//8473,altosight.com//8591
48,altosight.com//11645,altosight.com//1353
48,altosight.com//11645,altosight.com//4124
48,altosight.com//11645,altosight.com//4524
48,altosight.com//11645,altosight.com//4825
48,altosight.com//11645,altosight.com//5313
48,altosight.com//11645,altosight.com//6439
48,altosight.com//11645,altosight.com//9545
48,altosight.com//1353,altosight.com//4124
48,altosight.com//1353,altosight.com//4524
48,altosight.com//1353,altosight.com//4825
48,altosight.com//1353,altosight.com//5313
48,altosight.com//1353,altosight.com//6439
48,altosight.com//1353,altosight.com//9545
48,altosight.com//4124,altosight.com//4524
48,altosight.com//4124,altosight.com//4825
48,altosight.com//4124,altosight.com//5313
48,altosight.com//4124,altosight.com//6439
48,altosight.com//4124,altosight.com//9545
48,altosight.com//4524,altosight.com//4825
48,altosight.com//4524,altosight.com//5313
48,altosight.com//4524,altosight.com//6439
48,altosight.com//4524,altosight.com//9545
48,altosight.com//4825,altosight.com//5313
48,altosight.com//4825,altosight.com//6439
48,altosight.com//4825,altosight.com//9545
48,altosight.com//5313,altosight.com//6439
48,altosight.com//5313,altosight.com//9545
48,altosight.com//6439,altosight.com//9545
49,altosight.com//11646,altosight.com//13438
49,altosight.com//11646,altosight.com//3583
49,altosight.com//11646,altosight.com//4164
49,altosight.com//11646,altosight.com//4532
49,altosight.com//11646,altosight.com//4854
49,altosight.com//11646,altosight.com//5349
49,altosight.com//11646,altosight.com//5662
49,altosight.com//11646,altosight.com//6467
49,altosight.com//11646,altosight.com//8476
49,altosight.com//11646,altosight.com//8546
49,altosight.com//13438,altosight.com//3583
49,altosight.com//13438,altosight.com//4164
49,altosight.com//13438,altosight.com//4532
49,altosight.com//13438,altosight.com//4854
49,altosight.com//13438,altosight.com//5349
49,altosight.com//13438,altosight.com//5662
49,altosight.com//13438,altosight.com//6467
49,altosight.com//13438,altosight.com//8476
49,altosight.com//13438,altosight.com//8546
49,altosight.com//3583,altosight.com//4164
49,altosight.com//3583,altosight.com//4532
49,altosight.com//3583,altosight.com//4854
49,altosight.com//3583,altosight.com//5349
49,altosight.com//3583,altosight.com//5662
49,altosight.com//3583,altosight.com//6467
49,altosight.com//3583,altosight.com//8476
49,altosight.com//3583,altosight.com//8546
49,altosight.com//4164,altosight.com//4532
49,altosight.com//4164,altosight.com//4854
49,altosight.com//4164,altosight.com//5349
49,altosight.com//4164,altosight.com//5662
49,altosight.com//4164,altosight.com//6467
49,altosight.com//4164,altosight.com//8476
49,altosight.com//4164,altosight.com//8546
49,altosight.com//4532,altosight.com//4854
49,altosight.com//4532,altosight.com//5349
49,altosight.com//4532,altosight.com//5662
49,altosight.com//4532,altosight.com//6467
49,altosight.com//4532,altosight.com//8476
49,altosight.com//4532,altosight.com//8546
49,altosight.com//4854,altosight.com//5349
49,altosight.com//4854,altosight.com//5662
49,altosight.com//4854,altosight.com//6467
49,altosight.com//4854,altosight.com//8476
49,altosight.com//4854,altosight.com//8546
49,altosight.com//5349,altosight.com//5662
49,altosight.com//5349,altosight.com//6467
49,altosight.com//5349,altosight.com//8476
49,altosight.com//5349,altosight.com//8546
49,altosight.com//5662,altosight.com//6467
49,altosight.com//5662,altosight.com//8476
49,altosight.com//5662,altosight.com//8546
49,altosight.com//6467,altosight.com//8476
49,altosight.com//6467,altosight.com//8546
49,altosight.com//8476,altosight.com//8546
50,altosight.com//11665,altosight.com//13436
50,altosight.com//11665,altosight.com//1354
50,altosight.com//11665,altosight.com//3599
50,altosight.com//11665,altosight.com//4008
50,altosight.com//11665,altosight.com//4527
50,altosight.com//11665,altosight.com//4738
50,altosight.com//11665,altosight.com//5225
50,altosight.com//11665,altosight.com//6350
50,altosight.com//13436,altosight.com//1354
50,altosight.com//13436,altosight.com//3599
50,altosight.com//13436,altosight.com//4008
50,altosight.com//13436,altosight.com//4527
50,altosight.com//13436,altosight.com//4738
50,altosight.com//13436,altosight.com//5225
50,altosight.com//13436,altosight.com//6350
50,altosight.com//1354,altosight.com//3599
50,altosight.com//1354,altosight.com//4008
50,altosight.com//1354,altosight.com//4527
50,altosight.com//1354,altosight.com//4738
50,altosight.com//1354,altosight.com//5225
50,altosight.com//1354,altosight.com//6350
50,altosight.com//3599,altosight.com//4008
50,altosight.com//3599,altosight.com//4527
50,altosight.com//3599,altosight.com//4738
50,altosight.com//3599,altosight.com//5225
50,altosight.com//3599,altosight.com//6350
50,altosight.com//4008,altosight.com//4527
50,altosight.com//4008,altosight.com//4738
50,altosight.com//4008,altosight.com//5225
50,altosight.com//4008,altosight.com//6350
50,altosight.com//4527,altosight.com//4738
50,altosight.com//4527,altosight.com//5225
50,altosight.com//4527,altosight.com//6350
50,altosight.com//4738,altosight.com//5225
50,altosight.com//4738,altosight.com//6350
50,altosight.com//5225,altosight.com//6350
51,altosight.com//11666,altosight.com//3600
51,altosight.com//11666,altosight.com//4189
51,altosight.com//11666,altosight.com//4535
51,altosight.com//11666,altosight.com//4872
51,altosight.com//11666,altosight.com//6306
51,altosight.com//11666,altosight.com//6480
51,altosight.com//11666,altosight.com//8479
51,altosight.com//11666,altosight.com//8549
51,altosight.com//11666,altosight.com//9459
51,altosight.com//3600,altosight.com//4189
51,altosight.com//3600,altosight.com//4535
51,altosight.com//3600,altosight.com//4872
51,altosight.com//3600,altosight.com//6306
51,altosight.com//3600,altosight.com//6480
51,altosight.com//3600,altosight.com//8479
51,altosight.com//3600,altosight.com//8549
51,altosight.com//3600,altosight.com//9459
51,altosight.com//4189,altosight.com//4535
51,altosight.com//4189,altosight.com//4872
51,altosight.com//4189,altosight.com//6306
51,altosight.com//4189,altosight.com//6480
51,altosight.com//4189,altosight.com//8479
51,altosight.com//4189,altosight.com//8549
51,altosight.com//4189,altosight.com//9459
51,altosight.com//4535,altosight.com//4872
51,altosight.com//4535,altosight.com//6306
51,altosight.com//4535,altosight.com//6480
51,altosight.com//4535,altosight.com//8479
51,altosight.com//4535,altosight.com//8549
51,altosight.com//4535,altosight.com//9459
51,altosight.com//4872,altosight.com//6306
51,altosight.com//4872,altosight.com//6480
51,altosight.com//4872,altosight.com//8479
51,altosight.com//4872,altosight.com//8549
51,altosight.com//4872,altosight.com//9459
51,altosight.com//6306,altosight.com//6480
51,altosight.com//6306,altosight.com//8479
51,altosight.com//6306,altosight.com//8549
51,altosight.com//6306,altosight.com//9459
51,altosight.com//6480,altosight.com//8479
51,altosight.com//6480,altosight.com//8549
51,altosight.com//6480,altosight.com//9459
51,altosight.com//8479,altosight.com//8549
51,altosight.com//8479,altosight.com//9459
51,altosight.com//8549,altosight.com//9459
52,altosight.com//1176,altosight.com//12123
52,altosight.com//1176,altosight.com//12124
52,altosight.com//1176,altosight.com//1442
52,altosight.com//1176,altosight.com//1756
52,altosight.com//1176,altosight.com//2228
52,altosight.com//1176,altosight.com//3860
52,altosight.com//1176,altosight.com//4587
52,altosight.com//1176,altosight.com//5057
52,altosight.com//1176,altosight.com//5633
52,altosight.com//1176,altosight.com//5730
52,altosight.com//1176,altosight.com//6180
52,altosight.com//1176,altosight.com//7302
52,altosight.com//1176,altosight.com//7391
52,altosight.com//1176,altosight.com//799
52,altosight.com//12123,altosight.com//12124
52,altosight.com//12123,altosight.com//1442
52,altosight.com//12123,altosight.com//1756
52,altosight.com//12123,altosight.com//2228
52,altosight.com//12123,altosight.com//3860
52,altosight.com//12123,altosight.com//4587
52,altosight.com//12123,altosight.com//5057
52,altosight.com//12123,altosight.com//5633
52,altosight.com//12123,altosight.com//5730
52,altosight.com//12123,altosight.com//6180
52,altosight.com//12123,altosight.com//7302
52,altosight.com//12123,altosight.com//7391
52,altosight.com//12123,altosight.com//799
52,altosight.com//12124,altosight.com//1442
52,altosight.com//12124,altosight.com//1756
52,altosight.com//12124,altosight.com//2228
52,altosight.com//12124,altosight.com//3860
52,altosight.com//12124,altosight.com//4587
52,altosight.com//12124,altosight.com//5057
52,altosight.com//12124,altosight.com//5633
52,altosight.com//12124,altosight.com//5730
52,altosight.com//12124,altosight.com//6180
52,altosight.com//12124,altosight.com//7302
52,altosight.com//12124,altosight.com//7391
52,altosight.com//12124,altosight.com//799
52,altosight.com//1442,altosight.com//1756
52,altosight.com//1442,altosight.com//2228
52,altosight.com//1442,altosight.com//3860
52,altosight.com//1442,altosight.com//4587
52,altosight.com//1442,altosight.com//5057
52,altosight.com//1442,altosight.com//5633
52,altosight.com//1442,altosight.com//5730
52,altosight.com//1442,altosight.com//6180
52,altosight.com//1442,altosight.com//7302
52,altosight.com//1442,altosight.com//7391
52,altosight.com//1442,altosight.com//799
52,altosight.com//1756,altosight.com//2228
52,altosight.com//1756,altosight.com//3860
52,altosight.com//1756,altosight.com//4587
52,altosight.com//1756,altosight.com//5057
52,altosight.com//1756,altosight.com//5633
52,altosight.com//1756,altosight.com//5730
52,altosight.com//1756,altosight.com//6180
52,altosight.com//1756,altosight.com//7302
52,altosight.com//1756,altosight.com//7391
52,altosight.com//1756,altosight.com//799
52,altosight.com//2228,altosight.com//3860
52,altosight.com//2228,altosight.com//4587
52,altosight.com//2228,altosight.com//5057
52,altosight.com//2228,altosight.com//5633
52,altosight.com//2228,altosight.com//5730
52,altosight.com//2228,altosight.com//6180
52,altosight.com//2228,altosight.com//7302
52,altosight.com//2228,altosight.com//7391
52,altosight.com//2228,altosight.com//799
52,altosight.com//3860,altosight.com//4587
52,altosight.com//3860,altosight.com//5057
52,altosight.com//3860,altosight.com//5633
52,altosight.com//3860,altosight.com//5730
52,altosight.com//3860,altosight.com//6180
52,altosight.com//3860,altosight.com//7302
52,altosight.com//3860,altosight.com//7391
52,altosight.com//3860,altosight.com//799
52,altosight.com//4587,altosight.com//5057
52,altosight.com//4587,altosight.com//5633
52,altosight.com//4587,altosight.com//5730
52,altosight.com//4587,altosight.com//6180
52,altosight.com//4587,altosight.com//7302
52,altosight.com//4587,altosight.com//7391
52,altosight.com//4587,altosight.com//799
52,altosight.com//5057,altosight.com//5633
52,altosight.com//5057,altosight.com//5730
52,altosight.com//5057,altosight.com//6180
52,altosight.com//5057,altosight.com//7302
52,altosight.com//5057,altosight.com//7391
52,altosight.com//5057,altosight.com//799
52,altosight.com//5633,altosight.com//5730
52,altosight.com//5633,altosight.com//6180
52,altosight.com//5633,altosight.com//7302
52,altosight.com//5633,altosight.com//7391
52,altosight.com//5633,altosight.com//799
52,altosight.com//5730,altosight.com//6180
52,altosight.com//5730,altosight.com//7302
52,altosight.com//5730,altosight.com//7391
52,altosight.com//5730,altosight.com//799
52,altosight.com//6180,altosight.com//7302
52,altosight.com//6180,altosight.com//7391
52,altosight.com//6180,altosight.com//799
52,altosight.com//7302,altosight.com//7391
52,altosight.com//7302,altosight.com//799
52,altosight.com//7391,altosight.com//799
53,altosight.com//1198,altosight.com//13254
53,altosight.com//1198,altosight.com//13476
53,altosight.com//1198,altosight.com//1454
53,altosight.com//1198,altosight.com//1539
53,altosight.com//1198,altosight.com//3887
53,altosight.com//1198,altosight.com//3894
53,altosight.com//1198,altosight.com//5738
53,altosight.com//1198,altosight.com//6211
53,altosight.com//1198,altosight.com//7325
53,altosight.com//1198,altosight.com//7326
53,altosight.com//1198,altosight.com//9563
53,altosight.com//13254,altosight.com//13476
53,altosight.com//13254,altosight.com//1454
53,altosight.com//13254,altosight.com//1539
53,altosight.com//13254,altosight.com//3887
53,altosight.com//13254,altosight.com//3894
53,altosight.com//13254,altosight.com//5738
53,altosight.com//13254,altosight.com//6211
53,altosight.com//13254,altosight.com//7325
53,altosight.com//13254,altosight.com//7326
53,altosight.com//13254,altosight.com//9563
53,altosight.com//13476,altosight.com//1454
53,altosight.com//13476,altosight.com//1539
53,altosight.com//13476,altosight.com//3887
53,altosight.com//13476,altosight.com//3894
53,altosight.com//13476,altosight.com//5738
53,altosight.com//13476,altosight.com//6211
53,altosight.com//13476,altosight.com//7325
53,altosight.com//13476,altosight.com//7326
53,altosight.com//13476,altosight.com//9563
53,altosight.com//1454,altosight.com//1539
53,altosight.com//1454,altosight.com//3887
53,altosight.com//1454,altosight.com//3894
53,altosight.com//1454,altosight.com//5738
53,altosight.com//1454,altosight.com//6211
53,altosight.com//1454,altosight.com//7325
53,altosight.com//1454,altosight.com//7326
53,altosight.com//1454,altosight.com//9563
53,altosight.com//1539,altosight.com//3887
53,altosight.com//1539,altosight.com//3894
53,altosight.com//1539,altosight.com//5738
53,altosight.com//1539,altosight.com//6211
53,altosight.com//1539,altosight.com//7325
53,altosight.com//1539,altosight.com//7326
53,altosight.com//1539,altosight.com//9563
53,altosight.com//3887,altosight.com//3894
53,altosight.com//3887,altosight.com//5738
53,altosight.com//3887,altosight.com//6211
53,altosight.com//3887,altosight.com//7325
53,altosight.com//3887,altosight.com//7326
53,altosight.com//3887,altosight.com//9563
53,altosight.com//3894,altosight.com//5738
53,altosight.com//3894,altosight.com//6211
53,altosight.com//3894,altosight.com//7325
53,altosight.com//3894,altosight.com//7326
53,altosight.com//3894,altosight.com//9563
53,altosight.com//5738,altosight.com//6211
53,altosight.com//5738,altosight.com//7325
53,altosight.com//5738,altosight.com//7326
53,altosight.com//5738,altosight.com//9563
53,altosight.com//6211,altosight.com//7325
53,altosight.com//6211,altosight.com//7326
53,altosight.com//6211,altosight.com//9563
53,altosight.com//7325,altosight.com//7326
53,altosight.com//7325,altosight.com//9563
53,altosight.com//7326,altosight.com//9563
54,altosight.com//1202,altosight.com//12167
54,altosight.com//1202,altosight.com//5550
54,altosight.com//12167,altosight.com//5550
55,altosight.com//1204,altosight.com//12198
55,altosight.com//1204,altosight.com//13037
55,altosight.com//1204,altosight.com//1472
55,altosight.com//1204,altosight.com//1513
55,altosight.com//1204,altosight.com//2499
55,altosight.com//1204,altosight.com//3476
55,altosight.com//1204,altosight.com//4182
55,altosight.com//1204,altosight.com//4643
55,altosight.com//1204,altosight.com//7775
55,altosight.com//1204,altosight.com//8405
55,altosight.com//1204,altosight.com//8993
55,altosight.com//12198,altosight.com//13037
55,altosight.com//12198,altosight.com//1472
55,altosight.com//12198,altosight.com//1513
55,altosight.com//12198,altosight.com//2499
55,altosight.com//12198,altosight.com//3476
55,altosight.com//12198,altosight.com//4182
55,altosight.com//12198,altosight.com//4643
55,altosight.com//12198,altosight.com//7775
55,altosight.com//12198,altosight.com//8405
55,altosight.com//12198,altosight.com//8993
55,altosight.com//13037,altosight.com//1472
55,altosight.com//13037,altosight.com//1513
55,altosight.com//13037,altosight.com//2499
55,altosight.com//13037,altosight.com//3476
55,altosight.com//13037,altosight.com//4182
55,altosight.com//13037,altosight.com//4643
55,altosight.com//13037,altosight.com//7775
55,altosight.com//13037,altosight.com//8405
55,altosight.com//13037,altosight.com//8993
55,altosight.com//1472,altosight.com//1513
55,altosight.com//1472,altosight.com//2499
55,altosight.com//1472,altosight.com//3476
55,altosight.com//1472,altosight.com//4182
55,altosight.com//1472,altosight.com//4643
55,altosight.com//1472,altosight.com//7775
55,altosight.com//1472,altosight.com//8405
55,altosight.com//1472,altosight.com//8993
55,altosight.com//1513,altosight.com//2499
55,altosight.com//1513,altosight.com//3476
55,altosight.com//1513,altosight.com//4182
55,altosight.com//1513,altosight.com//4643
55,altosight.com//1513,altosight.com//7775
55,altosight.com//1513,altosight.com//8405
55,altosight.com//1513,altosight.com//8993
55,altosight.com//2499,altosight.com//3476
55,altosight.com//2499,altosight.com//4182
55,altosight.com//2499,altosight.com//4643
55,altosight.com//2499,altosight.com//7775
55,altosight.com//2499,altosight.com//8405
55,altosight.com//2499,altosight.com//8993
55,altosight.com//3476,altosight.com//4182
55,altosight.com//3476,altosight.com//4643
55,altosight.com//3476,altosight.com//7775
55,altosight.com//3476,altosight.com//8405
55,altosight.com//3476,altosight.com//8993
55,altosight.com//4182,altosight.com//4643
55,altosight.com//4182,altosight.com//7775
55,altosight.com//4182,altosight.com//8405
55,altosight.com//4182,altosight.com//8993
55,altosight.com//4643,altosight.com//7775
55,altosight.com//4643,altosight.com//8405
55,altosight.com//4643,altosight.com//8993
55,altosight.com//7775,altosight.com//8405
55,altosight.com//7775,altosight.com//8993
55,altosight.com//8405,altosight.com//8993
56,altosight.com//1205,altosight.com//3156
56,altosight.com//1205,altosight.com//9307
56,altosight.com//3156,altosight.com//9307
57,altosight.com//12173,altosight.com//1292
57,altosight.com//12173,altosight.com//1423
57,altosight.com//12173,altosight.com//1506
57,altosight.com//12173,altosight.com//1846
57,altosight.com//12173,altosight.com//4135
57,altosight.com//12173,altosight.com//4548
57,altosight.com//12173,altosight.com//4552
57,altosight.com//12173,altosight.com//6145
57,altosight.com//12173,altosight.com//6150
57,altosight.com//12173,altosight.com//7990
57,altosight.com//12173,altosight.com//9068
57,altosight.com//12173,altosight.com//9108
57,altosight.com//12173,altosight.com//9619
57,altosight.com//1292,altosight.com//1423
57,altosight.com//1292,altosight.com//1506
57,altosight.com//1292,altosight.com//1846
57,altosight.com//1292,altosight.com//4135
57,altosight.com//1292,altosight.com//4548
57,altosight.com//1292,altosight.com//4552
57,altosight.com//1292,altosight.com//6145
57,altosight.com//1292,altosight.com//6150
57,altosight.com//1292,altosight.com//7990
57,altosight.com//1292,altosight.com//9068
57,altosight.com//1292,altosight.com//9108
57,altosight.com//1292,altosight.com//9619
57,altosight.com//1423,altosight.com//1506
57,altosight.com//1423,altosight.com//1846
57,altosight.com//1423,altosight.com//4135
57,altosight.com//1423,altosight.com//4548
57,altosight.com//1423,altosight.com//4552
57,altosight.com//1423,altosight.com//6145
57,altosight.com//1423,altosight.com//6150
57,altosight.com//1423,altosight.com//7990
57,altosight.com//1423,altosight.com//9068
57,altosight.com//1423,altosight.com//9108
57,altosight.com//1423,altosight.com//9619
57,altosight.com//1506,altosight.com//1846
57,altosight.com//1506,altosight.com//4135
57,altosight.com//1506,altosight.com//4548
57,altosight.com//1506,altosight.com//4552
57,altosight.com//1506,altosight.com//6145
57,altosight.com//1506,altosight.com//6150
57,altosight.com//1506,altosight.com//7990
57,altosight.com//1506,altosight.com//9068
57,altosight.com//1506,altosight.com//9108
57,altosight.com//1506,altosight.com//9619
57,altosight.com//1846,altosight.com//4135
57,altosight.com//1846,altosight.com//4548
57,altosight.com//1846,altosight.com//4552
57,altosight.com//1846,altosight.com//6145
57,altosight.com//1846,altosight.com//6150
57,altosight.com//1846,altosight.com//7990
57,altosight.com//1846,altosight.com//9068
57,altosight.com//1846,altosight.com//9108
57,altosight.com//1846,altosight.com//9619
57,altosight.com//4135,altosight.com//4548
57,altosight.com//4135,altosight.com//4552
57,altosight.com//4135,altosight.com//6145
57,altosight.com//4135,altosight.com//6150
57,altosight.com//4135,altosight.com//7990
57,altosight.com//4135,altosight.com//9068
57,altosight.com//4135,altosight.com//9108
57,altosight.com//4135,altosight.com//9619
57,altosight.com//4548,altosight.com//4552
57,altosight.com//4548,altosight.com//6145
57,altosight.com//4548,altosight.com//6150
57,altosight.com//4548,altosight.com//7990
57,altosight.com//4548,altosight.com//9068
57,altosight.com//4548,altosight.com//9108
57,altosight.com//4548,altosight.com//9619
57,altosight.com//4552,altosight.com//6145
57,altosight.com//4552,altosight.com//6150
57,altosight.com//4552,altosight.com//7990
57,altosight.com//4552,altosight.com//9068
57,altosight.com//4552,altosight.com//9108
57,altosight.com//4552,altosight.com//9619
57,altosight.com//6145,altosight.com//6150
57,altosight.com//6145,altosight.com//7990
57,altosight.com//6145,altosight.com//9068
57,altosight.com//6145,altosight.com//9108
57,altosight.com//6145,altosight.com//9619
57,altosight.com//6150,altosight.com//7990
57,altosight.com//6150,altosight.com//9068
57,altosight.com//6150,altosight.com//9108
57,altosight.com//6150,altosight.com//9619
57,altosight.com//7990,altosight.com//9068
57,altosight.com//7990,altosight.com//9108
57,altosight.com//7990,altosight.com//9619
57,altosight.com//9068,altosight.com//9108
57,altosight.com//9068,altosight.com//9619
57,altosight.com//9108,altosight.com//9619
58,altosight.com//12259,altosight.com//12653
58,altosight.com//12259,altosight.com//12967
58,altosight.com//12259,altosight.com//13780
58,altosight.com//12259,altosight.com//212
58,altosight.com//12259,altosight.com//2131
58,altosight.com//12259,altosight.com//2621
58,altosight.com//12259,altosight.com//4282
58,altosight.com//12259,altosight.com//5942
58,altosight.com//12259,altosight.com//6529
58,altosight.com//12259,altosight.com//7424
58,altosight.com//12259,altosight.com//7564
58,altosight.com//12259,altosight.com//9805
58,altosight.com//12653,altosight.com//12967
58,altosight.com//12653,altosight.com//13780
58,altosight.com//12653,altosight.com//212
58,altosight.com//12653,altosight.com//2131
58,altosight.com//12653,altosight.com//2621
58,altosight.com//12653,altosight.com//4282
58,altosight.com//12653,altosight.com//5942
58,altosight.com//12653,altosight.com//6529
58,altosight.com//12653,altosight.com//7424
58,altosight.com//12653,altosight.com//7564
58,altosight.com//12653,altosight.com//9805
58,altosight.com//12967,altosight.com//13780
58,altosight.com//12967,altosight.com//212
58,altosight.com//12967,altosight.com//2131
58,altosight.com//12967,altosight.com//2621
58,altosight.com//12967,altosight.com//4282
58,altosight.com//12967,altosight.com//5942
58,altosight.com//12967,altosight.com//6529
58,altosight.com//12967,altosight.com//7424
58,altosight.com//12967,altosight.com//7564
58,altosight.com//12967,altosight.com//9805
58,altosight.com//13780,altosight.com//212
58,altosight.com//13780,altosight.com//2131
58,altosight.com//13780,altosight.com//2621
58,altosight.com//13780,altosight.com//4282
58,altosight.com//13780,altosight.com//5942
58,altosight.com//13780,altosight.com//6529
58,altosight.com//13780,altosight.com//7424
58,altosight.com//13780,altosight.com//7564
58,altosight.com//13780,altosight.com//9805
58,altosight.com//212,altosight.com//2131
58,altosight.com//212,altosight.com//2621
58,altosight.com//212,altosight.com//4282
58,altosight.com//212,altosight.com//5942
58,altosight.com//212,altosight.com//6529
58,altosight.com//212,altosight.com//7424
58,altosight.com//212,altosight.com//7564
58,altosight.com//212,altosight.com//9805
58,altosight.com//2131,altosight.com//2621
58,altosight.com//2131,altosight.com//4282
58,altosight.com//2131,altosight.com//5942
58,altosight.com//2131,altosight.com//6529
58,altosight.com//2131,altosight.com//7424
58,altosight.com//2131,altosight.com//7564
58,altosight.com//2131,altosight.com//9805
58,altosight.com//2621,altosight.com//4282
58,altosight.com//2621,altosight.com//5942
58,altosight.com//2621,altosight.com//6529
58,altosight.com//2621,altosight.com//7424
58,altosight.com//2621,altosight.com//7564
58,altosight.com//2621,altosight.com//9805
58,altosight.com//4282,altosight.com//5942
58,altosight.com//4282,altosight.com//6529
58,altosight.com//4282,altosight.com//7424
58,altosight.com//4282,altosight.com//7564
58,altosight.com//4282,altosight.com//9805
58,altosight.com//5942,altosight.com//6529
58,altosight.com//5942,altosight.com//7424
58,altosight.com//5942,altosight.com//7564
58,altosight.com//5942,altosight.com//9805
58,altosight.com//6529,altosight.com//7424
58,altosight.com//6529,altosight.com//7564
58,altosight.com//6529,altosight.com//9805
58,altosight.com//7424,altosight.com//7564
58,altosight.com//7424,altosight.com//9805
58,altosight.com//7564,altosight.com//9805
59,altosight.com//12304,altosight.com//13944
59,altosight.com//12304,altosight.com//1871
59,altosight.com//12304,altosight.com//2494
59,altosight.com//13944,altosight.com//1871
59,altosight.com//13944,altosight.com//2494
59,altosight.com//1871,altosight.com//2494
60,altosight.com//12307,altosight.com//13327
61,altosight.com//12392,altosight.com//12393
61,altosight.com//12392,altosight.com//3090
61,altosight.com//12393,altosight.com//3090
62,altosight.com//12394,altosight.com//12395
62,altosight.com//12394,altosight.com//12396
62,altosight.com//12394,altosight.com//3091
62,altosight.com//12395,altosight.com//12396
62,altosight.com//12395,altosight.com//3091
62,altosight.com//12396,altosight.com//3091
63,altosight.com//12397,altosight.com//12398
63,altosight.com//12397,altosight.com//3092
63,altosight.com//12398,altosight.com//3092
64,altosight.com//12399,altosight.com//3093
65,altosight.com//12401,altosight.com//12403
65,altosight.com//12401,altosight.com//3095
65,altosight.com//12403,altosight.com//3095
66,altosight.com//12409,altosight.com//12410
66,altosight.com//12409,altosight.com//12411
66,altosight.com//12409,altosight.com//3098
66,altosight.com//12410,altosight.com//12411
66,altosight.com//12410,altosight.com//3098
66,altosight.com//12411,altosight.com//3098
67,altosight.com//12422,altosight.com//3114
68,altosight.com//12488,altosight.com//13061
68,altosight.com//12488,altosight.com//2486
68,altosight.com//12488,altosight.com//5371
68,altosight.com//12488,altosight.com//68
68,altosight.com//12488,altosight.com//8555
68,altosight.com//13061,altosight.com//2486
68,altosight.com//13061,altosight.com//5371
68,altosight.com//13061,altosight.com//68
68,altosight.com//13061,altosight.com//8555
68,altosight.com//2486,altosight.com//5371
68,altosight.com//2486,altosight.com//68
68,altosight.com//2486,altosight.com//8555
68,altosight.com//5371,altosight.com//68
68,altosight.com//5371,altosight.com//8555
68,altosight.com//68,altosight.com//8555
69,altosight.com//12565,altosight.com//1291
69,altosight.com//12565,altosight.com//13179
69,altosight.com//12565,altosight.com//3832
69,altosight.com//12565,altosight.com//4408
69,altosight.com//12565,altosight.com//4570
69,altosight.com//12565,altosight.com//564
69,altosight.com//12565,altosight.com//573
69,altosight.com//12565,altosight.com//6158
69,altosight.com//12565,altosight.com//7423
69,altosight.com//12565,altosight.com//7854
69,altosight.com//12565,altosight.com//7858
69,altosight.com//12565,altosight.com//8721
69,altosight.com//1291,altosight.com//13179
69,altosight.com//1291,altosight.com//3832
69,altosight.com//1291,altosight.com//4408
69,altosight.com//1291,altosight.com//4570
69,altosight.com//1291,altosight.com//564
69,altosight.com//1291,altosight.com//573
69,altosight.com//1291,altosight.com//6158
69,altosight.com//1291,altosight.com//7423
69,altosight.com//1291,altosight.com//7854
69,altosight.com//1291,altosight.com//7858
69,altosight.com//1291,altosight.com//8721
69,altosight.com//13179,altosight.com//3832
69,altosight.com//13179,altosight.com//4408
69,altosight.com//13179,altosight.com//4570
69,altosight.com//13179,altosight.com//564
69,altosight.com//13179,altosight.com//573
69,altosight.com//13179,altosight.com//6158
69,altosight.com//13179,altosight.com//7423
69,altosight.com//13179,altosight.com//7854
69,altosight.com//13179,altosight.com//7858
69,altosight.com//13179,altosight.com//8721
69,altosight.com//3832,altosight.com//4408
69,altosight.com//3832,altosight.com//4570
69,altosight.com//3832,altosight.com//564
69,altosight.com//3832,altosight.com//573
69,altosight.com//3832,altosight.com//6158
69,altosight.com//3832,altosight.com//7423
69,altosight.com//3832,altosight.com//7854
69,altosight.com//3832,altosight.com//7858
69,altosight.com//3832,altosight.com//8721
69,altosight.com//4408,altosight.com//4570
69,altosight.com//4408,altosight.com//564
69,altosight.com//4408,altosight.com//573
69,altosight.com//4408,altosight.com//6158
69,altosight.com//4408,altosight.com//7423
69,altosight.com//4408,altosight.com//7854
69,altosight.com//4408,altosight.com//7858
69,altosight.com//4408,altosight.com//8721
69,altosight.com//4570,altosight.com//564
69,altosight.com//4570,altosight.com//573
69,altosight.com//4570,altosight.com//6158
69,altosight.com//4570,altosight.com//7423
69,altosight.com//4570,altosight.com//7854
69,altosight.com//4570,altosight.com//7858
69,altosight.com//4570,altosight.com//8721
69,altosight.com//564,altosight.com//573
69,altosight.com//564,altosight.com//6158
69,altosight.com//564,altosight.com//7423
69,altosight.com//564,altosight.com//7854
69,altosight.com//564,altosight.com//7858
69,altosight.com//564,altosight.com//8721
69,altosight.com//573,altosight.com//6158
69,altosight.com//573,altosight.com//7423
69,altosight.com//573,altosight.com//7854
69,altosight.com//573,altosight.com//7858
69,altosight.com//573,altosight.com//8721
69,altosight.com//6158,altosight.com//7423
69,altosight.com//6158,altosight.com//7854
69,altosight.com//6158,altosight.com//7858
69,altosight.com//6158,altosight.com//8721
69,altosight.com//7423,altosight.com//7854
69,altosight.com//7423,altosight.com//7858
69,altosight.com//7423,altosight.com//8721
69,altosight.com//7854,altosight.com//7858
69,altosight.com//7854,altosight.com//8721
69,altosight.com//7858,altosight.com//8721
70,altosight.com//12629,altosight.com//1286
70,altosight.com//12629,altosight.com//13250
70,altosight.com//12629,altosight.com//1543
70,altosight.com//12629,altosight.com//3980
70,altosight.com//12629,altosight.com//438
70,altosight.com//12629,altosight.com//4440
70,altosight.com//12629,altosight.com//4713
70,altosight.com//12629,altosight.com//5199
70,altosight.com//12629,altosight.com//5569
70,altosight.com//12629,altosight.com//5811
70,altosight.com//12629,altosight.com//6319
70,altosight.com//12629,altosight.com//7768
70,altosight.com//12629,altosight.com//9730
70,altosight.com//1286,altosight.com//13250
70,altosight.com//1286,altosight.com//1543
70,altosight.com//1286,altosight.com//3980
70,altosight.com//1286,altosight.com//438
70,altosight.com//1286,altosight.com//4440
70,altosight.com//1286,altosight.com//4713
70,altosight.com//1286,altosight.com//5199
70,altosight.com//1286,altosight.com//5569
70,altosight.com//1286,altosight.com//5811
70,altosight.com//1286,altosight.com//6319
70,altosight.com//1286,altosight.com//7768
70,altosight.com//1286,altosight.com//9730
70,altosight.com//13250,altosight.com//1543
70,altosight.com//13250,altosight.com//3980
70,altosight.com//13250,altosight.com//438
70,altosight.com//13250,altosight.com//4440
70,altosight.com//13250,altosight.com//4713
70,altosight.com//13250,altosight.com//5199
70,altosight.com//13250,altosight.com//5569
70,altosight.com//13250,altosight.com//5811
70,altosight.com//13250,altosight.com//6319
70,altosight.com//13250,altosight.com//7768
70,altosight.com//13250,altosight.com//9730
70,altosight.com//1543,altosight.com//3980
70,altosight.com//1543,altosight.com//438
70,altosight.com//1543,altosight.com//4440
70,altosight.com//1543,altosight.com//4713
70,altosight.com//1543,altosight.com//5199
70,altosight.com//1543,altosight.com//5569
70,altosight.com//1543,altosight.com//5811
70,altosight.com//1543,altosight.com//6319
70,altosight.com//1543,altosight.com//7768
70,altosight.com//1543,altosight.com//9730
70,altosight.com//3980,altosight.com//438
70,altosight.com//3980,altosight.com//4440
70,altosight.com//3980,altosight.com//4713
70,altosight.com//3980,altosight.com//5199
70,altosight.com//3980,altosight.com//5569
70,altosight.com//3980,altosight.com//5811
70,altosight.com//3980,altosight.com//6319
70,altosight.com//3980,altosight.com//7768
70,altosight.com//3980,altosight.com//9730
70,altosight.com//438,altosight.com//4440
70,altosight.com//438,altosight.com//4713
70,altosight.com//438,altosight.com//5199
70,altosight.com//438,altosight.com//5569
70,altosight.com//438,altosight.com//5811
70,altosight.com//438,altosight.com//6319
70,altosight.com//438,altosight.com//7768
70,altosight.com//438,altosight.com//9730
70,altosight.com//4440,altosight.com//4713
70,altosight.com//4440,altosight.com//5199
70,altosight.com//4440,altosight.com//5569
70,altosight.com//4440,altosight.com//5811
70,altosight.com//4440,altosight.com//6319
70,altosight.com//4440,altosight.com//7768
70,altosight.com//4440,altosight.com//9730
70,altosight.com//4713,altosight.com//5199
70,altosight.com//4713,altosight.com//5569
70,altosight.com//4713,altosight.com//5811
70,altosight.com//4713,altosight.com//6319
70,altosight.com//4713,altosight.com//7768
70,altosight.com//4713,altosight.com//9730
70,altosight.com//5199,altosight.com//5569
70,altosight.com//5199,altosight.com//5811
70,altosight.com//5199,altosight.com//6319
70,altosight.com//5199,altosight.com//7768
70,altosight.com//5199,altosight.com//9730
70,altosight.com//5569,altosight.com//5811
70,altosight.com//5569,altosight.com//6319
70,altosight.com//5569,altosight.com//7768
70,altosight.com//5569,altosight.com//9730
70,altosight.com//5811,altosight.com//6319
70,altosight.com//5811,altosight.com//7768
70,altosight.com//5811,altosight.com//9730
70,altosight.com//6319,altosight.com//7768
70,altosight.com//6319,altosight.com//9730
70,altosight.com//7768,altosight.com//9730
71,altosight.com//12813,altosight.com//1520
71,altosight.com//12813,altosight.com//2345
71,altosight.com//12813,altosight.com//3808
71,altosight.com//12813,altosight.com//4513
71,altosight.com//12813,altosight.com//5757
71,altosight.com//12813,altosight.com//6240
71,altosight.com//1520,altosight.com//2345
71,altosight.com//1520,altosight.com//3808
71,altosight.com//1520,altosight.com//4513
71,altosight.com//1520,altosight.com//5757
71,altosight.com//1520,altosight.com//6240
71,altosight.com//2345,altosight.com//3808
71,altosight.com//2345,altosight.com//4513
71,altosight.com//2345,altosight.com//5757
71,altosight.com//2345,altosight.com//6240
71,altosight.com//3808,altosight.com//4513
71,altosight.com//3808,altosight.com//5757
71,altosight.com//3808,altosight.com//6240
71,altosight.com//4513,altosight.com//5757
71,altosight.com//4513,altosight.com//6240
71,altosight.com//5757,altosight.com//6240
72,altosight.com//1295,altosight.com//329
72,altosight.com//1295,altosight.com//3814
72,altosight.com//1295,altosight.com//5696
72,altosight.com//1295,altosight.com//6619
72,altosight.com//1295,altosight.com//7694
72,altosight.com//1295,altosight.com//9189
72,altosight.com//1295,altosight.com//9517
72,altosight.com//329,altosight.com//3814
72,altosight.com//329,altosight.com//5696
72,altosight.com//329,altosight.com//6619
72,altosight.com//329,altosight.com//7694
72,altosight.com//329,altosight.com//9189
72,altosight.com//329,altosight.com//9517
72,altosight.com//3814,altosight.com//5696
72,altosight.com//3814,altosight.com//6619
72,altosight.com//3814,altosight.com//7694
72,altosight.com//3814,altosight.com//9189
72,altosight.com//3814,altosight.com//9517
72,altosight.com//5696,altosight.com//6619
72,altosight.com//5696,altosight.com//7694
72,altosight.com//5696,altosight.com//9189
72,altosight.com//5696,altosight.com//9517
72,altosight.com//6619,altosight.com//7694
72,altosight.com//6619,altosight.com//9189
72,altosight.com//6619,altosight.com//9517
72,altosight.com//7694,altosight.com//9189
72,altosight.com//7694,altosight.com//9517
72,altosight.com//9189,altosight.com//9517
73,altosight.com//13177,altosight.com//1399
73,altosight.com//13177,altosight.com//4853
73,altosight.com//13177,altosight.com//5890
73,altosight.com//13177,altosight.com//8278
73,altosight.com//13177,altosight.com//9590
73,altosight.com//1399,altosight.com//4853
73,altosight.com//1399,altosight.com//5890
73,altosight.com//1399,altosight.com//8278
73,altosight.com//1399,altosight.com//9590
73,altosight.com//4853,altosight.com//5890
73,altosight.com//4853,altosight.com//8278
73,altosight.com//4853,altosight.com//9590
73,altosight.com//5890,altosight.com//8278
73,altosight.com//5890,altosight.com//9590
73,altosight.com//8278,altosight.com//9590
74,altosight.com//13186,altosight.com//1337
74,altosight.com//13186,altosight.com//1370
74,altosight.com//13186,altosight.com//5179
74,altosight.com//13186,altosight.com//5798
74,altosight.com//13186,altosight.com//6298
74,altosight.com//13186,altosight.com//6617
74,altosight.com//13186,altosight.com//8832
74,altosight.com//13186,altosight.com//9529
74,altosight.com//1337,altosight.com//1370
74,altosight.com//1337,altosight.com//5179
74,altosight.com//1337,altosight.com//5798
74,altosight.com//1337,altosight.com//6298
74,altosight.com//1337,altosight.com//6617
74,altosight.com//1337,altosight.com//8832
74,altosight.com//1337,altosight.com//9529
74,altosight.com//1370,altosight.com//5179
74,altosight.com//1370,altosight.com//5798
74,altosight.com//1370,altosight.com//6298
74,altosight.com//1370,altosight.com//6617
74,altosight.com//1370,altosight.com//8832
74,altosight.com//1370,altosight.com//9529
74,altosight.com//5179,altosight.com//5798
74,altosight.com//5179,altosight.com//6298
74,altosight.com//5179,altosight.com//6617
74,altosight.com//5179,altosight.com//8832
74,altosight.com//5179,altosight.com//9529
74,altosight.com//5798,altosight.com//6298
74,altosight.com//5798,altosight.com//6617
74,altosight.com//5798,altosight.com//8832
74,altosight.com//5798,altosight.com//9529
74,altosight.com//6298,altosight.com//6617
74,altosight.com//6298,altosight.com//8832
74,altosight.com//6298,altosight.com//9529
74,altosight.com//6617,altosight.com//8832
74,altosight.com//6617,altosight.com//9529
74,altosight.com//8832,altosight.com//9529
75,altosight.com//13207,altosight.com//4704
75,altosight.com//13207,altosight.com//5193
75,altosight.com//13207,altosight.com//6311
75,altosight.com//13207,altosight.com//8919
75,altosight.com//4704,altosight.com//5193
75,altosight.com//4704,altosight.com//6311
75,altosight.com//4704,altosight.com//8919
75,altosight.com//5193,altosight.com//6311
75,altosight.com//5193,altosight.com//8919
75,altosight.com//6311,altosight.com//8919
76,altosight.com//1321,altosight.com//3833
76,altosight.com//1321,altosight.com//3913
76,altosight.com//1321,altosight.com//4571
76,altosight.com//1321,altosight.com//4638
76,altosight.com//1321,altosight.com//5101
76,altosight.com//1321,altosight.com//566
76,altosight.com//1321,altosight.com//5751
76,altosight.com//1321,altosight.com//6159
76,altosight.com//1321,altosight.com//7434
76,altosight.com//1321,altosight.com//7855
76,altosight.com//1321,altosight.com//8304
76,altosight.com//1321,altosight.com//8712
76,altosight.com//3833,altosight.com//3913
76,altosight.com//3833,altosight.com//4571
76,altosight.com//3833,altosight.com//4638
76,altosight.com//3833,altosight.com//5101
76,altosight.com//3833,altosight.com//566
76,altosight.com//3833,altosight.com//5751
76,altosight.com//3833,altosight.com//6159
76,altosight.com//3833,altosight.com//7434
76,altosight.com//3833,altosight.com//7855
76,altosight.com//3833,altosight.com//8304
76,altosight.com//3833,altosight.com//8712
76,altosight.com//3913,altosight.com//4571
76,altosight.com//3913,altosight.com//4638
76,altosight.com//3913,altosight.com//5101
76,altosight.com//3913,altosight.com//566
76,altosight.com//3913,altosight.com//5751
76,altosight.com//3913,altosight.com//6159
76,altosight.com//3913,altosight.com//7434
76,altosight.com//3913,altosight.com//7855
76,altosight.com//3913,altosight.com//8304
76,altosight.com//3913,altosight.com//8712
76,altosight.com//4571,altosight.com//4638
76,altosight.com//4571,altosight.com//5101
76,altosight.com//4571,altosight.com//566
76,altosight.com//4571,altosight.com//5751
76,altosight.com//4571,altosight.com//6159
76,altosight.com//4571,altosight.com//7434
76,altosight.com//4571,altosight.com//7855
76,altosight.com//4571,altosight.com//8304
76,altosight.com//4571,altosight.com//8712
76,altosight.com//4638,altosight.com//5101
76,altosight.com//4638,altosight.com//566
76,altosight.com//4638,altosight.com//5751
76,altosight.com//4638,altosight.com//6159
76,altosight.com//4638,altosight.com//7434
76,altosight.com//4638,altosight.com//7855
76,altosight.com//4638,altosight.com//8304
76,altosight.com//4638,altosight.com//8712
76,altosight.com//5101,altosight.com//566
76,altosight.com//5101,altosight.com//5751
76,altosight.com//5101,altosight.com//6159
76,altosight.com//5101,altosight.com//7434
76,altosight.com//5101,altosight.com//7855
76,altosight.com//5101,altosight.com//8304
76,altosight.com//5101,altosight.com//8712
76,altosight.com//566,altosight.com//5751
76,altosight.com//566,altosight.com//6159
76,altosight.com//566,altosight.com//7434
76,altosight.com//566,altosight.com//7855
76,altosight.com//566,altosight.com//8304
76,altosight.com//566,altosight.com//8712
76,altosight.com//5751,altosight.com//6159
76,altosight.com//5751,altosight.com//7434
76,altosight.com//5751,altosight.com//7855
76,altosight.com//5751,altosight.com//8304
76,altosight.com//5751,altosight.com//8712
76,altosight.com//6159,altosight.com//7434
76,altosight.com//6159,altosight.com//7855
76,altosight.com//6159,altosight.com//8304
76,altosight.com//6159,altosight.com//8712
76,altosight.com//7434,altosight.com//7855
76,altosight.com//7434,altosight.com//8304
76,altosight.com//7434,altosight.com//8712
76,altosight.com//7855,altosight.com//8304
76,altosight.com//7855,altosight.com//8712
76,altosight.com//8304,altosight.com//8712
77,altosight.com//13252,altosight.com//1443
77,altosight.com//13252,altosight.com//3679
77,altosight.com//13252,altosight.com//431
77,altosight.com//13252,altosight.com//5200
77,altosight.com//13252,altosight.com//5812
77,altosight.com//13252,altosight.com//6320
77,altosight.com//13252,altosight.com//7324
77,altosight.com//13252,altosight.com//7764
77,altosight.com//1443,altosight.com//3679
77,altosight.com//1443,altosight.com//431
77,altosight.com//1443,altosight.com//5200
77,altosight.com//1443,altosight.com//5812
77,altosight.com//1443,altosight.com//6320
77,altosight.com//1443,altosight.com//7324
77,altosight.com//1443,altosight.com//7764
77,altosight.com//3679,altosight.com//431
77,altosight.com//3679,altosight.com//5200
77,altosight.com//3679,altosight.com//5812
77,altosight.com//3679,altosight.com//6320
77,altosight.com//3679,altosight.com//7324
77,altosight.com//3679,altosight.com//7764
77,altosight.com//431,altosight.com//5200
77,altosight.com//431,altosight.com//5812
77,altosight.com//431,altosight.com//6320
77,altosight.com//431,altosight.com//7324
77,altosight.com//431,altosight.com//7764
77,altosight.com//5200,altosight.com//5812
77,altosight.com//5200,altosight.com//6320
77,altosight.com//5200,altosight.com//7324
77,altosight.com//5200,altosight.com//7764
77,altosight.com//5812,altosight.com//6320
77,altosight.com//5812,altosight.com//7324
77,altosight.com//5812,altosight.com//7764
77,altosight.com//6320,altosight.com//7324
77,altosight.com//6320,altosight.com//7764
77,altosight.com//7324,altosight.com//7764
78,altosight.com//13258,altosight.com//1446
78,altosight.com//13258,altosight.com//3663
78,altosight.com//13258,altosight.com//3984
78,altosight.com//13258,altosight.com//434
78,altosight.com//13258,altosight.com//5204
78,altosight.com//13258,altosight.com//590
78,altosight.com//13258,altosight.com//7330
78,altosight.com//13258,altosight.com//7873
78,altosight.com//13258,altosight.com//7876
78,altosight.com//1446,altosight.com//3663
78,altosight.com//1446,altosight.com//3984
78,altosight.com//1446,altosight.com//434
78,altosight.com//1446,altosight.com//5204
78,altosight.com//1446,altosight.com//590
78,altosight.com//1446,altosight.com//7330
78,altosight.com//1446,altosight.com//7873
78,altosight.com//1446,altosight.com//7876
78,altosight.com//3663,altosight.com//3984
78,altosight.com//3663,altosight.com//434
78,altosight.com//3663,altosight.com//5204
78,altosight.com//3663,altosight.com//590
78,altosight.com//3663,altosight.com//7330
78,altosight.com//3663,altosight.com//7873
78,altosight.com//3663,altosight.com//7876
78,altosight.com//3984,altosight.com//434
78,altosight.com//3984,altosight.com//5204
78,altosight.com//3984,altosight.com//590
78,altosight.com//3984,altosight.com//7330
78,altosight.com//3984,altosight.com//7873
78,altosight.com//3984,altosight.com//7876
78,altosight.com//434,altosight.com//5204
78,altosight.com//434,altosight.com//590
78,altosight.com//434,altosight.com//7330
78,altosight.com//434,altosight.com//7873
78,altosight.com//434,altosight.com//7876
78,altosight.com//5204,altosight.com//590
78,altosight.com//5204,altosight.com//7330
78,altosight.com//5204,altosight.com//7873
78,altosight.com//5204,altosight.com//7876
78,altosight.com//590,altosight.com//7330
78,altosight.com//590,altosight.com//7873
78,altosight.com//590,altosight.com//7876
78,altosight.com//7330,altosight.com//7873
78,altosight.com//7330,altosight.com//7876
78,altosight.com//7873,altosight.com//7876
79,altosight.com//13259,altosight.com//1447
79,altosight.com//13259,altosight.com//3698
79,altosight.com//13259,altosight.com//3983
79,altosight.com//13259,altosight.com//435
79,altosight.com//13259,altosight.com//4429
79,altosight.com//13259,altosight.com//5554
79,altosight.com//13259,altosight.com//592
79,altosight.com//13259,altosight.com//7331
79,altosight.com//13259,altosight.com//7875
79,altosight.com//1447,altosight.com//3698
79,altosight.com//1447,altosight.com//3983
79,altosight.com//1447,altosight.com//435
79,altosight.com//1447,altosight.com//4429
79,altosight.com//1447,altosight.com//5554
79,altosight.com//1447,altosight.com//592
79,altosight.com//1447,altosight.com//7331
79,altosight.com//1447,altosight.com//7875
79,altosight.com//3698,altosight.com//3983
79,altosight.com//3698,altosight.com//435
79,altosight.com//3698,altosight.com//4429
79,altosight.com//3698,altosight.com//5554
79,altosight.com//3698,altosight.com//592
79,altosight.com//3698,altosight.com//7331
79,altosight.com//3698,altosight.com//7875
79,altosight.com//3983,altosight.com//435
79,altosight.com//3983,altosight.com//4429
79,altosight.com//3983,altosight.com//5554
79,altosight.com//3983,altosight.com//592
79,altosight.com//3983,altosight.com//7331
79,altosight.com//3983,altosight.com//7875
79,altosight.com//435,altosight.com//4429
79,altosight.com//435,altosight.com//5554
79,altosight.com//435,altosight.com//592
79,altosight.com//435,altosight.com//7331
79,altosight.com//435,altosight.com//7875
79,altosight.com//4429,altosight.com//5554
79,altosight.com//4429,altosight.com//592
79,altosight.com//4429,altosight.com//7331
79,altosight.com//4429,altosight.com//7875
79,altosight.com//5554,altosight.com//592
79,altosight.com//5554,altosight.com//7331
79,altosight.com//5554,altosight.com//7875
79,altosight.com//592,altosight.com//7331
79,altosight.com//592,altosight.com//7875
79,altosight.com//7331,altosight.com//7875
80,altosight.com//13390,altosight.com//1482
80,altosight.com//13390,altosight.com//1483
80,altosight.com//1482,altosight.com//1483
81,altosight.com//13439,altosight.com//2255
81,altosight.com//13439,altosight.com//3595
81,altosight.com//13439,altosight.com//4188
81,altosight.com//13439,altosight.com//4534
81,altosight.com//13439,altosight.com//4871
81,altosight.com//13439,altosight.com//5370
81,altosight.com//13439,altosight.com//6479
81,altosight.com//13439,altosight.com//8478
81,altosight.com//13439,altosight.com//8548
81,altosight.com//13439,altosight.com//9458
81,altosight.com//2255,altosight.com//3595
81,altosight.com//2255,altosight.com//4188
81,altosight.com//2255,altosight.com//4534
81,altosight.com//2255,altosight.com//4871
81,altosight.com//2255,altosight.com//5370
81,altosight.com//2255,altosight.com//6479
81,altosight.com//2255,altosight.com//8478
81,altosight.com//2255,altosight.com//8548
81,altosight.com//2255,altosight.com//9458
81,altosight.com//3595,altosight.com//4188
81,altosight.com//3595,altosight.com//4534
81,altosight.com//3595,altosight.com//4871
81,altosight.com//3595,altosight.com//5370
81,altosight.com//3595,altosight.com//6479
81,altosight.com//3595,altosight.com//8478
81,altosight.com//3595,altosight.com//8548
81,altosight.com//3595,altosight.com//9458
81,altosight.com//4188,altosight.com//4534
81,altosight.com//4188,altosight.com//4871
81,altosight.com//4188,altosight.com//5370
81,altosight.com//4188,altosight.com//6479
81,altosight.com//4188,altosight.com//8478
81,altosight.com//4188,altosight.com//8548
81,altosight.com//4188,altosight.com//9458
81,altosight.com//4534,altosight.com//4871
81,altosight.com//4534,altosight.com//5370
81,altosight.com//4534,altosight.com//6479
81,altosight.com//4534,altosight.com//8478
81,altosight.com//4534,altosight.com//8548
81,altosight.com//4534,altosight.com//9458
81,altosight.com//4871,altosight.com//5370
81,altosight.com//4871,altosight.com//6479
81,altosight.com//4871,altosight.com//8478
81,altosight.com//4871,altosight.com//8548
81,altosight.com//4871,altosight.com//9458
81,altosight.com//5370,altosight.com//6479
81,altosight.com//5370,altosight.com//8478
81,altosight.com//5370,altosight.com//8548
81,altosight.com//5370,altosight.com//9458
81,altosight.com//6479,altosight.com//8478
81,altosight.com//6479,altosight.com//8548
81,altosight.com//6479,altosight.com//9458
81,altosight.com//8478,altosight.com//8548
81,altosight.com//8478,altosight.com//9458
81,altosight.com//8548,altosight.com//9458
82,altosight.com//13628,altosight.com//6178
83,altosight.com//13814,altosight.com//1444
83,altosight.com//13814,altosight.com//2123
83,altosight.com//13814,altosight.com//3686
83,altosight.com//13814,altosight.com//3978
83,altosight.com//13814,altosight.com//432
83,altosight.com//13814,altosight.com//4427
83,altosight.com//13814,altosight.com//5198
83,altosight.com//13814,altosight.com//5809
83,altosight.com//13814,altosight.com//6317
83,altosight.com//13814,altosight.com//7765
83,altosight.com//13814,altosight.com//9513
83,altosight.com//1444,altosight.com//2123
83,altosight.com//1444,altosight.com//3686
83,altosight.com//1444,altosight.com//3978
83,altosight.com//1444,altosight.com//432
83,altosight.com//1444,altosight.com//4427
83,altosight.com//1444,altosight.com//5198
83,altosight.com//1444,altosight.com//5809
83,altosight.com//1444,altosight.com//6317
83,altosight.com//1444,altosight.com//7765
83,altosight.com//1444,altosight.com//9513
83,altosight.com//2123,altosight.com//3686
83,altosight.com//2123,altosight.com//3978
83,altosight.com//2123,altosight.com//432
83,altosight.com//2123,altosight.com//4427
83,altosight.com//2123,altosight.com//5198
83,altosight.com//2123,altosight.com//5809
83,altosight.com//2123,altosight.com//6317
83,altosight.com//2123,altosight.com//7765
83,altosight.com//2123,altosight.com//9513
83,altosight.com//3686,altosight.com//3978
83,altosight.com//3686,altosight.com//432
83,altosight.com//3686,altosight.com//4427
83,altosight.com//3686,altosight.com//5198
83,altosight.com//3686,altosight.com//5809
83,altosight.com//3686,altosight.com//6317
83,altosight.com//3686,altosight.com//7765
83,altosight.com//3686,altosight.com//9513
83,altosight.com//3978,altosight.com//432
83,altosight.com//3978,altosight.com//4427
83,altosight.com//3978,altosight.com//5198
83,altosight.com//3978,altosight.com//5809
83,altosight.com//3978,altosight.com//6317
83,altosight.com//3978,altosight.com//7765
83,altosight.com//3978,altosight.com//9513
83,altosight.com//432,altosight.com//4427
83,altosight.com//432,altosight.com//5198
83,altosight.com//432,altosight.com//5809
83,altosight.com//432,altosight.com//6317
83,altosight.com//432,altosight.com//7765
83,altosight.com//432,altosight.com//9513
83,altosight.com//4427,altosight.com//5198
83,altosight.com//4427,altosight.com//5809
83,altosight.com//4427,altosight.com//6317
83,altosight.com//4427,altosight.com//7765
83,altosight.com//4427,altosight.com//9513
83,altosight.com//5198,altosight.com//5809
83,altosight.com//5198,altosight.com//6317
83,altosight.com//5198,altosight.com//7765
83,altosight.com//5198,altosight.com//9513
83,altosight.com//5809,altosight.com//6317
83,altosight.com//5809,altosight.com//7765
83,altosight.com//5809,altosight.com//9513
83,altosight.com//6317,altosight.com//7765
83,altosight.com//6317,altosight.com//9513
83,altosight.com//7765,altosight.com//9513
84,altosight.com//13832,altosight.com//4492
84,altosight.com//13832,altosight.com//6534
84,altosight.com//4492,altosight.com//6534
85,altosight.com//1550,altosight.com//4539
85,altosight.com//1550,altosight.com//5666
85,altosight.com//1550,altosight.com//5667
85,altosight.com//4539,altosight.com//5666
85,altosight.com//4539,altosight.com//5667
85,altosight.com//5666,altosight.com//5667
86,altosight.com//1825,altosight.com//3224
86,altosight.com//1825,altosight.com//4850
86,altosight.com//3224,altosight.com//4850
87,altosight.com//2282,altosight.com//66
87,altosight.com//2282,altosight.com//7785
87,altosight.com//2282,altosight.com//9236
87,altosight.com//66,altosight.com//7785
87,altosight.com//66,altosight.com//9236
87,altosight.com//7785,altosight.com//9236
88,altosight.com//2283,altosight.com//7787
89,altosight.com//2331,altosight.com//4516
89,altosight.com//2331,altosight.com//6243
89,altosight.com//4516,altosight.com//6243
90,altosight.com//3672,altosight.com//3676
90,altosight.com//3672,altosight.com//3677
90,altosight.com//3672,altosight.com//4108
90,altosight.com//3672,altosight.com//4815
90,altosight.com//3672,altosight.com//6198
90,altosight.com//3672,altosight.com//6431
90,altosight.com//3672,altosight.com//6432
90,altosight.com//3672,altosight.com//9054
90,altosight.com//3676,altosight.com//3677
90,altosight.com//3676,altosight.com//4108
90,altosight.com//3676,altosight.com//4815
90,altosight.com//3676,altosight.com//6198
90,altosight.com//3676,altosight.com//6431
90,altosight.com//3676,altosight.com//6432
90,altosight.com//3676,altosight.com//9054
90,altosight.com//3677,altosight.com//4108
90,altosight.com//3677,altosight.com//4815
90,altosight.com//3677,altosight.com//6198
90,altosight.com//3677,altosight.com//6431
90,altosight.com//3677,altosight.com//6432
90,altosight.com//3677,altosight.com//9054
90,altosight.com//4108,altosight.com//4815
90,altosight.com//4108,altosight.com//6198
90,altosight.com//4108,altosight.com//6431
90,altosight.com//4108,altosight.com//6432
90,altosight.com//4108,altosight.com//9054
90,altosight.com//4815,altosight.com//6198
90,altosight.com//4815,altosight.com//6431
90,altosight.com//4815,altosight.com//6432
90,altosight.com//4815,altosight.com//9054
90,altosight.com//6198,altosight.com//6431
90,altosight.com//6198,altosight.com//6432
90,altosight.com//6198,altosight.com//9054
90,altosight.com//6431,altosight.com//6432
90,altosight.com//6431,altosight.com//9054
90,altosight.com//6432,altosight.com//9054
91,altosight.com//4130,altosight.com//4173
91,altosight.com//4130,altosight.com//4861
91,altosight.com//4130,altosight.com//5314
91,altosight.com//4130,altosight.com//5358
91,altosight.com//4130,altosight.com//6600
91,altosight.com//4130,altosight.com//6601
91,altosight.com//4130,altosight.com//8812
91,altosight.com//4173,altosight.com//4861
91,altosight.com//4173,altosight.com//5314
91,altosight.com//4173,altosight.com//5358
91,altosight.com//4173,altosight.com//6600
91,altosight.com//4173,altosight.com//6601
91,altosight.com//4173,altosight.com//8812
91,altosight.com//4861,altosight.com//5314
91,altosight.com//4861,altosight.com//5358
91,altosight.com//4861,altosight.com//6600
91,altosight.com//4861,altosight.com//6601
91,altosight.com//4861,altosight.com//8812
91,altosight.com//5314,altosight.com//5358
91,altosight.com//5314,altosight.com//6600
91,altosight.com//5314,altosight.com//6601
91,altosight.com//5314,altosight.com//8812
91,altosight.com//5358,altosight.com//6600
91,altosight.com//5358,altosight.com//6601
91,altosight.com//5358,altosight.com//8812
91,altosight.com//6600,altosight.com//6601
91,altosight.com//6600,altosight.com//8812
91,altosight.com//6601,altosight.com//8812
92,altosight.com//4228,altosight.com//5923
93,altosight.com//618,altosight.com//8225
94,altosight.com//6673,altosight.com//6674
95,altosight.com//7371,altosight.com//9440
