title,country,rating,listed_in,description
"Game Over, Man!",United States,TV-MA,"Action & Adventure, Comedies",Three buddies with big dreams go from underachieving slackers to badass warriors when their posh hotel is taken over by terrorists.
Arsenio Hall: Smart & Classy,United States,TV-MA,Stand-Up Comedy,"In his first stand-up special, Arsenio Hall discusses getting older, the changing times and culture, social issues and even bothersome baby toes."
Kazoops!,Australia,TV-Y,Kids' TV,Music meets imagination in this inventive animated series about thinking outside the box and having fun.
We Are the Champions,United States,TV-MA,"Docuseries, Reality TV","Explore an array of unique competitions, from the quirky to the bizarre, and meet their passionate communities in this docuseries."
"Pablo Escobar, el patrón del mal",Colombia,TV-MA,"Crime TV Shows, International TV Shows, Spanish-Language TV Shows","From his days as a petty thief to becoming head of a drug-trafficking empire, this riveting series charts the life of the infamous Pablo Escobar."
Saint Seiya: The Lost Canvas,Japan,TV-MA,"Anime Series, International TV Shows",This anime adventure follows the battle between a saint of Athena and an avatar of Hades who's working on a painting that could destroy the world.
Fauda,Israel,TV-MA,"Crime TV Shows, International TV Shows, TV Action & Adventure","A top Israeli agent comes out of retirement to hunt for a Palestinian militant he thought he'd killed, setting a chaotic chain of events into motion."
The Cook of Castamar,,TV-MA,"International TV Shows, Romantic TV Shows, Spanish-Language TV Shows","In 1720 Madrid, a talented cook catches the eye of a widowed duke just as he returns to aristocratic society. Based on the novel by Fernando J. Múñez."
The App That Stole Christmas,United States,TV-PG,"Children & Family Movies, Comedies","A tech entrepreneur's Christmas shopping app is a smashing success, but he starts to realize his invention might be ruining the holiday spirit."
Mute,"United Kingdom, Germany",TV-MA,"Sci-Fi & Fantasy, Thrillers","When his girlfriend vanishes, a mute man ventures into a near-future Berlin's seamy underworld, where his actions speak louder than words."
"Drugs, Inc.",United States,TV-MA,"Crime TV Shows, Docuseries","This absorbing documentary series follows the entire supply chain of the illicit drug trade, tracing its production, export, sale and consumption."
Den of Thieves,United States,R,Action & Adventure,A highly skilled crew of bank robbers plotting a heist at the supposedly impenetrable Federal Reserve faces off against an elite unit of L.A. cops.
The President's Barber,South Korea,TV-MA,"Comedies, Dramas, International Movies","The personal barber to the president, as well as his wife and only son, get tangled in the political chaos that gripped South Korea in the late 1900s."
The Dirt,United States,TV-MA,"Comedies, Dramas, Music & Musicals","In this unflinching biopic based on Mötley Crüe's best-selling book, four LA misfits navigate the monster highs and savage lows of music superstardom."
Brews Brothers,United States,TV-MA,TV Comedies,"Two rival brothers must work together to keep their brewery in business, but shenanigans keep foaming up their company with chaos."
Rodney Carrington: Here Comes the Truth,United States,TV-MA,Stand-Up Comedy,"Raunchy country comic and musician Rodney Carrington jokes and sings about life in his 40s, poking fun at sex, relationships and gaining weight."
Planet Hulk,United States,TV-14,"Action & Adventure, Sci-Fi & Fantasy","When Earth's superheroes exile the volatile Incredible Hulk to a distant planet called Sakaar, the muscle-bound green monster is sold into slavery."
Tree Man,Canada,TV-PG,Documentaries,"Entrepreneurs from Vermont and Quebec sell Christmas trees on the streets of New York, becoming a cherished part of neighborhood holiday traditions."
Ladies First,India,TV-G,"Documentaries, International Movies, Sports Movies","Born amid poverty and limited women's rights in the village of Ratu, India, Deepika Kumari rose to become the No.1 female archer in the world at 18."
King Jack,United States,NR,"Dramas, Independent Movies","Already coping with a bully, a mercurial older brother and summer school, 15-year-old Jack is saddled with his young cousin for an eventful weekend."
"I love you, stupid",Spain,TV-MA,"Comedies, International Movies, Romantic Movies","After Marcos is dumped by his girlfriend, he attempts to reinvent himself as a modern man with the help of a childhood friend and an online guru."
A Family Man,"Canada, United States",R,Dramas,A ruthless corporate headhunter battles his rival for a promotion while dealing with a family crisis that threatens to derail his career.
Boomika (Telugu),,TV-14,"Horror Movies, International Movies, Thrillers","Paranormal activity at a lush, abandoned property alarms a group eager to redevelop the site, but the eerie events may not be as unearthly as they think."
3 Türken & ein Baby,Germany,TV-MA,"Comedies, International Movies",The lives of three dissatisfied brothers running a family bridal shop turn topsy-turvy when one of them has to care for his ex-girlfriend's baby.
Teenage Bounty Hunters,United States,TV-MA,"Crime TV Shows, TV Comedies, TV Dramas",Twin sisters Sterling and Blair balance teen life at an elite Southern high school with an unlikely new career as butt-kicking bounty hunters.
I'm Sorry,United States,TV-MA,TV Comedies,"Life is a series of awkward situations for comedy writer and mom Andrea, thanks to plenty of neuroses and a knack for sticking her foot in her mouth."
Taken,"France, United States",TV-14,"Crime TV Shows, TV Action & Adventure, TV Thrillers","After a personal tragedy upends his life, a highly skilled former Green Beret is drawn into a career as a secret government operative."
Harriet the Spy: Blog Wars,"United States, Canada",TV-G,"Children & Family Movies, Comedies",Intrepid writer Harriet Welsch is determined to become the class blogger despite stiff competition from her snooty archrival.
Jal,India,TV-14,"Dramas, Independent Movies, International Movies",A gifted young man from a drought-stricken village helps a group of ecologists find water for migrating flamingoes.
Only Mine,United States,TV-14,Thrillers,"After dating a charming cop who turns into an obsessive stalker, a small-town girl must save herself from his deadly ways."
Bibi & Tina: Tohuwabohu Total,Germany,TV-14,"Children & Family Movies, Music & Musicals",Teen witch Bibi and her pal Tina return to the screen to reconcile a runaway girl with her narrow-minded family and save Falkenstein Castle from chaos.
Darna Mana Hai,India,TV-MA,"Horror Movies, International Movies, Thrillers","Stranded in a jungle when their car breaks down, six friends pass their time exchanging horror stories, unaware that they may be part of one themselves."
Professor,India,TV-PG,"Comedies, Dramas, International Movies",A college grad in need of money must disguise himself as an old man to tutor two young women who are under the watchful eye of their strict aunt.
Posesif,Indonesia,TV-MA,"Dramas, International Movies, Romantic Movies",A student diver risks her scholastic future and relationship with her father when she dates a moody transfer student consumed by their romance.
The lynx,Poland,TV-14,"Dramas, International Movies",A priest's duties are tested when a young guerrilla asks for absolution while confessing his plans to murder a local man he believes is a traitor.
Nightflyers,United States,TV-MA,"TV Horror, TV Mysteries, TV Sci-Fi & Fantasy","With humankind's future at stake, a group of scientists and a powerful telepath venture into the void aboard a spaceship full of secrets."
Eyyvah Eyyvah 3,Turkey,TV-PG,"Comedies, International Movies","Life is tough for Hüseyin after marrying his true love. He works day and night to support his growing family, while singer Firuzan copes with fame."
Everybody Knows,"Spain, France, Italy",R,"Dramas, International Movies, Thrillers","Journeying back to her small Spanish hometown for her sister's wedding, Laura must grapple with long-buried secrets when her daughter is abducted."
Case,Iceland,TV-MA,"Crime TV Shows, International TV Shows, TV Dramas",A smart lawyer whose drinking and recklessness send him on a path of self-destruction finds new purpose investigating a teenager's apparent suicide.
The Circle,"United States, United Kingdom",TV-MA,Reality TV,"Status and strategy collide in this social experiment and competition show where online players flirt, befriend and catfish their way toward $100,000."
Vikings Unearthed,United States,TV-PG,Documentaries,Archaeologist Sarah Parcak follows clues to early Viking explorations and discusses just what these notoriously fierce warriors were really like.
Bad Blood,Canada,TV-MA,"Crime TV Shows, TV Dramas","This sprawling crime drama follows the true story of the Rizzuto family and its associates, who presided over organized crime in Montreal for decades."
My Entire High School Sinking Into the Sea,United States,PG-13,"Comedies, Independent Movies","After an earthquake sends their school building drifting into the sea, a group of high-schoolers struggles to survive and overcome clique wars."
"Bob Ross: Happy Accidents, Betrayal & Greed",,TV-14,Documentaries,Bob Ross brought joy to millions as the world’s most famous art instructor. But a battle for his business empire cast a shadow over his happy trees.
This Lady Called Life,Nigeria,TV-14,"Dramas, International Movies, Romantic Movies","Abandoned by her family, young single mother Aiye struggles to survive but stays focused on her dream of becoming an elite chef."
Don't F**k with Cats: Hunting an Internet Killer,"United Kingdom, United States",TV-MA,"Crime TV Shows, Docuseries",A twisted criminal's gruesome videos drive a group of amateur online sleuths to launch a risky manhunt that pulls them into a dark underworld.
Memoir of a Murderer,South Korea,TV-MA,"Dramas, International Movies, Thrillers","Hiding his own murderous past, a man suffering from Alzheimer's must protect his daughter from her boyfriend, who he suspects is also a serial killer."
Barbie & Her Sisters in a Pony Tale,United States,TV-Y,Children & Family Movies,"Barbie and her sisters set off on a Swiss adventure to the majestic Alps, where they're excited to spend the summer at a fun-filled riding academy!"
Your Excellency,,TV-G,"Comedies, International Movies","Bumbling through politics, a billionaire businessman's presidential campaign seems destined for disaster until it gets a boost from social media."
Ferrari Ki Sawaari,India,TV-PG,"Comedies, International Movies, Sports Movies",A father winds up involved with a stolen Ferrari as he tries to acquire the money to send his son to the leading cricket academy.
Seven and Me,France,TV-Y,Kids' TV,A little girl discovers she’s the modern-day descendant of Snow White when seven dwarfs arrive at her suburban home to serve as her guardian angels.
Ask the StoryBots,United States,TV-Y,Kids' TV,"Five curious little creatures track down the answers to kids' biggest questions, like how night happens or why we need to brush our teeth."
Jewel's Catch One,United States,TV-MA,"Documentaries, LGBTQ Movies","The story of famed L.A. nightclub Catch One and owner Jewel Thais-Williams, who defied all odds and provided a safe space for black LGBT communities."
The Men Who Stare at Goats,"United States, United Kingdom",R,Comedies,"A journalist latches onto an unbelievable story in Iraq when he meets Lyn, a man of mysterious origins who reveals he was a ""warrior monk."""
"Karol Modzelewski, Łukasz „Lotek” Lodkowski No Offense",,TV-MA,Stand-Up Comedy,"Charismatic comedy pals Karol Modzelewski and Łukasz ""Lotek"" Lodkowski bring their mischievous brand of humor to Warsaw's Klub Hybrydy."
Sky on Fire,"China, Hong Kong",TV-MA,"Action & Adventure, International Movies",The security chief at a top-level medical facility must fight to ensure that revolutionary cancer research doesn't fall into the wrong hands.
Shiny_Flakes: The Teenage Drug Lord,,TV-MA,"Documentaries, International Movies","Max S. reveals how he built a drug empire from his childhood bedroom in this story that inspired the series ""How to Sell Drugs Online (Fast)."""
Hart of Dixie,United States,TV-PG,"TV Comedies, TV Dramas",Fast-talking city girl Zoe Hart winds up patching up the locals of a tiny town in the Deep South when she inherits a medical practice in Alabama.
Our Lovers,Spain,TV-MA,"Comedies, Dramas, International Movies","A love-challenged man and a woman he meets at a bookshop bar begin dating, but only at the shop – and without knowing anything about each other."
Gol Maal,India,TV-PG,"Classic Movies, Comedies, International Movies","When circumstances at work compel Ram to pretend to have a twin, his lie works – until the boss wants his daughter to marry Ram’s fictitious brother."
Money Trap,Turkey,TV-MA,"Comedies, Dramas, International Movies","When his daughter and son-in-law fall prey to a scam, Istanbul con man Asım Noyan meets his match in a madcap kingpin of an underground gambling world."
KENGAN ASHURA,"United States, Japan",TV-MA,"Anime Series, International TV Shows","Ohma Tokita enters a hidden world where corporate disputes are settled in brutal gladiator bouts. Forget the money, he just wants to fight – and win."
The Angry Birds Movie 2,"Finland, United States",PG,"Children & Family Movies, Comedies",Enemies turn into frenemies when the Pigs call for a truce with the Birds to unite against a formidable new foe that’s threatening all of their homes.
Lunatics,Australia,TV-MA,"International TV Shows, TV Comedies",This mockumentary series follows the peculiar lives of six eccentric – and sometimes obscene – misfits who march to their own beat.
Ghost Rider,"United States, Australia",PG-13,"Action & Adventure, Sci-Fi & Fantasy","After selling his soul to save a loved one, daredevil biker Johnny Blaze pays the price by becoming a flame-skulled bounty hunter for Mephistopheles."
The Houseboat,Germany,TV-14,"Docuseries, International TV Shows","With plenty of passion and little know-how, two musicians undertake a daunting project: turn a late singer's houseboat into a creative musical space."
Firedrake the Silver Dragon,,TV-Y7,Children & Family Movies,"When his home is threatened by humans, a young dragon summons the courage to seek a mythical paradise where dragons can live in peace and fly free."
Happy Go Lucky,India,TV-14,"Comedies, International Movies, Music & Musicals","Three sisters seem to be ideal brides for three brothers. But when the girls' father won't allow the marriages, the boys use trickery to pull it off."
Get the Goat,Brazil,TV-14,"Action & Adventure, Comedies, International Movies","Two hapless cops find themselves in over their heads as they cross paths with dangerous criminals while searching for Celestina, a beloved goat mascot."
Hi Score Girl,Japan,TV-14,"Anime Series, International TV Shows, Romantic TV Shows","A chronic gamer abysmally inept in academics and sports finally meets his match at his usual shady arcade – and it’s his rich classmate, Akira."
Masha's Spooky Stories,"United States, Russia",TV-Y,Kids' TV,"Masha explains why there's no need to be scared of things like monsters, the dark, going to a new school, thunder and other common childhood fears."
Jezebel,United States,TV-MA,"Dramas, Independent Movies","During the internet's infancy, a vulnerable woman follows her sister into the sex industry as a webcam model but her sudden popularity tests their bond."
The Hurricane Heist,"United Kingdom, United States",PG-13,Action & Adventure,A deadly hurricane with mile-high waves provides the perfect cover for stealing $600 million from a U.S. Treasury outpost in Mississippi.
Ajaibnya Cinta,,TV-PG,"International TV Shows, TV Dramas","Upon returning home from his studies abroad, young grad Akif finds himself involved with four women in this continuation of the series ""Spain Uoolss."""
Bewildered Bolbol,Egypt,TV-14,"Comedies, International Movies, Romantic Movies",A man suffering from amnesia can't seem to choose between the women playing tricks on him.
Don't Go Breaking My Heart 2,"Hong Kong, China",TV-14,"Comedies, International Movies, Romantic Movies","Zixin is about to marry Qihong, but her gallivanting ex returns to wreak havoc as mistaken identities and love triangles stir up the lovers' paradise."
Carrie,United States,R,"Classic Movies, Cult Movies, Horror Movies","An outcast teen with telekinetic ability lashes out with her deadly power when the high school ""in crowd"" torments her with a sick joke at the prom."
Free Willy,"United States, France, Mexico",PG,"Children & Family Movies, Dramas","Ordered to clean up the graffiti he painted at a marine theme park, a troubled young boy unexpectedly bonds with a killer whale on exhibit."
How to Get Over a Breakup,Peru,TV-MA,"Comedies, International Movies, Romantic Movies","A heartbroken ad copywriter living in Lima, Peru, is inspired to write a blog about life as a single woman and is surprised by her website's success."
Dirty Money,United States,TV-MA,"Crime TV Shows, Docuseries","From crippling payday loans to cars that cheat emissions tests, this investigative series exposes brazen acts of corporate greed and corruption."
Total Recall,"United States, Mexico",R,"Action & Adventure, Sci-Fi & Fantasy","After getting a memory implant, working stiff Douglas Quaid discovers he might actually be a secret agent embroiled in a violent insurrection on Mars."
​​Kuch Bheege Alfaaz,India,TV-14,"Dramas, Independent Movies, International Movies","After accidentally connecting over the Internet, two strangers form a tight friendship – not knowing they already share a bond."
Counterfeiting in Suburbia,Canada,TV-14,"Dramas, Thrillers","Two teenagers print counterfeit money in their high school art room, but things go terribly wrong when their debt-ridden teacher becomes suspicious."
Frequency,United States,TV-14,"Crime TV Shows, TV Dramas, TV Mysteries","A detective seizes a precious opportunity to change the past when she finds she can communicate with her deceased, estranged father via a time warp."
Alan Saldaña: Locked Up,Mexico,TV-MA,Stand-Up Comedy,"Mexican comedian Alan Saldaña is back, poking gentle fun at himself and parceling advice, especially about how to stay married and how to be parents."
White Christmas,United States,TV-G,"Children & Family Movies, Classic Movies, Comedies","Two war buddies fall for two sisters and follow the girls to a resort owned by their former commanding officer, who is in danger of losing the place."
Ferris Bueller's Day Off,United States,PG-13,"Classic Movies, Comedies, Cult Movies","After faking an illness to skip school, popular teen Ferris Bueller enjoys a fun-filled day in Chicago with his girlfriend and his uptight best friend."
Why Are You Like This,Australia,TV-MA,"International TV Shows, TV Comedies","Three best friends negotiate work, fun, identity politics, hookups and wild nights out in this razor-sharp satire of 20-something life in Melbourne."
Feel Good,United Kingdom,TV-MA,"Romantic TV Shows, TV Comedies, TV Dramas","Stand-up comic Mae Martin navigates a passionate, messy new relationship with her girlfriend, George, while dealing with the challenges of sobriety."
Power Rangers Samurai: Clash of the Red Rangers,United States,TV-Y7,Children & Family Movies,The Samurai Rangers team up with the RPM Ranger Red to fight off Master Xandred's Mooger army and a robotic villain from the RPM Ranger's dimension.
Treehouse Detectives,"South Korea, United States",TV-Y,"Kids' TV, TV Thrillers","When their animal friends need help, brother-and-sister team Toby and Teri use the clues and follow the facts to solve mysteries in their own backyard."
Aamir,India,TV-14,"International Movies, Thrillers","In this high-tension thriller, an anonymous caller on a cell phone threatens to harm a man's family if he doesn't carry out every order."
Flying Guillotine 2,Hong Kong,TV-MA,"Action & Adventure, International Movies","The emperor's reign of terror expands. Heroic outlaw Ma Teng joins a squad of female rebels, whose leader is torn between family loyalties."
Figures of Speech,United States,TV-PG,Documentaries,"In this documentary, passionate high schoolers travel the country and come of age during a turbulent yearlong prep for a national speech competition."
Undercover: How to Operate Behind Enemy Lines,United States,TV-PG,"Classic Movies, Documentaries",This World War II-era training film dramatizes how secret agents should act while undercover and how to avoid capture by enemies.
The Show,United States,TV-MA,Dramas,A disillusioned reality TV host and an idealistic producer are lured by their network into producing a show in which participants kill themselves.
True Grit,United States,G,"Classic Movies, Dramas",Teenage tomboy Mattie Ross enlists the help of crusty lawman Rooster Cogburn to track down the hired hand who murdered her father.
Kalki,India,TV-14,"Dramas, Independent Movies, International Movies",A scientist trying to solve one of the universe's greatest puzzles begins a romance with a much younger colleague that's haunted by a dark secret.
A Thin Line Between Love & Hate,United States,R,"Comedies, Romantic Movies","When a philandering club promoter sets out to woo a rich, glamorous woman, he has no clue just how much mayhem he's about to unleash on his life."
The A List,United Kingdom,TV-PG,"British TV Shows, International TV Shows, TV Dramas","Romance, rivalry and radical mystery collide as a group of teens attend a remote island sleepaway camp in this suspenseful, supernatural drama."
Clickbait,,TV-MA,"Crime TV Shows, TV Dramas, TV Mysteries","When family man Nick Brewer is abducted in a crime with a sinister online twist, those closest to him race to uncover who is behind it and why."
Abyss,South Korea,TV-14,"Crime TV Shows, International TV Shows, Korean TV Shows","After meeting an untimely demise in separate incidents, Cha Min and Go Se-yeon discover they’ve come back to life in new bodies they don’t recognize."
The Clapper,United States,R,"Comedies, Dramas, Independent Movies","A newcomer ekes out a living in LA as a professional audience member on infomercials, but life gets complicated when he's thrust into the spotlight."
City of Tiny Lights,United Kingdom,TV-MA,"Dramas, International Movies, Thrillers","In moody London, a burned-out sleuth sinks into a world of corruption and murderous romance when he tackles a mysterious case of a missing sex worker."
Sardaarji 2,"Australia, India",TV-PG,"Action & Adventure, Comedies, International Movies",A simple farmer's life becomes complicated after he resolves to save his village from an economic crisis by traveling to Australia to earn money.
Pineapple Express,United States,R,"Action & Adventure, Comedies","After witnessing a murder, a perpetually stoned process server and his good-natured dealer go on the run from a drug lord who's out to kill them."
Zindagi Gulzar Hai,Pakistan,TV-PG,"International TV Shows, Romantic TV Shows, TV Dramas","Strong-willed, middle-class Kashaf and carefree, wealthy Zaroon meet in college, but before love can take root, they each have some growing up to do."
Supermarket Sweep,United States,TV-G,Reality TV,"In this iconic game show, contestants answer food trivia questions then race against the clock while stuffing their carts for massive grocery gains."
Ready,India,TV-PG,"Comedies, International Movies, Romantic Movies","Bollywood superstar Salman Khan plays Prem, an heir to a perfume fortune who falls in love with the wrong woman in this romantic comedy."
Thumper,United States,TV-MA,"Dramas, Thrillers","After moving to a hardscrabble suburban California town, a young woman becomes dangerously entangled with a local drug enterprise."
Genius of the Ancient World,United Kingdom,TV-PG,"British TV Shows, Docuseries, International TV Shows","Historian Bettany Hughes travels to India, Greece and China to explore the lives and times of Buddha, Socrates and Confucius."
Weeds on Fire,Hong Kong,TV-MA,"Dramas, Independent Movies, International Movies","In 1980s Hong Kong, a school principal forms a baseball team with an eclectic crew of local students who soon fight their way to the top of the league."
Christmas Inheritance,United States,TV-G,"Dramas, International Movies, Romantic Movies","To inherit her father's company, socialite Ellen must first visit his small hometown, where she learns the value of hard work and helping others."
Equals,"United States, Indonesia",PG-13,"Dramas, Romantic Movies, Sci-Fi & Fantasy",Two young lovers depart from the norm simply by having romantic feelings for each other in a society where humans have been relieved of all emotions.
Hashoter Hatov,Israel,TV-MA,"Crime TV Shows, International TV Shows, TV Comedies",An honest – though overzealous – police officer strives to do good work while dealing with his bickering parents and incompetent coworkers.
The Rap Game,United States,TV-14,Reality TV,Young lyricists between the ages of 12 and 16 compete for a chance to sign to Jermaine Dupri's label while being mentored by hip-hop and R&B's finest.
Haani,India,TV-14,"Dramas, International Movies, Music & Musicals","When a man discovers that he can communicate with his grandfather's spirit, it leads to two love stories intertwining 50 years apart."
Rememory,"United Kingdom, United States, Canada",PG-13,"Dramas, Sci-Fi & Fantasy","A psychologist is murdered after unveiling a breakthrough invention that extracts memories, spurring a fixated former patient to hunt for answers."
Cultivating the Seas: History and Future of the Full-Cycle Cultured Kindai Tuna,,TV-PG,"Documentaries, International Movies",An in-depth look at the full-cycle breeding program for bluefin Kindai tuna pioneered by Kinki University’s Aqua Culture Research Institute.
Merlin,United Kingdom,TV-PG,"British TV Shows, International TV Shows, TV Action & Adventure","This family-oriented retelling of the King Arthur legend finds Merlin arriving in Camelot, where he hones his magic skills with the help of his uncle."
The Pharmacist,United States,TV-MA,"Crime TV Shows, Docuseries","After his son's tragic death, a Louisiana pharmacist goes to extremes to expose the rampant corruption behind the opioid addiction crisis."
"Michael Bolton's Big, Sexy Valentine's Day Special",United States,TV-MA,"Comedies, Music & Musicals, Romantic Movies","After Santa tells him he needs 75,000 new babies by Christmas to meet toy supply, Michael Bolton hosts a telethon to inspire the world to make love."
14 Cameras,United States,TV-MA,"Horror Movies, Thrillers","Upping the “13 Cameras” ante, this sequel finds a family renting a vacation house that’s been customized to violate their privacy."
Unicorn Store,United States,TV-14,"Comedies, Dramas, Independent Movies","After failing out of art school and taking a humdrum office job, a whimsical painter gets a chance to fulfill her lifelong dream of adopting a unicorn."
Fate/Grand Order -First Order-,Japan,TV-14,"Action & Adventure, Anime Features, International Movies","Discovering that humanity is facing extinction, a new recruit to the Chaldea Security Organization goes back in time in order to save the future."
Santana,"South Africa, Angola",TV-MA,"Action & Adventure, International Movies",Two brothers — one a narcotics agent and the other a general — finally discover the identity of the drug lord who murdered their parents decades ago.
A Love Song for Latasha,United States,TV-PG,Documentaries,The killing of Latasha Harlins became a flashpoint for the 1992 LA uprising. This documentary evocatively explores the 15-year-old's life and dreams.
Dilan 1990,Indonesia,TV-14,"Dramas, International Movies, Romantic Movies","At a Bandung high school, charming and rebellious Dilan vies for the affections of shy new student Milea."
RattleSnake - The Ahanna Story,Nigeria,TV-MA,"Dramas, International Movies, Thrillers","In this stylish remake, a disillusioned mastermind assembles a team to pull off a series of spectacular heists — but his crimes make too many enemies."
Omniscient,Brazil,TV-MA,"International TV Shows, TV Dramas, TV Sci-Fi & Fantasy","In a city where citizens are monitored 24/7, a tech employee must outsmart her surveillance drone in order to investigate a murder."
The Jungle School,Indonesia,TV-PG,"Dramas, International Movies",An idealistic young woman travels to the jungles of Indonesia to teach literacy – and much more – to local children.
The Circle France,,TV-MA,"International TV Shows, Reality TV","Status and strategy collide in this social media competition where online players flirt, befriend and catfish their way toward 100,000 euros."
Loev,India,TV-MA,"Dramas, Independent Movies, International Movies",Lives are upended when a hiking trip leads a Wall Street hotshot to explore his true feelings for an old pal who’s disenchanted with his boyfriend.
Best.Worst.Weekend.Ever.,United States,TV-PG,"Kids' TV, TV Comedies","Teenage friends plan an epic trip to Comic-Con to meet their idol, only to get caught in one hilariously awkward predicament after another."
Octonauts,"United States, Ireland, United Kingdom, India",TV-Y,"British TV Shows, Kids' TV",A team of brave underwater explorers known as the Octonauts combs the world's oceans for aquatic creatures in desperate need of assistance.
Savages,United States,R,"Dramas, Thrillers","With the help of a shady DEA agent, two weed entrepreneurs take on a merciless cartel leader who wants in on their business and kidnaps their lover."
Sprinter,"Jamaica, United States",TV-MA,"Dramas, International Movies, Sports Movies","When a Jamaican teen hopes to use track to reunite him with his mother in America, family dysfunction at home threatens to knock his plans off course."
The Story of God with Morgan Freeman,United States,TV-14,Docuseries,"Host Morgan Freeman explores religion's role in human history, how our beliefs connect us and possible answers to life's million-dollar questions."
Motu Patlu in Hong Kong: Kung Fu Kings 3,,TV-Y7,"Children & Family Movies, Music & Musicals","With a dangerous villain to defeat in Hong Kong, Motu takes his martial arts skills to the next level, training with a boneless master to face the foe."
Monster High: Ghouls Rule,United States,TV-Y7,Children & Family Movies,"After learning that monsters and ""Normies"" used to spend Halloween together, Frankie Stein and her pals rally both groups for a frightfully good time."
Bondi Rescue,Australia,TV-PG,Reality TV,"This reality series follows elite professional lifeguards on Sydney's Bondi Beach, as they take on everything from animal stings to criminals."
Game Over (Telugu Version),,TV-MA,"Horror Movies, International Movies, Thrillers","As a series of murders hit close to home, a video game designer with PTSD must confront her demons, or risk becoming their victim."
Well-Intended Love,China,TV-14,"International TV Shows, Romantic TV Shows, TV Comedies","To secure a bone marrow donation, an actress diagnosed with leukemia makes a marriage pact with a young CEO – but love and secrets get in the way."
Candy Jar,United States,TV-14,"Children & Family Movies, Dramas, Romantic Movies",Dueling high school debate champs who are at odds on just about everything forge ahead with ambitious plans to get into the colleges of their dreams.
Super Monsters,,TV-Y,Kids' TV,Preschool kids whose parents are the world's most famous monsters try to master their special powers while preparing for kindergarten.
All My Friends Are Dead,Poland,TV-MA,"Comedies, Dramas, International Movies","A group of friends at a New Year’s Eve party go through a whirlwind of events that exposes secrets, breaks hearts — and leads to a shocking outcome."
You're Everything To Me,Turkey,TV-PG,"Comedies, Dramas, Independent Movies","When an old fling shows up with their infant child, a dallying man-child must take on the role of father and create a fairytale world for his daughter."
Satrangi,,TV-PG,"Docuseries, International TV Shows",Young musicians from 13 states in India demonstrate their cultural heritage by performing regional folk music using traditional instruments.
June & Kopi,Indonesia,TV-PG,"Children & Family Movies, Dramas, International Movies","A street dog is taken in by a young couple, and the family pit becomes an instant accomplice as she adjusts to her new, loving home."
Cam,United States,TV-MA,"Horror Movies, Independent Movies, Thrillers","After a look-alike takes over her account, a cam girl with a growing fan base sets out to identify the mysterious culprit and reclaim her own identity."
The Parisian Agency: Exclusive Properties,,TV-G,"International TV Shows, Reality TV",This reality series follows the Kretz family and their luxury property business as they help clients buy and sell fabulous homes in France and abroad.
I Am Maris,United States,TV-14,Documentaries,"Through her own words and art, a young woman details the healing power of yoga in her struggle with anorexia and her journey to self-acceptance."
Earth to Luna!,Brazil,TV-Y,Kids' TV,"Curious about everything and excited about science, 6-year-old Luna, her brother Jupiter and pet Clyde explore nature to learn about the world."
One 2 Ka 4,India,TV-14,"Action & Adventure, Comedies, Dramas","When his partner is killed, a young cop is forced to care for the man's four children, and solicits the help of a woman who moves in with them."
Queen,India,TV-MA,"Comedies, Dramas, International Movies","Dumped by her fiancé, a sheltered young woman decides to go on her honeymoon to Europe alone, embarking on an exhilarating journey of self-discovery."
Game Winning Hit,Taiwan,TV-MA,"International TV Shows, TV Comedies, TV Dramas",An army deserter hiding out in a small coastal town becomes the coach of a youth baseball team and develops warm relationships in his new community.
Bard of Blood,India,TV-MA,"International TV Shows, TV Action & Adventure, TV Dramas","Years after a disastrous job in Balochistan, a former Indian spy must confront his past when he returns to lead an unsanctioned hostage-rescue mission."
Shrek the Musical,United States,TV-G,"Children & Family Movies, Comedies, Music & Musicals","The greatest fairy tale never told comes to life in this colorful, song-filled, Tony Award-winning Broadway production based on the hit movie."
The Burial of Kojo,"Ghana, United States",TV-14,"Dramas, Independent Movies, International Movies","When a man is left to die inside an illegal gold mine, his daughter travels through a magical landscape to save him."
Fall in Love with Me,Taiwan,TV-14,"International TV Shows, Romantic TV Shows, TV Comedies",The head of a struggling ad agency finds herself torn between a hotshot executive and a kind stranger – not realizing they're the same person.
Taal,India,TV-PG,"Dramas, International Movies, Music & Musicals","Businessman Manav falls for aspiring singer Mansi, but their romance faces an uphill climb when Manav must depart and Mansi's suave manager moves in."
Aiyaary,India,TV-MA,"Action & Adventure, Dramas, International Movies","When his protégé goes rogue and poses a grave threat to the government he serves, a veteran officer of the Indian Army tries to stop him at all costs."
Narcos: Mexico,"Mexico, United States",TV-MA,"Crime TV Shows, TV Action & Adventure, TV Dramas","Witness the birth of the Mexican drug war in the 1980s as a gritty new ""Narcos"" saga chronicles the true story of the Guadalajara cartel's ascent."
Gangs of Hassepur,India,TV-PG,"International TV Shows, Stand-Up Comedy & Talk Shows, TV Comedies","Training a keen eye on hot-button political topics, this variety show features stand-up comedy, sketches and sarcastic celebrity impersonations."
Set Up,United States,R,Action & Adventure,"A diamond heist goes horribly wrong, and the group of friends who sought to make a fortune must instead fight for their very survival."
Terrace House: Aloha State,"United States, Japan",TV-14,"International TV Shows, Reality TV","The beautiful island of Oahu is host to a new batch of six strangers who share a single roof, multiple conflicts and no script in this reality series."
Battle Drone,United States,TV-MA,"Action & Adventure, Independent Movies, Sci-Fi & Fantasy","A team of mercenaries working with the CIA accepts an off-the-books mission in Chernobyl, where deadly human-controlled droids prepare an ambush."
Diagnosis,United States,TV-14,"Docuseries, Science & Nature TV",Dr. Lisa Sanders crowdsources diagnoses for mysterious and rare medical conditions in a documentary series based on her New York Times Magazine column.
Dave Chappelle,United States,TV-MA,"Stand-Up Comedy & Talk Shows, TV Comedies","Comedy icon Dave Chappelle makes his triumphant return to the screen with a pair of blistering, fresh stand-up specials."
The Cakemaker,"Israel, Germany",TV-14,"Dramas, Independent Movies, International Movies","When a German baker travels to Jerusalem in search of his dead male lover’s family, his growing involvement with them may expose his truth."
Natalie Palamides: Nate - A One Man Show,United States,TV-MA,Comedies,"Tough talk takes a soft turn as Nate, played by comedian Natalie Palamides, explores humor, heartbreak, sexuality and consent — with a live audience."
3 Days to Kill,"United States, France, Serbia",PG-13,Action & Adventure,A terminally ill secret agent accepts a risky mission in exchange for an experimental drug that might save him – if he can survive its side effects.
Feel Rich,United States,TV-MA,Documentaries,"Talking squarely to the hip-hop generation, musicians, athletes and others outline the benefits of exercise, a healthy diet and spiritual wellness."
Wake Up,,TV-14,"International TV Shows, TV Dramas","After taking the blame for a patient death, an anesthesiologist battling psychiatric trauma fights to stay afloat in the corrupt hospital system."
The Devil All The Time,United States,R,"Dramas, Thrillers",Sinister characters converge around a young man devoted to protecting those he loves in a postwar backwoods town teeming with corruption and brutality.
Coraline,United States,PG,Children & Family Movies,Curious young Coraline unlocks a door in her family's home and is transported to a universe that strangely resembles her own – only better.
R.L. Stine's Mostly Ghostly,United States,PG,"Children & Family Movies, Comedies","After discovering a pair of young ghosts, a nebbish 11-year-old agrees to help the sibling spirits solve the mystery surrounding their demise."
Drishyam,India,TV-14,"Dramas, International Movies, Thrillers",An unexceptional man becomes a murder suspect when the son of a high-ranking police official who harassed his daughter goes missing.
Ije: The Journey,"United States, Nigeria",TV-MA,"Dramas, International Movies","When her sister is accused of multiple murders, a Nigerian woman travels to Los Angeles to uncover the truth and fight for her sibling’s freedom."
LAST HOPE,Japan,TV-14,"Anime Series, International TV Shows","After causing the near extinction of mankind seven years ago, genius scientist Leon Lau must now fight the ecological disaster he unwittingly created."
Crime Stories: India Detectives,,TV-MA,"British TV Shows, Crime TV Shows, Docuseries",Cameras following Bengaluru police on the job offer a rare glimpse into the complex and challenging inner workings of four major crime investigations.
Ali Wong: Hard Knock Wife,United States,TV-MA,Stand-Up Comedy,"Two years after the hit ""Baby Cobra,"" Ali Wong is back with another baby bump – and a torrent of hilarious truths about marriage and motherhood."
The Congress,"Israel, Germany, Poland, Luxembourg, Belgium, France, United States",TV-MA,"Dramas, International Movies, Sci-Fi & Fantasy",Actress Robin Wright plays herself in this surreal drama about a film star who agrees to have her digital image recorded for reuse in future films.
Jerry Before Seinfeld,United States,TV-14,Stand-Up Comedy,"Jerry Seinfeld returns to the club that gave him his start in the 1970s, mixing iconic jokes with stories from his childhood and early days in comedy."
Community,United States,TV-14,TV Comedies,"When his degree is found bogus, lawyer Jeff Winger is sent back to college, where he meets students and teachers with credentials as dubious as his."
Christian Mingle,United States,PG,"Comedies, Faith & Spirituality, Romantic Movies",A career woman who has everything but romance finds her values challenged when she starts dating a good man she met on a Christian matchmaking site.
Wrong Kind of Black,Australia,TV-MA,"International TV Shows, TV Comedies, TV Dramas","In 1970s Melbourne, a DJ named Boori Monty Pryor and his brother Paul navigate racial tensions and police encounters amid disco and discrimination."
Hard Kill,United States,R,Action & Adventure,"When a billionaire hires a team of mercenaries for protection, they soon realize world-changing technology and his daughter’s life are also at stake."
Night Comes On,United States,TV-MA,"Dramas, Independent Movies",A teen fresh out of juvenile detention tries to rescue her sister from foster care in order to exact revenge on their father for their mother's murder.
No Other Woman,Philippines,TV-MA,"Dramas, International Movies, Romantic Movies","A happily married man gives in to temptation when a wealthy client pursues him, setting off a torrid love triangle."
Spiritual House,,TV-PG,"International TV Shows, Stand-Up Comedy & Talk Shows","Psychic Hiroyuki Ehara leads various celebrities through spiritual consultations, probing into their issues and spotlighting their accomplishments."
Secrets of Althorp - The Spencers,United States,TV-PG,"Documentaries, International Movies","Princess Diana's brother, Charles, the ninth Earl Spencer, leads a tour of Althorp House, the manor the Spencer family has called home for 500 years."
Pup Star,Canada,G,"Children & Family Movies, Comedies","After a singing pup with big dreams of stardom gets dognapped and escapes with a friend's help, her journey home is a fun, music-filled adventure."
Battle Creek,United States,TV-14,"Crime TV Shows, TV Comedies, TV Dramas","A polished FBI agent must team up with a cynical cop when he's dispatched to Battle Creek, Michigan, to set up an office at the local precinct."
Kath and Kim,Australia,TV-MA,TV Comedies,"As Kath prepares to wed fine-meats purveyor Kel, her daughter Kim moves back home after becoming disillusioned with her two-month marriage to Brett."
Vodka Diaries,India,TV-14,"Dramas, International Movies, Thrillers","While investigating a series of murders and the nightclub that links them, a detective’s case takes an alarming turn when his wife goes missing."
ONE PIECE,Japan,TV-14,Anime Series,Monkey D. Luffy sails with his crew of Straw Hat Pirates through the Grand Line to find the treasure One Piece and become the new king of the pirates.
Gabru: Hip Hop Revolution,India,TV-14,"International TV Shows, TV Dramas","Three young, aspiring Indian rappers make their way in a cutthroat music industry, dreaming of fame, stardom and ultimate hip-hop domination ."
Bobby Jasoos,India,TV-14,"Comedies, Dramas, International Movies","With unlimited determination and zero field experience, a small-town detective accepts a lucrative case from a mysterious – and suspicious – stranger."
Monster House,United States,PG,"Children & Family Movies, Comedies","A trio of friends sets out to expose the terrors of a vacant neighborhood house, which appears to have a craving for people — and a life of its own."
The Gentleman Driver,United States,TV-MA,"Documentaries, Sports Movies","This documentary follows four tycoons who moonlight as motorsport competitors and examines what fuels them to succeed, both at work and on the track."
Danger Mouse,United Kingdom,TV-Y7,"British TV Shows, Kids' TV",The world's greatest super-spy returns to save the world with the help of hapless hamster Penfold and a collection of state-of-the-art gadgetry.
Kings,"France, Belgium, China, United States",R,Dramas,A foster mom and her houseful of kids befriend a bitter neighbor after the Rodney King verdict is handed down in 1992 Los Angeles.
Gatao - The Last Stray,,TV-MA,"Action & Adventure, Dramas, International Movies",Romance unexpectedly blossoms when a freelance photographer arrives late to her assignment at a full moon celebration thrown for a mob boss's newborn.
Muzaffarnagar Baaqi Hai,India,TV-MA,"Documentaries, International Movies","Through interviews with locals, this documentary investigates the triggers and outcomes of the 2013 communal riots in the heart of Uttar Pradesh."
Lupin the 3rd: The Castle of Cagliostro: Special Edition,Japan,PG-13,"Action & Adventure, Anime Features, Classic Movies","Lupin, his sidekick, Jigen, and the samurai warrior Goemon set out to take over an evil counterfeit operation at Count Cagliostro's fortress."
Nailed It! Spain,Spain,TV-PG,"International TV Shows, Reality TV, Spanish-Language TV Shows","On this competition show, novice bakers try to avoid a fiasco while duplicating stunning sweets. At stake are a trophy and 5,000 euros."
Revenge of the Green Dragons,"Hong Kong, United States",R,"Action & Adventure, Dramas, Independent Movies","In gritty 1980s New York, two Chinese immigrant boys rise through the ranks of the infamous Green Dragons gang, where they're trained to kill."
Winter Sun,Turkey,TV-MA,"International TV Shows, TV Dramas, TV Thrillers","Years after ruthless businessmen kill his father and order the death of his twin brother, a modest fisherman adopts a new persona to exact revenge."
Sword Art Online,Japan,TV-MA,"Anime Series, International TV Shows",A video game whiz helps create a new technology that enables players to guide their online avatars with their own bodies – but a dark twist emerges.
The Tuxedo,United States,PG-13,"Action & Adventure, Comedies","After a government spy is hospitalized, New York City cab driver Jimmy unwillingly takes over the spy's role – with the aid of a computerized tuxedo."
Little Singham: Kaal Ka Badla,,TV-Y7,"Children & Family Movies, Comedies","Little Singham’s biggest enemy, the demon Kaal, is back and badder than ever — but this time, will he succeed in destroying the world’s best kid cop?"
Black Mirror,United Kingdom,TV-MA,"British TV Shows, International TV Shows, TV Dramas","This sci-fi anthology series explores a twisted, high-tech near-future where humanity's greatest innovations and darkest instincts collide."
Lucky Days,China,TV-PG,"International TV Shows, Romantic TV Shows, TV Comedies","When laidback Ren, who is about to divorce his money-crazy wife, finds a time-traveling computer, he decides to use it to reboot his marriage."
The Lost Brother,"Argentina, Uruguay, Spain, France",TV-MA,"Dramas, International Movies","While settling the affairs of his murdered mother and brother, a man partners with a local thug in a life insurance scam, putting him on a dark path."
Trotro,France,TV-Y,Kids' TV,"Trotro the donkey may be opinionated, but he's as sweet as can be in this animated series that's full of lessons for children."
Ricky Gervais: Humanity,United Kingdom,TV-MA,Stand-Up Comedy,"In his first special in seven years, Ricky Gervais slings his trademark snark at celebrity, mortality and a society that takes everything personally."
Love and Hong Kong,Japan,TV-PG,"International TV Shows, Romantic TV Shows, TV Dramas",The lives of five strangers become intertwined forever when a starlet filming a documentary is kidnapped on the streets of Hong Kong.
The Arbitration,Nigeria,TV-MA,"Dramas, International Movies",An arbitration panel is formed after a company CEO in Nigeria is sued for wrongful dismissal and rape by an employee with whom he had an affair.
Rafinha Bastos: Ultimatum,Brazil,TV-MA,Stand-Up Comedy,"An off-color joke nearly cost him everything. Brazilian comic Rafinha Bastos talks about that and much more, from his divorce to finding love again."
The Bittersweet,China,TV-MA,"Action & Adventure, Dramas, International Movies","As a killer stalks the streets, a troubled young courier suspects that a doctor may be the long-lost sister he hasn't seen since childhood."
Bebe's Kids,United States,PG-13,Comedies,"When ladies' man Robin meets Jamika, he falls head over heels, but she greets him with four surprises: her son and her girlfriend Bebe's three kids."
Kulipari: An Army of Frogs,United States,TV-Y7,Kids' TV,"In a tale of bravery and heroism, fearless frogs go to war against the sinister scorpions and spiders that have teamed up to conquer the amphibians."
Splatter,United States,TV-MA,Horror Movies,"After committing suicide, a washed-up rocker returns from the grave to torment the five people who betrayed him in life."
Magical Andes,"Uruguay, Germany",TV-G,"Docuseries, International TV Shows, Science & Nature TV","From Argentina to Colombia, this stunning documentary follows five characters who share their deep connection to South America's majestic mountains."
Reggie Yates Outside Man,United Kingdom,TV-MA,"British TV Shows, Docuseries, International TV Shows","Award-winning filmmaker Reggie Yates travels around the world tackling big issues such as gun violence, racism, gay rights and addiction."
Tell Me When,Mexico,TV-MA,"Comedies, International Movies",Workaholic Will puts his humdrum life in LA on hold to fulfill his grandpa's last wish: visiting Mexico City's most iconic sights and falling in love.
Wild District,Colombia,TV-MA,"Crime TV Shows, International TV Shows, Spanish-Language TV Shows","After surrendering to Bogotá police, an ex-guerrilla avoids prison by working undercover to investigate a ruthless enforcer of government corruption."
Inconceivable,"United Kingdom, United States",R,Thrillers,A couple trying to conceive invite a woman with a mysterious past to move in with them. But it's an invitation they might come to regret.
Daybreak,United States,TV-MA,"TV Action & Adventure, TV Comedies, TV Horror","Living his best life in post-apocalyptic LA, a slacker strives to find the girl of his dreams while outwitting mindless ghouls and cliquish gangs."
Still,Thailand,TV-MA,"Horror Movies, International Movies","A haunted hotel, a body in a water tank, a nightclub fire and a prison death comprise four horror tales taken from Thailand's newspaper headlines."
Galavant,United States,TV-PG,"TV Action & Adventure, TV Comedies","In a time of legend, Galavant the knight embarks on a quest to save his fair lady and become a hero in this tongue-in-cheek musical comedy."
Angry Birds,Finland,TV-Y7,"Kids' TV, TV Comedies","Birds Red, Chuck and their feathered friends have lots of adventures while guarding eggs in their nest that pesky pigs keep trying to steal."
Maharakshak: Aryan,India,TV-14,"International TV Shows, TV Action & Adventure, TV Sci-Fi & Fantasy","Shy nerd Aryan learns soon after his 18th birthday that he has inherited superpowers, which he must use to vanquish a variety of evil threats."
Jaguar,,TV-MA,"International TV Shows, Spanish-Language TV Shows, TV Action & Adventure","In the 1960s, a Holocaust survivor joins a group of self-trained spies who seek justice against Nazis fleeing to Spain to hide after WWII."
Becoming Champions,Mexico,TV-G,"Docuseries, International TV Shows",This series looks at the stories behind the athletes and countries that have achieved World Cup champion status.
Code Geass: Lelouch of the Rebellion,Japan,TV-MA,"Anime Series, International TV Shows",A high-schooler who's granted powers to make anyone instantly obedient dons a mask to lead Japan's rebellion against a long-invading Britannia.
Strong,United States,TV-14,Reality TV,Gabrielle Reece hosts a transformative competition of tough fitness challenges as 10 women partner with 10 elite personal trainers.
Chocolate,South Korea,TV-14,"International TV Shows, Korean TV Shows, Romantic TV Shows","Brought together by meaningful meals in the past and present, a doctor and a chef are reacquainted when they begin working at a hospice ward."
Garfield's Pet Force,"South Korea, United States",G,"Children & Family Movies, Comedies","When an alien menace and her army of undead minions threaten to enslave the world, Garfield heads a team of comic-strip superheroes to save the day."
Al acecho,Argentina,TV-MA,"International Movies, Thrillers","Looking for a fresh start, a park ranger gets a new assignment. When he discovers a network of poachers, survival depends on his lethal instincts."
She's Out of My League,United States,R,"Comedies, Romantic Movies","Kirk's a 5. His new girlfriend Molly's a 10. No one knows what she sees in him, including Kirk. Will his raging insecurities ruin this budding romance?"
A Thousand Goodnights,Taiwan,TV-14,"International TV Shows, TV Dramas","To carry out her dad's wish and discover her roots, Dai Tian-qing embarks on a journey around Taiwan and finds love and redemption on the way."
StartUp,United States,TV-MA,"Crime TV Shows, TV Dramas",An attempt to launder stolen money finances a cryptocurrency that puts entrepreneurs in business with a corrupt FBI agent and a Miami gang.
Schulz Saves America,United States,TV-MA,"Stand-Up Comedy & Talk Shows, TV Comedies",Comedian Andrew Schulz takes on the year's most divisive topics in this fearlessly unfiltered and irreverent four-part special.
Life of An Outcast,India,TV-PG,"Dramas, Independent Movies, International Movies","When authorities jail his son for rejecting religious bias, a poor father’s struggle to bail him out highlights rural India’s enduring casteism."
Hillbilly Elegy,United States,R,Dramas,"An urgent phone call pulls a Yale Law student back to his Ohio hometown, where he reflects on three generations of family history and his own future."
Kannum Kannum Kollaiyadithaal,India,TV-14,"Comedies, Dramas, International Movies","A carefree racing enthusiast’s womanizing ways end when he meets the girl of his dreams, but their newfound peace is disrupted by a dangerous killer."
George Lopez: We'll Do It For Half,United States,TV-MA,Stand-Up Comedy,"Comedian George Lopez tackles the future and the past of Latinx culture in America, touching on immigration, his tough relatives, aging and much more."
Naruto,Japan,TV-14,"Anime Series, International TV Shows","Guided by the spirit demon within him, orphaned Naruto learns to harness his powers as a ninja in this anime adventure series."
The 4th Company,"Mexico, Spain",TV-MA,"Action & Adventure, Dramas, International Movies","In a violent prison in 1970s Mexico, a young inmate lands a spot on a football team that doubles as an enforcer squad for a corrupt administration."
Killa,India,TV-14,"Dramas, International Movies",Growing up poses challenges for Chinu when he moves from city to country and encounters a youth culture far different from what he's used to.
Saheb Bibi Golaam,India,TV-MA,"Dramas, International Movies","A charming cabbie, a cop turned assassin and a housewife who’s also a hooker share one thing in common: a bizarre and violent afternoon in Kolkata."
Mobile Suit Gundam UC,Japan,TV-PG,"Anime Series, International TV Shows","When Banagher Links meets the mysterious Audrey Burne, he inherits the Unicorn Gundam and is swept up into the battle for space colony independence."
Yanda Kartavya Aahe,India,TV-PG,"Comedies, Dramas, International Movies","Thanks to an arranged marriage that was designed to make an ailing grandmother happy, newlyweds Rahul and Swati are virtually strangers. Can a four-day honeymoon make a difference when it comes to the couple's feelings about each other?"
The Pursuit,United States,TV-14,Documentaries,"In a time of turbulence for the free market system, one economist explores how it has lifted billions out of poverty, and might just save us all."
Ordinary Heroes,,TV-MA,"Crime TV Shows, International TV Shows, TV Dramas","Get an intimate look at four engaged citizens whose courage, sense of civic duty and ultimate sacrifice helped to transform Italian society."
Ingobernable,Mexico,TV-MA,"Crime TV Shows, International TV Shows, Spanish-Language TV Shows","The first lady of Mexico is a woman of conviction and ideals. But when she loses faith in her husband, she'll need all her strength to uncover the truth."
Hulk Vs.,United States,PG-13,"Action & Adventure, Sci-Fi & Fantasy",This action-packed animated double feature pits the Hulk against two of the Marvel Universe's most powerful characters: Wolverine and Thor.
Step Sisters,United States,PG-13,Comedies,"With her Harvard Law dreams on the line, a black sorority leader agrees to help a rhythmically challenged sisterhood win a step dance championship."
Invisible City,Brazil,TV-MA,"Crime TV Shows, International TV Shows, TV Dramas","After a family tragedy, a man discovers mythical creatures living among humans — and soon realizes they hold the key to his mysterious past."
Anwar,India,TV-14,"Dramas, Independent Movies, International Movies","Seeking refuge in a Hindu temple after the tragic death of the girl he loved, a Muslim youth is caught by the police, who mistake him for an enemy."
Grandmother's Farm Part 2,United Arab Emirates,TV-14,"Comedies, Horror Movies, International Movies","After their haunting experience on a desert farm, a group of buddies escapes on a faraway getaway to seaside Fujairah — and right into more terror."
Degrassi: Next Class,Canada,TV-14,"International TV Shows, TV Dramas, Teen TV Shows","Degrassi's next generation of high-tech newbies and returning students navigates real-world high school drama. If you're a teen, this is your life."
Small Town Crime,United States,R,Thrillers,"When a disgraced ex-cop discovers a dying woman, he's compelled to track down her killer — an act of self-redemption that takes him down a dark path."
Greater,United States,PG,"Children & Family Movies, Dramas, Sports Movies",Faith and determination transform a talentless football player at the University of Arkansas into an All-American in this inspiring true story.
Heaven Official's Blessing,China,TV-14,"Anime Series, International TV Shows, Romantic TV Shows","Banished to the mortal realm to exorcise ghosts, a deity must reckon with a demon and soon uncovers a dark secret behind the heavenly gods."
Swami Baba Ramdev: The Untold Story,,TV-14,"International TV Shows, TV Dramas","Born into poverty and denied an education, a village boy overcomes society’s obstacles to become India’s foremost spiritual guru, revered by millions."
Once in a Lifetime Sessions with Snow Patrol,United States,TV-MA,"Documentaries, Music & Musicals","In addition to concert scenes and studio recording sessions, this documentary presents exclusive interviews of the five men from the Irish rock band."
"Coronavirus, Explained",United States,TV-PG,"Docuseries, Science & Nature TV","In 2020, the world changed. This topical series examines the coronavirus pandemic, the efforts to combat it and ways to manage its mental health toll."
Prime Time,,TV-MA,"Dramas, International Movies, Thrillers","On New Year’s Eve 1999, an armed man enters a TV studio during a broadcast, takes the host hostage and makes one demand: to give a message live on air."
GAME ON: A Comedy Crossover Event,United States,TV-G,"Kids' TV, TV Comedies","Worlds collide in this special event featuring familiar faces, surprise cameos and stories of spirited competition from four different comedy series."
AK vs AK,India,TV-MA,"Comedies, Dramas, International Movies","After a public spat with a movie star, a disgraced director retaliates by kidnapping the actor’s daughter, filming the search for her in real time."
Filosofi Kopi The Movie,Indonesia,TV-PG,"Dramas, International Movies",The level-headed owner of a struggling coffee shop finds his future at risk when his partner – a talented but cocky barista – makes a major bet.
Taare Zameen Par,India,PG,"Dramas, International Movies","When daydreamer Ishaan is sent to boarding school, an unconventional art teacher tries to help the imaginative student discover his true identity."
Macchli Jal Ki Rani Hai,India,TV-MA,"Horror Movies, International Movies","After relocating to a different town with her husband, a housewife begins to sense the existence of a mysterious presence in their new house."
Zoot Suit,United States,R,"Cult Movies, Dramas, Music & Musicals","In this drama based on a 1940s trial, the members of a Mexican American gang are sentenced to San Quentin for a murder they may not have committed."
Cave,Norway,TV-MA,"Action & Adventure, International Movies, Thrillers","Torn between old camaraderie and recent tensions, three ex-soldiers reunite to explore a deadly cave but soon discover terror beyond all expectations."
Moonwalkers,"France, Belgium",R,"Action & Adventure, Comedies, International Movies","A brain-addled war vet, a failing band manager and a Stanley Kubrick impersonator help the CIA construct an epic scam by faking the 1969 moon landing."
The Sound of Your Heart: Reboot,South Korea,TV-14,"International TV Shows, Korean TV Shows, TV Comedies","Webtoonist Cho Seok is back with more anecdotes of mix-ups, unintended antics, and bathroom blunders in this reboot starring an all-new cast."
Deuces,United States,TV-MA,Dramas,"Assigned to go undercover to take down an impenetrable crime ring, a detective finds himself falling under the sway of its enigmatic leader."
Bill Burr: Paper Tiger,"United States, United Kingdom",TV-MA,Stand-Up Comedy,"Bill Burr unloads on outrage culture, male feminism, cultural appropriation, robot sex and more in a blistering stand-up special shot in London."
Yasuke,,TV-MA,"Anime Series, International TV Shows",A peaceful boatman once known as the Black Samurai is pulled back into conflict when he takes a little girl with mysterious powers under his wing.
My Fuhrer,Germany,TV-14,"Comedies, International Movies",Germany's most celebrated actor is commissioned by Nazi propagandist Joseph Goebbels to prepare the leader of the Third Reich to deliver a speech.
Nila,India,TV-MA,"Dramas, International Movies, Romantic Movies","When a cabbie chances upon his childhood sweetheart, he tries to rekindle old feelings but finds that mature love is a more complicated matter."
The Jungle Book,"India, Germany, France",TV-Y7,Kids' TV,"This animated series follows young Mowgli and his animal mentors Bagheera and Baloo, who do their best to protect him from fierce tiger Shere Khan."
Deadly Scholars,United States,TV-14,"Dramas, Thrillers","After a series of strange deaths, a high school reporter tries to pin down the killer who's targeting students eligible for a prestigious scholarship."
Highly Strung,Australia,TV-14,"Documentaries, International Movies, Music & Musicals","Fiery passions take center stage in this intimate look at the Australian String Quartet and, perhaps more vital, the priceless instruments they guard."
Vai Anitta,Brazil,TV-MA,"Docuseries, International TV Shows, Reality TV","Go behind the scenes with Brazilian pop icon Anitta, along with her friends and family, as she aims to create a new song and music video each month."
Lagos Real Fake Life,,TV-MA,"Comedies, International Movies","Two mooching friends vie for the attention of wealthy, beautiful women only to discover that their lavish lifestyles are bogus."
This Was Tomorrow,Belgium,NR,"Documentaries, International Movies, Music & Musicals","The Tomorrowland music festival marks its 10th anniversary in Belgium, the U.S. and Brazil, with all the diverse excitement of the annual event."
Keymon and Nani in Space Adventure,,TV-Y,"Children & Family Movies, Comedies","For Rohan and his magical pal, Keymon, a trip to visit their grandmother turns into the rescue mission of a lifetime when she is kidnapped by aliens!"
YOM,,TV-Y7,Kids' TV,"With the mind of a human being, and the body of whichever animal he chooses to be, a young boy protects the world from danger."
Blood Father,France,R,"Action & Adventure, International Movies",An ex-convict and estranged father finds the chance to prove himself when his daughter seeks his help shaking off a dangerous group of drug dealers.
Vitti Dandu,India,TV-14,"Dramas, International Movies","In a remote village in colonial India, an old man and his grandson display strong differences in their attitudes toward the country's British rulers."
Death by Magic,United States,TV-PG,Reality TV,"Magician Drummond Money-Coutts travels the globe, sharing his infectious love of his craft and attempting feats that proved fatal to other magicians."
Bullet Head,"Bulgaria, United States",R,"International Movies, Thrillers","After a daring heist, three fugitives lock themselves in a warehouse hoping to evade the police, but find a worse threat as they fight to stay alive."
S.W.A.T.,United States,PG-13,Action & Adventure,"A veteran cop is tasked with drafting and training a special weapons and tactics team, who soon find themselves up against an international criminal."
Medium,"Poland, West Germany",TV-MA,"Horror Movies, International Movies, Thrillers","In 1930s Poland, a powerful psychic steers a group of strangers toward a fated convergence that ensures survival for one and annihilation for others."
Grizzlies,Canada,R,"Dramas, Independent Movies, Sports Movies",A group of disaffected students form an unlikely bond through the game of lacrosse when a new teacher introduces the sport to their remote Arctic town.
Skylanders Academy,"South Korea, United States",TV-Y7,"Kids' TV, TV Comedies",Travel the vast Skylander universe in this animated series as a ragtag group of academy graduates build trust and heart in their fight against evil.
The Longshots,United States,PG,"Comedies, Dramas, Sports Movies","When an 11-year-old girl becomes Pop Warner football's first female quarterback, she raises eyebrows – till she takes her team to the brink of glory."
Derek,United Kingdom,TV-MA,"British TV Shows, International TV Shows, TV Comedies",Ricky Gervais created and stars in this heartwarming comedy-drama series as a loyal English nursing home caretaker who sees only the good in everyone.
Project Power,United States,R,Action & Adventure,"An ex-soldier, a teen and a cop collide in New Orleans as they hunt for the source behind a dangerous new pill that grants users temporary superpowers."
Two Fathers,Taiwan,TV-14,"International TV Shows, Romantic TV Shows, TV Comedies","When two single guys learn a woman they both slept with disappeared after giving birth, they decide to raise her baby girl together as a family."
The Boy,"United States, Canada, China",PG-13,"Horror Movies, Independent Movies, Thrillers",A nanny is hired by a couple to look after their boy. She's shocked to learn that her charge is actually a doll that the couple treats like a human.
Go! Go! Cory Carson: Chrissy Takes the Wheel,,TV-Y,Children & Family Movies,"From arcade games to sled days and hiccup cures, Cory Carson’s curious little sister Chrissy speeds off on her own for fun and adventure all over town!"
Naughty Jatts,India,TV-PG,"Comedies, International Movies, Music & Musicals","When three different boys propose to a lively, strictly reared girl who yearns to be a performer, she agrees to marry the winner of a singing contest."
Murder Party,United States,NR,"Comedies, Cult Movies, Horror Movies","A mild-mannered office drone plucks a Halloween party invitation off the street and suddenly finds himself the main event at a ""murder party."""
TUNA GIRL,Japan,TV-PG,"Dramas, International Movies",A clumsy but cheerful fisheries student struggles to find her place at a research institute renowned for its tuna cultivation. The work isn't easy.
The Silence of Others,"Spain, France, Canada, United States",TV-14,"Documentaries, International Movies","Filmed over six years, this documentary captures the struggles of victims who suffered abuse under Gen. Francisco Franco's regime as they seek justice."
Brick Mansions,"France, Canada, United States, Spain",PG-13,"Action & Adventure, International Movies",An undercover police detective partners with an ex-convict to take down a drug kingpin amid grime and crime in a walled-off Detroit housing project.
Growing up and other problems,Spain,TV-14,"Comedies, Dramas, International Movies",A 30-something woman without a steady partner or income samples stability when her pregnant best friend asks her to be the godmother of her child.
Knowing,"United States, United Kingdom, Australia",PG-13,"Sci-Fi & Fantasy, Thrillers",An MIT astrophysics professor and his son unearth a string of numbers from a time capsule that seem to reveal a cataclysm that will wipe out humanity.
Di Renjie zhi Sidatianwang,"China, Hong Kong",TV-14,"Action & Adventure, International Movies, Sci-Fi & Fantasy","Framed by an empress who plans to steal a dragon-taming mace, imperial magistrate Dee Renjie soon uncovers a greater plot that threatens the kingdom."
Chal Bhaag,India,TV-14,"Comedies, Dramas, International Movies",Three petty criminals find themselves in a pickle when police wrongly charge them with the murder of an important politician.
Jen Kirkman: Just Keep Livin’?,United States,TV-MA,Stand-Up Comedy,"Incisive comic Jen Kirkman gets real about women's bodies, the value of alone time and an Italian private tour guide who may have been a ghost."
Butterfield 8,United States,TV-14,"Classic Movies, Dramas, Romantic Movies","Elizabeth Taylor won an Oscar as Gloria Wandrous, a stylish call girl who yearns to go straight, especially after she thinks she's found Mr. Right."
Philomena,"United Kingdom, United States, France",PG-13,"Dramas, Independent Movies, International Movies",A kind-hearted Irishwoman teams with an acerbic journalist to find the son she was forced to give up for adoption 50 years ago.
JJ+E,,TV-MA,"Dramas, International Movies, Romantic Movies","Elisabeth and John-John live in the same city, but they inhabit different worlds. Can a passionate first love break through class and cultural barriers?"
RUSSELL BRAND: RE:BIRTH,,TV-MA,Stand-Up Comedy,Russell Brand gets loquacious in London as he ruminates on the state of the world and marvels over how his life changed the moment he became a father.
Bobby,India,TV-14,"Classic Movies, Dramas, International Movies","Raj, the son of strict, wealthy parents, falls in love with Bobby, the daughter of a poor Christian fisherman – a romance his parents oppose."
West Coast Customs,United States,TV-G,"Docuseries, Reality TV","West Coast Customs, a mecca for well-heeled car lovers, stars as their team creates some of the most luxurious, outrageous vehicles on the planet."
Love & Anarchy,Sweden,TV-MA,"International TV Shows, Romantic TV Shows, TV Comedies",A married consultant and a young IT tech kick off a flirty game that challenges societal norms — and leads them to re-evaluate their entire lives.
Krish Trish and Baltiboy: Comics of India,,TV-Y7,Children & Family Movies,"In three comic-strip-style tales, a boy tries to sell wisdom, a demon is released from captivity, and a king assigns impossible tasks to his minister."
Buried by the Bernards,United States,TV-14,Reality TV,"In this reality series, the bickering but big-hearted Bernards manage their budget-friendly funeral home while helping grieving families say farewell."
The Untold Tales of Armistead Maupin,United States,TV-MA,"Documentaries, LGBTQ Movies","This documentary traces the life of ""Tales of the City"" author Armistead Maupin, from his conservative roots to his rise as an LGBTQ champion."
Hyori's Bed & Breakfast,,TV-14,"International TV Shows, Korean TV Shows, Reality TV","K-pop diva Lee Hyo-ri and her husband open up their home on the beautiful Jeju Island to welcome travelers for free stays, meals and late-night chats."
Valentine's Day,United States,PG-13,"Comedies, Romantic Movies",The tripwires of modern love are exposed in a carousel involving relationships and the single life on the most romantic day of the year: February 14.
Alpha and Omega: The Legend of the Saw Tooth Cave,"United States, India",TV-Y7,Children & Family Movies,"When a wolf pup named Runt sneaks off to explore a mysterious cave, he meets and befriends a wolf driven from her pack because she's blind."
Nailed It! Germany,Germany,TV-14,"International TV Shows, Reality TV","Home cooks try – and inevitably fail – to re-create spectacular confections on this comical competition show, all for a sweet 5,000 euros."
LEGO House - Home of the Brick,,TV-G,"Documentaries, International Movies","In Billund, Denmark, a nearly 130,000-square-foot house is constructed with 25 million Lego bricks, capturing the awe of kids of all ages."
Dark Places,"United States, United Kingdom, France",R,"Dramas, International Movies, Thrillers","Years after surviving a brutal crime as a child, Libby Day comes to believe that the brother she testified against for committing it may be innocent."
Hajwala 2: Mysterious Mission,United Arab Emirates,TV-14,"Action & Adventure, Comedies, International Movies","In this sequel, a group of expert drivers skilled in drifting and high-speed racing is recruited to perform obscure tasks for a shadowy gang."
Squid Game,,TV-MA,"International TV Shows, TV Dramas, TV Thrillers","Hundreds of cash-strapped players accept a strange invitation to compete in children's games. Inside, a tempting prize awaits — with deadly high stakes."
Christmas Survival,United Kingdom,TV-MA,Comedies,"With Christmas just around the corner, sisters Miranda and Lyla bring their families to their childhood home, where rivalries don't take a holiday."
Rudra: The Rise of King Pharaoh,,TV-Y7,Children & Family Movies,"When a malicious, resurrected mummy begins to steal the energy of young people in Mumbai, kid magician Rudra must use his special powers to stop him."
"Jim & Andy: The Great Beyond - Featuring a Very Special, Contractually Obligated Mention of Tony Clifton","Canada, United States",TV-MA,Documentaries,"Through the lens of his stunningly immersive performance as Andy Kaufman, Jim Carrey ponders the meaning of life, reality, identity and career."
"Septiembre, un llanto en silencio",Guatemala,TV-MA,"Dramas, Independent Movies, International Movies","After a terrorist attack in Guatemala, a baby is rendered deaf and motherless and her father is left to raise her alone."
Freaks,"United States, Canada",R,"Independent Movies, Sci-Fi & Fantasy, Thrillers","Hidden away by her eccentric father, a mysterious young girl uncovers frightening truths when she starts to make contact with the outside world."
The Hunt,United Kingdom,TV-PG,"British TV Shows, Docuseries, Science & Nature TV","Witness some of the most riveting showdowns in the animal kingdom as cameras capture leopards, polar bears and other predators targeting their prey."
Justice,United States,R,Movies,"A U.S. Marshal arrives at a small town in Nevada, only to learn that his preacher brother is dead after standing up to the town's mayor and outlaws."
Fate: The Winx Saga - The Afterparty,United Kingdom,TV-14,"Comedies, Dramas","Stars of the fiery hit discuss the show's magic, play trivia and chow down on hot wings. Then, Taylor Tomlinson shares how she would use fairy powers."
We Are Young. We Are Strong.,Germany,TV-MA,"Dramas, International Movies","In 1992, three radically different residents of Rostock, Germany, become entangled in a violent xenophobic riot that rocks the beleaguered city."
Remember,"Canada, Mexico, Germany, South Africa",R,"Action & Adventure, Dramas","Following the written instructions of his friend, senile Zev crosses the country to find and murder the Nazi who killed their families in Auschwitz."
Rebellion,Ireland,TV-MA,"International TV Shows, TV Dramas","As World War I rages, three women and their families in Dublin choose sides in the violent Easter Rising revolt against British rule."
Mandobasar Galpo,India,TV-14,"Dramas, International Movies, Romantic Movies","With the assistance of a psychiatrist, an acclaimed filmmaker struggles to come to terms with a mysterious romantic trauma."
Blood Brothers: Malcolm X & Muhammad Ali,,PG-13,"Documentaries, Sports Movies","From a chance meeting to a tragic fallout, Malcolm X and Muhammad Ali's extraordinary bond cracks under the weight of distrust and shifting ideals."
Shiva VS Autobots,,TV-Y7,Children & Family Movies,"When an evil enemy gains control of a gadget that sends vehicles destructively spinning out of control, kid superhero Shiva must stop the chaos!"
Someone Has to Die,"Mexico, Spain",TV-MA,"Crime TV Shows, International TV Shows, Spanish-Language TV Shows","In conservative 1950s Spain, the alleged relationship between a young man and a Mexican ballerino creates an uproar of harrowing consequences."
"Big Dreams, Small Spaces",United Kingdom,TV-G,"British TV Shows, International TV Shows, Reality TV",Writer and presenter Monty Don helps England's budding horticulturists plant and grow the gardens of their dreams.
The Happytime Murders,"United States, China, Canada",R,"Action & Adventure, Comedies","In an LA where puppets and humans coexist, a down-on-his-luck detective teams with his ex-partner to nab a killer targeting the cast of an old TV show."
Halston,United States,TV-MA,TV Dramas,His name built an empire. His style defined an era. American fashion designer Halston skyrockets to fame before his life starts to spin out of control.
Buddi,"United Kingdom, China",TV-Y,"British TV Shows, Kids' TV","The Buddis bounce, spin, glide — and giggle! — through their magical world, learning new things and sharing the joy of friendship."
Lo and Behold: Reveries of the Connected World,United States,PG-13,Documentaries,"Filmmaker Werner Herzog presents a history of the internet, starting with its birth in 1969, and ponders the joys and sorrows of its social influence."
Messiah,United States,TV-MA,"TV Dramas, TV Thrillers",A wary CIA officer investigates a charismatic man who sparks a spiritual movement and stirs political unrest. A fictional story not based on true events.
My Babysitter's a Vampire: The Movie,Canada,TV-PG,"Children & Family Movies, Comedies","When their parents head out for the evening, Ethan and his little sister get the babysitter of their nightmares: a fledgling vampire named Sarah."
I Got the Hook Up,United States,R,"Action & Adventure, Comedies","After getting their hands on a misdirected shipment of cell phones, two hustlers try to cash in by hawking the merchandise from the back of their van."
Green Zone,"United Kingdom, France, Spain, United States",R,Action & Adventure,"A US Army officer uncovers a conspiracy about weapons of mass destruction in Iraq, launching a crusade that creates enemies within his own military."
Feminists: What Were They Thinking?,United States,TV-MA,"Documentaries, LGBTQ Movies","Revisiting 1970s photos of women that captured a feminist awakening, this film explores those women's lives and examines the continued need for change."
Euphoria,Italy,R,"Dramas, International Movies, LGBTQ Movies","An entrepreneur prone to partying and his estranged brother, a teacher resigned to a humdrum life, begin to bond under fragile circumstances."
Umrika,India,TV-MA,"Dramas, Independent Movies, International Movies","An ambitious man leaves his small Indian village for America. But when his letters to home stop coming, his brother sets out on his own adventure."
Back and Forth,Brazil,NR,"Comedies, Dramas, International Movies","When their car breaks down en route to São Paulo, a father and son accept a ride from four beautiful telemarketers who are headed there on holiday."
Operator,United States,TV-MA,"Comedies, Dramas, Independent Movies","When a programmer uses his wife's sympathetic voice for his company's customer service app, he starts to rely more on her idealized self than her."
An American Tail,United States,G,Children & Family Movies,"Fievel, a young Russian mouse, immigrates to America and must make his own way in the strange and sometimes perilous new world."
FullMetal Alchemist,Japan,TV-PG,"Action & Adventure, Dramas, International Movies","While alchemist Edward Elric searches for a way to restore his brother Al's body, the military government and mysterious monsters are watching closely."
Mugamoodi,India,TV-14,"Action & Adventure, International Movies",A martial arts specialist accidentally becomes a superhero when he steps in – in costume – to help the cops catch a criminal.
Bana Masal Anlatma,Turkey,TV-14,"Comedies, International Movies, Romantic Movies","Minibus driver Riza is a steady presence in his close-knit neighborhood, until he brings home a dreamy beauty and throws everything into chaos."
White Gold,United Kingdom,TV-MA,"British TV Shows, International TV Shows, TV Comedies","In 1980s Essex, cocky salesman Vincent Swan and his unscrupulous team will do anything to get the sale – including throwing honesty out the window."
Our Souls at Night,United States,TV-14,"Dramas, Romantic Movies","After widowed neighbors Addie and Louis begin sleeping in bed together platonically to alleviate their loneliness, a real romance begins to blossom."
High Strung Free Dance,"Romania, United States",TV-14,"Dramas, Music & Musicals, Romantic Movies",A choreographer casts a contemporary dancer and a gifted pianist for a highly anticipated Broadway show as internal drama tries to steal the spotlight.
Shadow of Truth,Israel,TV-MA,"Crime TV Shows, Docuseries, International TV Shows",This documentary series explores the explosive 2006 murder case of a 13-year-old Israeli girl and the subsequent conviction of a Ukrainian immigrant.
LEGO Marvel Spider-Man: Vexed by Venom,United States,TV-Y,"Children & Family Movies, Comedies","When Green Goblin and Venom team up for a disastrous scheme, Spider-Man calls in a wall-crawling ally and must rely on his Spidey senses to stop them."
Rainbow Time,United States,TV-MA,"Comedies, Dramas, Independent Movies","A developmentally disabled man obsessed with the Fonz, guns and all things kinky poses a challenge for his arrogant brother when he moves in with him."
Remember Me,United States,PG-13,"Dramas, Romantic Movies","Tyler's still feeling lost following the tragedy that's strained his relationship with his father when he meets Ally, a girl who understands his pain."
Ainori Love Wagon: Asian Journey,Japan,TV-MA,"International TV Shows, Reality TV, Romantic TV Shows","Seven men and women board a pink bus in search of true love. On a journey through Asia with strangers, their goal is to return to Japan as a couple."
Sam Kinison: The Scream Continues,United States,TV-MA,Documentaries,Sam's brother and former manager Bill Kinison speaks about the late comedian's journey from preacher to standup legend.
Living Undocumented,United States,TV-MA,Docuseries,Eight undocumented families' fates roller-coast as the United States' immigration policies are transformed.
Marc Maron: End Times Fun,United States,TV-MA,Stand-Up Comedy,"Marc Maron wades through a swamp of vitamin hustlers, evangelicals and grown male nerd children, culminating in a gleefully filthy end-times fantasy."
The Parole Officer,United Kingdom,R,"Action & Adventure, Comedies","After witnessing a murder, Simon Garden is framed – and the only evidence that proves his innocence is a videotape locked inside a bank vault."
Hap and Leonard,United States,TV-MA,"Crime TV Shows, TV Dramas","In late-1980s Texas, two best friends get involved in darkly comic misadventures by hiring themselves out to shady clients for illicit ends."
Queen of No Marriage,Taiwan,TV-MA,"International TV Shows, Romantic TV Shows, TV Comedies",Sparks begin to fly when a successful 33-year-old single woman and a 25-year-old romantic with few prospects navigate love and differences.
Falsa identidad,Mexico,TV-MA,"Crime TV Shows, Spanish-Language TV Shows, TV Dramas",Strangers Diego and Isabel flee their home in Mexico and pretend to be a married couple to escape his drug-dealing enemies and her abusive husband.
Shiva: The Secret World Of Vedas City,,TV-Y,Children & Family Movies,"When the residents of Vedas are ordered to evacuate by a prince who claims the town as his own, young Shiva sets out to save the city and its citizens."
El club de los buenos infieles,Spain,TV-MA,"Comedies, International Movies",Four childhood buddies in passionless marriages try a counterintuitive idea: a secret club for men who want to cheat – to regain lust for their wives.
Schubert In Love,Germany,TV-14,"Comedies, International Movies","The last of his family line, Olaf Schubert doesn't have time for a girlfriend but dutifully searches for one when his father demands offspring."
Jeff Dunham's Very Special Christmas Special,United States,TV-MA,Stand-Up Comedy,"Politically incorrect, sometimes raunchy ventriloquist Jeff Dunham is joined by his irreverent cast of characters in this hilarious Christmas special."
"Fresh, Fried & Crispy",United States,TV-PG,Reality TV,"Passionate about food and ready for fun, critic Daym Drops drops in on America's smokin' hot spots for the best, freshest takes on fried food."
Ghost Patrol,Canada,TV-Y7,"Children & Family Movies, Comedies",Two kids and their pet dog (aka the Ghost Patrol) get a call about an old manor and soon find they are investigating their first real haunted house.
Chief of Staff,South Korea,TV-14,"International TV Shows, Korean TV Shows, TV Dramas","As a chief of staff in the National Assembly, Jang Tae-jun influences power behind the scenes while pursuing his own ambitions to rise to the top."
All of You,Philippines,TV-MA,"Comedies, Dramas, International Movies","Two strangers meet on a dating app and experience instant chemistry, but their relationship unravels as jarring differences catch up to them."
What's Up?,"Saudi Arabia, United Arab Emirates",TV-PG,"Comedies, Dramas, International Movies","Flirting with modernity, a young woman must keep her new romance a secret from her conservative brother, who plans to keep her in line with tradition."
The Last of the Schmucks,Egypt,TV-MA,"International TV Shows, TV Comedies","The year is 2041 and a dispute between a man and his wife has set the human race back. In this battle of the sexes, the primitive life isn't so simple."
Hum Aapke Hain Koun,India,TV-14,"Classic Movies, Dramas, International Movies","Although Nisha falls for Prem, she agrees to marry his older brother for the good of their families. But fate may have other plans for the lovebirds."
A Stoning in Fulham County,United States,TV-14,Dramas,"After reckless teens kill an Amish child, a prosecutor attempts to bring the youths to justice despite the condemnation he faces from the community."
The Breaker Upperers,New Zealand,TV-MA,"Comedies, Independent Movies, International Movies","For the right price, BFFs Jen and Mel will ruthlessly end any romance. But when one of them grows a conscience, their friendship begins to unravel."
La Mante,France,TV-MA,"Crime TV Shows, International TV Shows, TV Dramas","Decades after her capture, a serial killer offers to help solve a string of copycat murders – but only if her son, now a cop, will work by her side."
Suckseed,Thailand,TV-MA,"Comedies, International Movies, Music & Musicals","When his boyhood crush Ern returns, Ped forms a band with his friend to impress her. Romantic rivalries bloom after the talented Ern joins the group."
History's Greatest Hoaxes,Australia,TV-PG,"British TV Shows, Docuseries","Using previously unseen footage, this documentary series offers new insights into some of the biggest scams and forgeries in human history."
Aaviri,India,TV-14,"Horror Movies, International Movies, Thrillers","After losing their first child in an accident, a couple moves to a palatial home, where their young daughter comes under the spell of an eerie spirit."
The Great Train Robbery,United Kingdom,NR,"British TV Shows, Crime TV Shows, International TV Shows","This two-part tale delivers the true story of the Great Train Robbery of 1963, the biggest one in England's history."
Laerte-se,Brazil,TV-MA,"Documentaries, International Movies, LGBTQ Movies","After living as a man for nearly 60 years, Laerte Coutinho, one of Brazil's most brilliant cartoonists, introduces herself to the world as a woman."
Quincy,United States,TV-MA,"Documentaries, Music & Musicals","This documentary profiles music and culture icon Quincy Jones, offering unprecedented access to his private life and stories from his unparalleled career."
The Mess You Leave Behind,Spain,TV-MA,"International TV Shows, Spanish-Language TV Shows, TV Dramas",A teacher starts her job at a high school but is haunted by a suspicious death that occurred there weeks before... and begins fearing for her own life.
Life of Crime,United States,R,"Comedies, Independent Movies","After two small-time crooks kidnap and ransom a rich businessman's wife, they discover a flaw in their plan: Her cheating husband doesn't want her back."
Stone Age,South Korea,TV-Y7,"Kids' TV, Korean TV Shows","Woody sets out to become the Stone Age's best animal trainer with a little help from his faithful pet dinosaur, Moga."
Oversize Cops,Thailand,TV-MA,"Action & Adventure, Comedies, International Movies","While investigating a bank robbery, a squad of overweight police officers undergoes rigorous training to shed pounds."
Theeya Velai Seyyanum Kumaru,India,TV-PG,"Comedies, International Movies, Music & Musicals","When shy Kumar gets stuck on the losing end of a love triangle, the Love Doctor, Mokia, has a strategy for Kumar to win the love of his life."
Pac-Man and the Ghostly Adventures,"United States, Japan, Canada",TV-Y7,"Kids' TV, TV Comedies",Teenage Pac and his loyal crew face the ups and downs of adolescence while protecting Pac-World from a ghostly army led by the evil Betrayus.
Everything About Her,Philippines,TV-MA,"Comedies, Dramas, International Movies",A hard-driving real estate tycoon who becomes ill with cancer hires a medical caretaker who helps her begin to mend fences with her estranged son.
Chhota Bheem Kungfu Dhamaka,India,TV-Y7,Children & Family Movies,Chhota Bheem is in China for a martial arts competition but his real challenge: to save the emperor’s daughter from being kidnapped by the villain Zuhu!
Poseidon,United States,PG-13,"Action & Adventure, Dramas","A tidal wave spells disaster for a ship of New Year's Eve revelers when it capsizes the mammoth vessel, sending passengers into a battle for survival."
Silicon Cowboys,United States,TV-PG,Documentaries,"This documentary tells the story of Compaq Computer and its three founders, who in 1982, took on Goliath IBM at the height of its PC dominance."
Message from the King,"United Kingdom, France, Belgium, United States",R,"Independent Movies, Thrillers","On a relentless quest to avenge his sister's murder, a man from Cape Town infiltrates a sprawling network of lowlifes and elites in Los Angeles."
Trailer Park Boys: Out of the Park: Europe,Canada,TV-MA,"International TV Shows, TV Comedies","The Trailer Park Boys are thrilled to get a free trip to Europe, until they arrive and learn about their corporate sponsor's unusual requirements."
Love Off the Cuff,"China, Hong Kong",TV-MA,"Comedies, Dramas, International Movies",Cherie and Jimmy's relationship is in a rut – until Cherie's estranged father shows up and a woman from Jimmy's past shows up with a hidden agenda.
American Anarchist,United States,TV-MA,Documentaries,"This documentary profiles William Powell, who wrote the ""The Anarchist Cookbook"" in the early 1970s and spent his later life regretting his actions."
Handsome Devil,Ireland,TV-MA,"Comedies, Dramas, International Movies","A self-described outsider is sent to a rugby-obsessed boarding school, where he forms an unexpected bond with the star player."
Collateral Beauty,United States,PG-13,Dramas,An advertising executive wrestling with grief finds meaning by writing letters to unconventional recipients as caring colleagues plot a ruse.
Mortified Nation,United States,TV-MA,Documentaries,"This comic documentary follows the Mortified movement, a series of stage events where adults share awkward childhood moments in front of strangers."
Despite Everything,Spain,TV-MA,"Comedies, International Movies, Romantic Movies","After their mother's death, four sisters learn a shocking family secret and embark on an adventure to discover the truth about their genealogy."
Fred Claus,United States,PG,"Children & Family Movies, Comedies",The holiday season is ruined for Santa Claus when his cranky older brother – a repo man with a sizable rap sheet – visits him at the North Pole.
The Stepfather,United States,PG-13,"Horror Movies, Thrillers",A series of mysterious events makes a teenager suspect that his mother's new boyfriend may be a dangerous serial killer known for preying on families.
Luck by Chance,India,TV-14,"Dramas, International Movies, Romantic Movies","When Vikram gets tapped to play the male lead in a Bollywood film, he can't believe his luck. But it may ruin his relationship with his girlfriend."
Finding ‘Ohana,United States,PG,"Children & Family Movies, Comedies","In Oʻahu for the summer, two siblings from Brooklyn connect with their Hawaiian heritage — and their family — on a daring quest for long-lost treasure."
Playing Hard,"Canada, United States",TV-MA,"Documentaries, International Movies","Step inside the Ubisoft offices, and follow designer Jason VandenBerghe's fight to create the video game ""For Honor"" over four years."
Revenger,South Korea,TV-MA,"Action & Adventure, International Movies","Hell-bent on avenging the murder of his family, a former detective infiltrates a remote island that serves as a prison for vicious death row criminals."
May the Devil Take You,Indonesia,TV-MA,"Horror Movies, International Movies","Hoping to find answers to her estranged father's mysterious illness, a young woman visits his old villa and uncovers a horrifying truth from the past."
Mommy Issues,,TV-MA,"Comedies, Dramas, International Movies",Close quarters and new romances add trouble to the rocky relationship between a high-strung young woman and her demanding mother.
Yunus Emre,Turkey,TV-PG,"International TV Shows, TV Dramas","During the Mongol invasions, Yunus Emre leaves his home to travel across the Ottoman Empire, defying hardships and temptations to become a dervish."
Take My Brother Away,China,TV-14,"International TV Shows, TV Comedies, TV Dramas","Bickering siblings Shi Miao and Shi Fen tackle friendship matters, school drama and the pitfalls of growing up with little parental supervision."
Dad Stop Embarrassing Me!,United States,TV-14,TV Comedies,A single dad and cosmetics brand owner figures out fatherhood on the fly when his strong-minded teen daughter moves in with him.
Leslie Jones: Time Machine,United States,TV-MA,Stand-Up Comedy,"From trying to seduce Prince to battling sleep apnea, Leslie Jones traces her evolution as an adult in a joyfully raw and outrageous stand-up special."
Something in the Rain,South Korea,TV-MA,"International TV Shows, Korean TV Shows, Romantic TV Shows","Reunited with her best friend’s younger brother, who’s back from a stint abroad, a recently dumped career woman begins to see him in a new light."
Toc Toc,Spain,TV-MA,"Comedies, International Movies","A group of patients with OCD wait for their flight-delayed doctor to arrive for their appointments, forcing them to endure each other's oddball quirks."
EVANGELION: DEATH (TRUE)²,Japan,TV-MA,"Action & Adventure, Anime Features, International Movies","Fifteen years after the Second Impact, apathetic teen Shinji joins his father's group NERV to fight the Angels. But the truth may destroy them all."
Gran Torino,"Germany, United States",R,Dramas,A newly widowed Korean War veteran faces his racism and his past when the son of the Hmong family next door tries to steal his beloved 1972 Gran Torino.
Shaitan,India,TV-MA,"Action & Adventure, Dramas, Independent Movies","When they're blackmailed after a hit-and-run, a troubled rich girl and her wild friends stage a fake kidnapping with a plan to collect the ransom."
Striptease,United States,R,"Comedies, Dramas",A former FBI employee works as a stripper to finance her custody battle for her daughter when a secretly shady congressman takes an interest in her.
Marauders,"Canada, United States",R,Action & Adventure,A series of high-stakes thefts at banks owned by a manipulative millionaire sparks an FBI agent to suspect a sinister plan behind the deadly heists.
Spookley the Square Pumpkin,United States,G,Children & Family Movies,"When a storm terrorizes his patch, a pumpkin cast out for his shape must step up to use his smarts to save the day – and to prove himself."
Gun City,"Spain, France",TV-MA,"Dramas, International Movies, Thrillers","In 1921 Barcelona, amid unrest between anarchists and the police, a cop plays both sides to learn who stole army weapons that could ignite a civil war."
Power Rangers in Space,"United States, France, Japan",TV-Y7,Kids' TV,"With the Power Chamber destroyed, former Turbo Power Rangers T.J., Cassie, Carlos and Ashley search for Zordon, who's been abducted by Dark Specter."
Kung Fu Panda: Secrets of the Scroll,United States,TV-PG,"Children & Family Movies, Comedies","When a twist of fate brings five unlikely animals together, they find that combining their unique kung fu styles as a team makes the perfect weapon!"
Hush,United States,R,"Horror Movies, Thrillers",A deaf writer who retreated into the woods to live a solitary life must fight for her life in silence when a masked killer appears in her window.
Saudi Arabia Uncovered,United Kingdom,TV-14,Documentaries,"Undercover cameras expose public floggings, executions and other brutality in Saudi Arabia, and introduce those risking their own lives for change."
Herrens veje,Denmark,TV-MA,"International TV Shows, TV Dramas",A family with a storied history of service to the Church of Denmark fractures under the tyrannical rule and ambition of its hard-driving patriarch.
Mr. Peabody & Sherman,United States,PG,"Children & Family Movies, Comedies, Sci-Fi & Fantasy","Resurrected from the 1960s animated series ""Rocky and Bullwinkle,"" canine genius Mr. Peabody and young Sherman take a dizzying ride through time."
Not a Game,United Kingdom,TV-MA,"Documentaries, International Movies, Sports Movies","This documentary offers an honest look at our fraught, complex relationship to video games from the perspectives of gamers and their concerned parents."
NOVA: Eclipse Over America,United States,TV-G,Documentaries,"Scientists reveal how the 2017 solar eclipse provided new clues into how the sun works, from its scorching atmosphere to its deadly solar storms."
The Haunting in Connecticut 2: Ghosts of Georgia,United States,R,Horror Movies,A couple's Georgia dream home becomes a living nightmare when their daughter begins to have frightening visions from the property's terrible past.
The Irregular at Magic High School,Japan,TV-14,"Anime Series, International TV Shows, Teen TV Shows","Siblings Tatsuya and Miyuki enroll at Magic High School, where Miyuki's honors status comes between her and her underachieving older brother."
XXX: State of the Union,United States,PG-13,Action & Adventure,"In this action-packed follow-up to XXX, U.S. intelligence officer Augustus Gibbons must thwart a massive conspiracy to overthrow the government."
The Twilight Zone (Original Series),United States,TV-14,"Classic & Cult TV, TV Sci-Fi & Fantasy","Hosted by creator Rod Serling, this groundbreaking anthology series presents tales of the supernatural that are often tinged with social commentary."
To the Lake,Russia,TV-MA,"International TV Shows, TV Dramas, TV Mysteries","Facing the end of civilization when a terrifying plague strikes, a group risks their lives, loves — and humanity — in a brutal struggle to survive."
"Hi Bye, Mama!",South Korea,TV-14,"International TV Shows, Korean TV Shows, Romantic TV Shows","When the ghost of a woman gains a second chance at life for 49 days, she reappears in front of her remarried husband and young daughter."
Lady Boss: The Jackie Collins Story,United Kingdom,TV-14,Documentaries,"""Queen of Sleaze"" or feminist pioneer? Powerhouse novelist Jackie Collins created a brash sex-positive persona while hiding her private struggles."
Untold: Crime & Penalties,,TV-MA,"Documentaries, Sports Movies","They were the bad boys of hockey — a team bought by a man with mob ties, run by his 17-year-old son, and with a rep for being as violent as they were good."
Shéhérazade,France,TV-MA,"Dramas, Independent Movies, International Movies","Fresh out of juvenile detention in Marseille, 17-year-old Zach falls for a young prostitute and soon faces a dire dilemma while working as a pimp."
ReMastered: Who Killed Jam Master Jay?,,TV-MA,"Documentaries, Music & Musicals",Run-DMC DJ Jam Master Jay made a huge impact in music and his community. But friends and family still seek closure years after his unsolved murder.
The Ridiculous 6,United States,TV-14,"Action & Adventure, Comedies","When his outlaw dad is kidnapped, Tommy “White Knife” Stockburn sets off across the West on a rescue mission with five brothers he never knew he had."
GRANBLUE FANTASY the Animation,Japan,TV-PG,"Anime Series, International TV Shows","In a world where islands float in the sky, Gran encounters a mysterious girl wanted by the Erste Empire for her ability to summon Primal Beasts."
The Late Bloomer,United States,R,Comedies,"A sex therapist with pituitary issues finally gets to experience puberty in all its glory at age 30, when an operation unleashes his raging hormones."
Asura Guru,India,TV-14,"Dramas, International Movies","For a tech-savvy thief, elaborate robberies and evading the police are second nature until a private detective is hired to investigate his latest heist."
We Summon the Darkness,"United States, Canada, United Kingdom",R,"Horror Movies, Thrillers",A night at a 1980s heavy metal concert hits a grisly note when new friends find themselves in the middle of a satanic murder spree.
Green White Green (And All the Beautiful Colours in My Mosaic of Madness),Nigeria,TV-MA,"Comedies, Independent Movies, International Movies","Three young Nigerian bohemians, each from one of the country's major ethnic groups, explore the directions in which their lives could go."
Chelsea,United States,TV-MA,"Stand-Up Comedy & Talk Shows, TV Comedies","It's not her first talk show, but it is a first of its kind. Ideas, people and places that fascinate her, all in her unique style."
Ghanchakkar,India,TV-MA,"Comedies, International Movies, Thrillers","Former con artist Sanju surrounds himself with the finer things, a blissful life troubled by only one thing: his wife, who wants even more."
Ezel,Turkey,TV-14,"Crime TV Shows, International TV Shows, TV Dramas",A young man framed for a crime escapes a prison sentence by faking his own death and assuming a new identity as he seeks revenge.
Keeping the Bees,Turkey,TV-14,"Dramas, International Movies",Ayşe returns from Germany to her Black Sea hometown and sets out to fulfill her mom's dying wish — to care for her beloved bee farms.
26 Years,South Korea,TV-MA,"Dramas, International Movies, Thrillers","Twenty-six years after the 1980 massacre at Gwangju, South Korea, three relatives of the victims come together to avenge the infamous orchestrator."
BEASTARS,Japan,TV-MA,"Anime Series, International TV Shows","In a world where beasts of all kinds coexist, a gentle wolf awakens to his own predatory urges as his school deals with a murder within its midst."
Phullu,India,TV-14,"Dramas, Independent Movies, International Movies","Struck by the lack of clean resources for menstruating women in his village, a jobless loafer braves social stigmas to create low-cost sanitary napkins."
20 Minutes,Turkey,TV-MA,"Crime TV Shows, International TV Shows, TV Dramas","When his wife is convicted of murder, a horrified family man races to prove her innocence while a dogged investigator sets out to uncover the truth."
Power Rangers Samurai: Party Monsters (Halloween Special),United States,TV-Y7,Movies,"On Halloween night, the creepiest creatures from the Netherworld trade war stories about their battles with the Samurai Power Rangers."
Hot Girls Wanted: Turned On,United States,TV-MA,Docuseries,"Personal stories reveal how the intersection of sex, technology and intimate relationships is rewiring us in fundamental ways."
Zodiac,United States,R,"Cult Movies, Dramas, Thrillers","A political cartoonist, a crime reporter and a pair of cops investigate San Francisco's infamous Zodiac Killer in this thriller based on a true story."
Sin City,,TV-14,"International Movies, Thrillers",A busy couple tries to give their love life a boost by taking an impromptu weekend trip only to find their relationship tested in unexpected ways.
The Suit,Egypt,TV-14,"Action & Adventure, Comedies, International Movies","After a duo of slackers dress up as policemen for a costume party, they decide to prolong their disguise — not knowing that it will lead them to danger."
Strong Girl Bong-soon,South Korea,TV-14,"Crime TV Shows, International TV Shows, Korean TV Shows","Born with supernatural strength, Bong-soon fights evil and procures justice while getting tangled in a love triangle with her CEO boss and cop crush."
Judy Moody and the Not Bummer Summer,United States,PG,"Children & Family Movies, Comedies","In this family film, never-dull third-grader Judy Moody embarks on a summer adventure with her brother, Stink, and always-up-for-fun Aunt Opal."
Masameer Classics,Saudi Arabia,TV-14,"International TV Shows, TV Comedies","Through dark comedy and eccentric characters, this web series offers a humorous view of the changes and cultural shifts in Saudi Arabia from 2011-2019."
Class Rank,United States,TV-MA,Comedies,"When her class rank threatens her college plans, an ambitious teen convinces a nerdy peer to run for the school board to abolish the ranking system."
Private Lives,South Korea,TV-14,"Crime TV Shows, International TV Shows, TV Dramas","In a world where data is no longer private, con artists uncover a sinister surveillance scheme headed by the government and a greedy corporation."
Do Paise Ki Dhoop Chaar Aane Ki Baarish,India,TV-MA,"Dramas, Independent Movies, International Movies","When a sex worker hires a gay songwriter to care for her disabled son, the ensuing bonds that form offer a complex portrayal of love and family."
Barney and Friends,,TV-Y,Kids' TV,"Barney the purple dinosaur, Baby Bop and B.J. are still bringing smiles to kids' faces with their nonstop adventures, stories, games and guests."
Always a Witch,Colombia,TV-14,"International TV Shows, Spanish-Language TV Shows, TV Comedies","A young 17th-century witch time travels to the future to save the man she loves, but first must adjust to present-day Cartagena and defeat a dark rival."
Tim Allen: ReWires America,United States,TV-MA,Stand-Up Comedy,"Standup star Tim Allen storms the stage for a set chock-full of observations about powerful cars, beautiful lawns and more of the things he loves."
The Land of Cards,India,TV-14,"Dramas, Independent Movies, International Movies",A royal prince arrives on an island of fascist rule and inspires a rebellion among its women in this hallucinogenic adaptation of a classic play.
Radiopetti,India,TV-PG,"Dramas, International Movies","An elderly, hearing-impaired Indian man stays connected to the world of the past through the beloved valve radio he has owned since childhood."
Glitter Force,Japan,TV-Y7,"Anime Series, Kids' TV",Five preteen girls learn they're a legendary superhero squad known as the Glitter Force. Their mission? To defend Earth from evil fairy-tale villains.
Trippin' with the Kandasamys,South Africa,TV-14,"Comedies, International Movies, Romantic Movies","To rekindle their marriages, best friends-turned-in-laws Shanthi and Jennifer plan a couples' getaway. But it comes with all kinds of surprises."
Bhagam Bhag,India,TV-14,"Comedies, International Movies, Romantic Movies","A theater group lands in trouble when its new actress takes her own life, two of its members are framed for murder and no one is who they appear to be."
Court Justice,Australia,TV-MA,"Crime TV Shows, Docuseries, International TV Shows","In a bustling local court in Sydney, 12 magistrates preside over different levels of criminal offenses and deliver life-changing verdicts."
Love Around,Taiwan,TV-14,"International TV Shows, Romantic TV Shows, TV Comedies","After a chance meeting at a ballpark, the kind son of a former gangster tries to help an outgoing radio DJ get over her recent heartbreak."
Sebastián Marcelo Wainraich,Argentina,TV-MA,Stand-Up Comedy,"Argentine comedian Sebastián Wainraich highlights the comedy in everyday life, from minibars to reasons why funerals are better than weddings."
The Mistress,Philippines,TV-MA,"Dramas, International Movies, Romantic Movies",The mistress of a wealthy businessman is torn between her loyalty to him and her love for a young architect connected to her in unexpected ways.
Korean Cold Noodle Rhapsody,,TV-PG,"Docuseries, International TV Shows","Refreshing and flavorful, naengmyeon is Korea's coolest summertime staple. A journey through its history begins, from how it's cooked to how it's loved."
Look for a Star,Hong Kong,TV-14,"Comedies, International Movies, Romantic Movies","While keeping his identity secret, a real estate billionaire tries to woo an outspoken croupier who talks gamblers out of losing their money."
40 Sticks,Kenya,TV-14,"International Movies, Thrillers","When their prison bus crashes in a forest on a rainy night, a group of criminals finds themselves battling wild animals and a mysterious killer."
