ingredients_text,countries_en
"ail), anüoxydant (ascorbate de sodium), iodate de potassium, conservateur (nitrite de sodium), fumé au bois de hêtre. Conditionné sous atmosphèr protectrice. Ne convient pas enfants de moins de frois a liés au risque dtétouffement.",France
"Farine de _blé_, huile végétale, huile extra-vierge d'olive, tomates en poudre 3%, aromates, sel, levure, basilic 1%, épices, farine de céréales maltées, _petit-lait_ en poudre, amidon de blé, _lactose_, extrait de levure.","France,Italy"
"Fromage nature (400 g) : lait de vache pasteurisé, sel, coagulant, chlorure de calcium, ferments lactiques et de surface, rocou, carmin de cochenille, natamycine, lysozyme (contient oeuf). Fromage aromatisé poivre (200 g) : Lait de vache pasteurisé, sel, poivres verts et noir, arôme naturel poivre, coagulant, chlorure de calcium, ferments lactiques et de surface, rocou, carmin de cochenille, natamycine, lysozyme (contient oeuf). Fromage goût fumé (200 g) : lait de vache pasteurisé, sel, coagulant, chlorure de calcium, ferments lactiques et de surface, natamycine, lysozyme (contient oeuf), rocou, caramel, arôme de fumée.",France
Split mung beans,United States
"Corn syrup, sugar, hydrogenated palm kernel oil, salt, natural and artificial flavors, modified food starch (corn), soy protein, egg whites, soy lecithin, yellow 5, red 40, yellow 6, blue 1.",United States
"_Dinkelmehl_ 35 %; Vollmilchschokolade 30 % (Rohrzucker unraffiniert, Kakaobutter, _Vollmilchpuver_, Kakaomasse), Rohrzucker unraffiniert, _Butter_, Marzipan (_Mandeln_ Rohrzucker unraffiniert, Inverzuckersirup, Wasser), Honig 1,8 %, Backtriebmittel: Natriumhydrogencarbonat (Natron) und Ammoniumhydrogencarbonat (Hirschhornsalz), Meersalz, _Vollmilchpulver_, Säuerungsmittel: Monokaliumartrat (Reinweinstein), Maisstärke.",Germany
"Wheat flour, potato, wheat starch, rice bean oil, palm oil, seasoning powder (salt, yeast extract, sugar, onion powder, hydrolyzed soy protein, coconut fat, citric acid, artificial flavors, garlic powder, disodium guanylate, disodium inosinate, parsley powder, mustard powder), onion.",United States
"Milk chocolate (sugar, cocoa butter, whole milk powder, cocoa liquor, soy lecithin [emulsifier], vanilla extract), dark chocolate (cocoa liquor, sugar, cocoa butter, soy lecithin [emulsifier], vanilla extract, graham cracker (unbleached enriched flour [wh",United States
"Queen olives, water, jalapeno peppers (acetic acid, calcium chloride, potassium sorbate as preservative), salt and lactic acid.",United States
"Pork, water, contains 2% or less of the following: salt, spices, dextrose, sodium tripolyphosphate, monosodium glutamate, natural flavor, bha, bht, citric acid.",United States
"Cacao, pure cane sugar, whole milk, whole vanilla bean.",United States
"Sugar, corn syrup, partially hydrogenated soybean oil, condensed skim milk, cocoa, whey, soya lecithin, artificial and natural flavors.",United States
Natural sea salt.,United States
"All natural coconut water, natural watermelon flavor",United States
"_Weizenmehl_, Zucker. pﬂanzliche Fette (Palm, Palmkern, Kokos in veränderlichen Gewichtsanteilen), Glukosesirup, fettarmes Kakaopulver (4%), Backtriebmittel (Ammoniumhydrogencarbonat, Natriumhydrogencarbonat), Speisesalz, _Magermilchpulver_, _Molkenerzeugnis_, Säureregulator (Natriumcarbonat). Kann Spuren ent alten von: Sofa, Sulﬁte. ﬁchalenfrüchtçn (Ç : Hasçlnﬁsse), Ei. Vo_r Wärme sçhützen. Trocken. lagemz Hergestelrlt in  ","Germany,Switzerland"
"céréales complètes (24%) (flocons d'avoine), sirop de glucose, morceaux de soja torréfiés, farine de riz, sucre, farine de blé, huile de palme, sirop de fructose-glucose, dextrose, riz soufflé, framboise (1.6%), jus de citron concentré, humectant (glycérol), compote de pommes concentré (1.3%), farine d'avoine, compote de framboises concentrée (0.4%), extrait de malt d’orge, lait écrémé en poudre, jus concentré de bale de sureau, matière grasse de palme, arôme, fibres de blé, sel, arômes naturels, correcteurs d’acidité (acide malique, acide citrique), aliments colorants (concentrés de carotte noire, myrtille, cassis), gélifiant (pectine), émulsifiants (lécithine de soja, lécithine de tournesol",Switzerland
"Potatoes, vegetable oil (contains one or more of the following: corn, sunflower, or canola oil), and salt.",United States
"? pommes* (90 %), ? rhubarbe* (demeter&quot;) (10 %) * Ingrédient issu de l'agriculture biologique demcter est la /ljamuc des produits issus de l'agriculture bio-dynamique certifiée Contient des sucres naturellement présents Conseil d'utilisation : Après ouverture, conserver au réfrigérateur. Analyse nutritionnelle moyenne pour 100 ml 220 kJ - 52 kcal Energie Matières grasses Og",France
"_Lachs_, Speisesalz, Zucker, Buchenholzrauch",Germany
"Corn syrup, sugar, modified food starch, natural and artificial flavors, citric acid, sodium citrate, mineral oil, carnauba wax, artificial colors (fd&c red #40).",United States
beurre pasteurisé,France
"Ingredients: green beans, water",United States
"Boneless skinless chicken breast, water, seasoning (spices, salt, dried garlic, dried red and green bell pepper, dried onion, yeast extract, sugar, cilantro flakes, citric acid, natural flavor, grill flavor (from sunflower oil), natural smoke flavor).",United States
"Farine de blé 50,6% eau flocons de blé malté toasté 10,4% - graines de tournesol 3,3% - gluten de blé lesure - flocons de seigle malté 2% - flocons de blé 2% huile de colza sucre sel - dextrose - vinaigre d'alcool conservateur : propionate de calcium - émulsifiants . esters monoacétyltartriques et diacétyltartriques des mono- et diglycérides d'acides gras, mono- et diglycérides d'acides gras graines de lin brun 0,2% - graines de millet 0,2% - graines de payotSOJ2?/o? - farine d'orge maltée toastée 0,2% - antioxydant : acide ascorbique - farine d'orge maltée torréfiée 0,01%.",France
Canola oil.,United States
"Cream, skim milk, water, liquid sugar (sugar, water), brown sugar, egg yolks, dried cane syrup, wheat flour, eggs, coconut oil, sugar, butter (cream, salt), milkfat, soybean oil, corn syrup, salt, guar gum, vanilla extract, corn starch, monocalcium phosphate, sodium acid pyrophosphate, sodium bicarbonate, cocoa, molasses, natural flavor, paprika extract (color), soy lecithin, carrageenan, lemon juice concentrate.",United States
"Jambon de porc, sel, dextrose, arômes, antioxydant : E316, conservateur : E250.",France
"Sucre - poudre de lait entier - beurre de cacao - vanille bourbon en poudre 0,4% - arôme naturel de vanille bourbon - émulsifiant : lécithine de colza. Traces de gluten, d'œuf, de soja et de fruits à coque.",France
"Crème glacée vanille : lait écrémé réhydraté, crème fraîche liquide 20%, sirop de glucose-fructose de blé, sucre, lait écrémé concentré, lactose et protéines de lait, extraits de vanille 0,5%, émulsifiant : mono- et diglycérides d'acides gras d'origine végétale, stabilisants (farine de graine de caroube, gomme de guar, carraghénanes), gousses de vanille épuisées broyées colorant : beta-carotène",France
Organic honey.,United States
"Pâte de cacao, sucre, cacao maigre en poudre, _lactose_, beurre de cacao, émulsifiant : lécithine de _soja_, arôme.",France
"lait de vache cru, crème, sel, présure, fleur de surface.",France
"Imported italian tomatoes, cannellini beans, pure italian olive oil, fresh onions, fresh garlic, citric acid, fresh basil leaf, sea salt, spices.",United States
"Préparation à base de surimi saveur crabe 35 % (surimi 13,4 % (chair de _poisson_ 12,2 %, sucre, stabilisants : E420 - E450, blancs d'_œufs_), eau, fécule de pomme de terre, blanc d'_œuf_ réhydraté, huile de colza, sel, sucre, colorants : E120, E160c, arôme (contient _crustacés_)), huile de colza, chair de _crabe_ tourteau (cancer pagurus) 12 %, eau, _œufs_, vinaigre, sucre, poudre de jaunes d'_œufs_, _moutarde_ (eau, vinaigre, graines de moutarde, sel, épices), sel, extraits naturels et aromates (contient _poisson_), jaunes d'_œufs_ salés, amidon transformé de maïs, acidifiant : E330, conservateurs : E202 - E211, épaississant : E415, antioxydant : E385.",France
"*organic raw cane sugar, *organic cocoa butter, organic whole milk powder, *organic chocolate liquor, *organic unrefined whole cane sugar.",United States
"Wheat farina, malted barley, calcium carbonate, ferric orthophosphate (iron), niacin (niacinamide), vitamin b6 (pyridoxine hydrochloride), folate (folic acid), vitamin b1 (thiamin mononitrate), vitamin b2 (riboflavin).",United States
"Agua, semillas de _soja_* (8%), azúcar, cacao magro en polvo* (1,6%), alga marina Lithothamnium calcareum, sal marina, espesante: carragenanos (E-407). (* Ingredientes procedentes de la agricultura ecológica).",Spain
Organic peanuts and sea salt.,United States
"Durum semolina, niacin, ferrous sulfate (iron), thiamine mononitrate, riboflavin, folic acid.",United States
"Torsades cuites et assaisonnées 34 % (eau, semoule de blé dur, blanc d'œuf, curcuma, huile de colza, sel), eau, Noix de Saint-Jacques 10 % (*Zygochlamys patagonica, origine Argentine), carottes 7,6 %, crevettes 6,6 % (dont sel), poireaux 5 % (dont sel), céleri 4,2 %, crème fraîche, jus de citron, sauce soja (eau, graines de soja, blé, sel), miel, amidon transformé de riz, huile de colza, gingembre, ail, coriandre, sel, poivre, gomme de xanthane.",France
"Organic tomato puree, organic sugar, organic white vinegar, salt, organic onion powder, organic spices",United States
"Water, sugar, wheat flour, high fructose corn syrup, chocolate chips (sugar, chocolate liquor, anhydrous dextrose, cocoa butter, soy lecithin [emulsifier], vanilla extract), glycerol, cocoa, modified tapioca starch, partially hydrogenated soybean oil, pal",United States
Vegetables,Ireland
"Whole milk, sugar, cream, cocoa processed with alkali, skim milk powder, cocoa liquor, cocoa butter, soy lecithin, vanilla extract, locust bean gum, guar gum, carrageenan, mono and di glycerides",United States
"eau, graines de moutarde 27%, vinaigre de table, vinaigre de vin (avec estragon), sel de cuisine, sucre, épices, curcuma, épaississant: E415. ",Switzerland
"Céréales 51,5 % (farines de _blé_ et de _seigle_), sucre, matières grasses hydrogénées et non hydrogénées (palme, coprah, colza), sirop de glucose, poudre de cacao maigre 3,9 %, _lactose_, poudres à lever : carbonates de sodium, carbonates d'ammonium, diphosphates, _lait_ écrémé et _lait_ entier en poudre, sel, arômes, émulsifiant : lécithines de tournesol, protéines de _lait_.",France
"Milk, sugar",United States
"Poitrine de dinde (78 %), eau (17 %), amidon modifié (E1420) (1 %), sucre, sel, stabilisants (E407, E452), conservateurs (E250, E325), poivre noir, paprika épicé, romarin, fibres alimentaires, arôme fumée, arôme de poulet.",France
"Potatoes, sunflower and/or canola oil, salt.",United States
"Semolina, dried sweet corn, dried carrot, dried squash, niacin, ferrous sulfate (iron), thiamin mononitrate, riboflavin, folic acid.",United States
"Dates, orange chocolate chunks (dark confectionery coating {sugar, partially hydrogenated vegetable oils [palm kernel, palm, coconut], cocoa powder processed with alkali, cocoa powder, whey [milk], soy lecithin [emulsifier], sorbitan monostearate, polysorbate 60, salt, vanillin [artificial flavoring]}, orange oil).",United States
"Pasteurisert _melk_ og _fløte_, salt, løk, stabilisator (johannesbrødkjernemel og guarkjernemel), paprika, krydder, hvitløk",Norway
"Eau, sucre, miel (0,18%), extrait de thé vert (0,14%), arôme naturel, antioxydant : acide ascorbique, acidifiant : acide citrique, arôme ginseng",France
"Bread crumbs (enriched flour[flour, malted barley, niacin, ferrous sulfate, thiamine mononitrate (vitamin b1), riboflavin (vitamin b2), folic acid], high fructose corn syrup, corn syrup, partially hydrogenated vegetable oil (soybean and/or cottonseed and/or corn canola oils), water gluten, whey, soy flour, whole wheat flour, rye flour, corn flour, oat bran, corn meal, rice flour, potato flour, butter, dough conditioners (mono- and diglycerides, sodium and/or calcium srearoyl lactylate, soy lecithin, calcium carbonate), yeast nutrients (ammonium sulfate, calcium sulfate, monocalcium phosphate), distilled vinegar, skim milk, buttermilk, lactic acid, calcium propionate (preservative), potassium sorbate (preservative), sesame seeds, sunflower seeds, eggs), seasoning blend (garlic, onion, monosodium glutamate, salt, parsley, oregano, cumin, tricalcium phosphate), salt and dehydrated parsley.",United States
"Peppers, distilled vinegar, water, salt, calcium chloride, natural flavors, yellow #5, sodium benzoate and sodium metabisulfite (to preserve freshness).",United States
"Morue 50%, huiles végétales (tournesol, colza), farine de blé, oeuf, poivrons rouges, oignons préfrits (oignons, huile de tournesol), fécule de pomme de terre, eau, flocons de pomme de terre, huile d'olive vierge extra, persil, ail, agents levants (poudre à lever : E450i, E500ii, amidon de froment, farine de froment), blanc d'?uf en poudre, épice et extrait d'épice 0.4%, [Oh exprimés sur la totalité du produit.) Traces possibles de lait, crustacés, céleri, soja, mollusques, moutarde.",France
"_Speisequark_, 9% _Joghurt_ mild aus entrahmter Milch",Germany
"Whole pasteurized bufala milk, calcium chloride, salt, fermented lactics, rennet.",United States
"Ingredients: water, whole soybeans, calcium,aulfate, nigari (sea water extract)",United States
"Mangoes, water, sugar, lemon juice, dextrose, less than 1% guar gum and locust bean gum.",United States
"Organic dates, organic chia seeds, organic coconut.",United States
"eau, huile de colza, amidon modifié, sirop de glucose-fructose, arôme (contient du lactose), vinaigre, jaune d'oeuf, poudre de crème, acidifiants:glucono-delta-lactone-acide tartrique-acide citrique-acide lactique, extrait de levure, sel, colorants:beta carotène - extrait de paprika, protéines de lactosérum (contient du lactose), conservateur: sorbate de potassium - benzoate de sodium, épaississants: farine de graines de caroube-gomme xanthane, poudre d'oignons, poudre d'ail, extrait d'épice.",France
"Non-dairy product ingredients: water, cane sugar, palm oil, contains 2% or less of: sodium , caseinate (a milk derivative)*, dipotassium, phosphate, natural and artificial flavors, mono and diglycerides, sodium stearoyl lactylate, polysorbate 60, carragee",United States
Limones de la variedad Primofiori. Categoría I. Calibre: 3/4 ,Spain
"Enriched bleached flour (wheat flour, niacin, reduced iron, thiamin mononitrate [vitamin b1], riboflavin [vitamin b2], folic acid), sugar, corn syrup, water, palm and palm kernel oil, palm and soybean oils with tbhq and citric acid to protect flavor, cocoa, invert sugar. contains 2% or less of each of the following: soy flour, barley malt extract, leavening (baking soda, sodium aluminum phosphate), kosher gelatin, nonfat dry milk, corn starch, modified tapioca and corn starch, salt, datem, annatto extract (color), soy lecithin, mono- and diglycerides, natural and artificial flavors, spice, whey, egg whites, soybean oil.",United States
"Romaine lettuce, carrot, red cabbage.",United States
"Carbonated water, high fructose corn syrup, citric acid, natural and artificial flavors, sodium benzoate (a preservative), potassium citrate, red 40, blue 1.",United States
"Glucose syrup, sugar, vegetable fat, gelatine. acidulant (citric acid), fruit powder mixture (1%), colouring (beetroot red), vitamin c, natural flavouring.",United States
100% café.,France
"Pepperoncini, water, salt, vinegar, citric acid, sodium metabisulfite (to retain color) sodium benzoate, fd&c yellow#5",United States
"Water, balsamic vinegar, soybean oil, vinegar, sugar, extra virgin olive oil, salt, contains less than 2% of: spices, xanthan gum, onion, garlic, red bell peppers*, parsley*, sorbic acid, citric acid, paprika (color).",United States
"_Weizenmehl_, Pflanzenmargarine (Palmöl, Palmkernöl, Palmstearin, Sonnenblumenöl, Wasser, Emulgator: _Sojalecithin_, natürliches Aroma, Zitronensäure), Rosinen (16%), _Gerstenmalzsirup_, _Weizenvollkornmehl_, _Haselnüsse_, _Sesam_, Dattelstückchen (4%), Korinthen (4%), _Eier_, Kokosraspel, _Sojamehl_, Zitronensaft, Reismalzsirup, _Mandelblättchen_, Meersalz.",Germany
"Banana peppers, water, salt, vinegar, tumeric, polysorbate 80.",United States
"Peaches, water, ascorbic acid (vitamin c) to protect color, citric acid, sucralose and acesulfame k",United States
"Enriched wheat flour (wheat flour, ascorbic acid added as dough conditioner, iron, reduced iron, thiamine mononitrate, riboflavin, enzymes, folic acid, sugar, soybean and/or canola oil, water, eggs, chocolate chips (sugar, chocolate liquor, cocoa butter, dextrose, soy lecithin, natural flavor), buttermilk (part-skim milk, salt, sodium citrate, bacterial culture), artificial flavor, baking powder (sodium acid pyrophosphate, sodium bicarbonate, cornstarch, monocalcium phosphate), dextrose, whey powder, salt, mono- and diglycerides, egg whites, sodium stearoyl lactylate, xanthan gum, cellulose gum, citric acid, soy lecithin.",United States
"Whole wheat flour, water, wildflower honey, wheat gluten, sunflower seeds, poppy seeds, sesame seeds, salt, yeast.",United States
"Filtered water, organic corn, organic potatoes, organic onions, organic cream, organic lowfat milk, organic carrots, organic bell peppers, organic green chiles, organic celery, organic grade aa butter (organic cream, salt), organic leeks, organic cornstar",United States
Organic peanuts,United States
"Pork rinds, sunflower oil, salt, maltodextrin, vinegar solids, garlic powder, sugar, malic acid, citric acid, modified food starch, dill, dextrose, canola oil, natural flavor, and acetic acid.",United States
"Fromage 50 % (_lait_ de vache pasteurisé, sel, ferments _lactiques_, enzyme coagulante), huile de colza 49,3 %, herbes de Provence 0,4 %, poivrons rouges 0,3 %.",France
"Alaska pollock, water, egg whites, corn starch, sugar, sorbitol, contains 2% or less of: king crab meat, natural and artificial flavor (extracts of blue crab, snow crab, lobster, and alaska pollock), refined fish oil* (anchovy, sardine), rice wine (water, rice, koji), modified tapioca starch, sea salt, carrageenan, yam flour, potassium chloride, disodium inosinate, sodium pyrophosphate, soy lecithin, carmine, paprika, color added.",United States
"Tomates séchées partiellement réhydratées 53 % (_Anhydride sulfureux_), huile de tournesol, huile d'olive vierge extra, sel marin, sucre, origan, poivre noir moulu, ail (en poudre), arômes, correcteurs d'acidité : acide lactique, acide citrique, affermissant : chlorure de calcium",France
"Apples, high fructose corn syrup, corn syrup, water, ascorbic acid (to maintain color).",United States
"Sugar, enriched bleached wheat flour (flour, niacin, iron, thiamine mononitrate, riboflavin, folic acid), soybean oil, water, eggs, pumpkin, contains 2% or less of: maragarine (palm oil, water, salt, mono and diglycerides, soy lecithin, sodium benzoate, a",United States
"Saumon atlantique d'élevage (Salmo salar) 93,1 %, sel, zeste dl citron 0%, thym thym citron arôme naturel de citron. Peut contenir de traces de sésame et de moutarde. les informations en gras sont destinées aux personnes allergiques et intolérantes. Conseils de préparation : Ouvrir la barquette 20 minutes avant de servir. Conservation : à consommer iusqu'au : voir la date figurant sur l'emballage. Après ouverture, à conserver au réfrigérateur et à consommer dans les 24h. A conserver entre OOC et +40C. Produit décongelé, ne pas recongeler.",France
"Carbonated water, high fructose corn syrup, caramel color, phosphoric acid, caffeine, natural flavor, sucralose.",United States
"Légumes* 74% (pommes de terre du Val de Loire* 39,5%, haricots verts de Vendée* 27,5%, oignons d'Espagne* &quot;Champignons de Paris&quot; de Hollande* 2%), eau de cuisson, viande de dinde fermière du Poitou* 8,5%, huile d'olive vierge extra*, persil de France*. *Ingrédients issus de l'agriculture biologique Analyse nutritionnelle moyenne pour 100g Voedingswaardevermelding voor 100g",France
"Sucre, farine de _blé_ tendre, _beurre_ frais 25 %, _oeufs_ frais, poudres à lever (diphosphates et carbonates de sodium (_blé_)), arôme naturel et arôme naturel de vanille sel.",France
"_Œufs_ frais (origine France) 30 %, chair de _brochet_ (20%), semoule de _blé_ dur, eau, beurre (dont _lait_) (origine France) 11.9%, _lait_ entier, sel",France
"Zucker, Kakaobutter, Kakaomasse, _Vollmilchpulver_, Glukosesirup, _Butter_, _Kondesmilch_, _Schlagsahne_, Wasser, _Haselnusskerne_, Kaffeepulver, Emulgator: _Sojalecithin_; Vanilleextrakt",Germany
"Canola or soybean oil, horseradish, water, dijon mustard (distilled vinegar water, mustard seed, salt, white wine, guar gum, citric acid, tartaric acid, sugar, turmeric spices), egg yolks, distilled vinegar, garlic, spices, sea salt, lemon juice concentra",United States
Sliced Mushrooms,Australia
"Pasteurized organic whole milk, carrots, carrot juice concentrate, sea salt, honey, live active cultures.",United States
Viande de porc dans le filet,France
"Ingredients: water, green chili (30%), ,sugar, garlic (4.1%), salt, acidity regulator (acetic acid : e260), thickener (modified corn starch : e1422), stabilizer(xanthan gum : e415)",United States
"Green tea, citric acid, maltodextrin, sucralose & acesulfame potassium (as sweeteners), sugar, modified corn starch, dextrose, natural flavors",United States
"Cocoa liquor, sugar, almonds (15%), cocoa butter, emulsifier: soy lecithin.",United States
"Calamata olives, extra virgin olive oil, salt, garlic, lactic acid, and/or vinegar.",United States
"Filtered water, sugar, condensed skim milk, cream, pectin, fumaric acid natural flavor, ascorbic acid (vitamin c), lactic acid, purple sweet potato juice (color), citric acid, reb a (purified stevia extract), panax ginseng root extract, yerba mate extract",United States
"Peaches, water, nonfat yogurt (cultured pasteurized fat free milk, fat free milk solids), skim milk, milk, sugar, orange juice concentrate, cream, contains less than 2% of: ascorbic acid, gelatin, modified corn starch, natural flavor, steviol glycosides, vanilla extract, xanthan gum.",United States
"Pasteurized organic sweet cream, natural flavoring.",United States
"farine de blé enrichie, sucre/glucose-fructose, huile de palme modifiée, beurre, bicarbonate de sodium, sel, lécithine de soja, arôme artificiel. ",Canada
"Acqua, Farina di riso (16,6%), Amido di riso, Zucchero, Margarina vegetale non idrogenata (olio di palma non raffinato 96%, acqua), Addensanti: farina di semi di guar, Idrossipropilmetilcellulosa, Lievito di birra, Farina di riso integrale, Proteine di lupino, Sorbitolo, Emulsionanti: mono e di-gliceridi degli acidi grassi, Sale, Destrosio, Fibra di psyllium, Estratto di lievito, Aromi, Regolatore d'acidità: acido tartarico",Italy
"60% fenouils bio, 20% pommes bio, eau, 5% riz basmati bio, 1,5% huile d'olive vierge extra bio, vanille bio en gousse",France
Pumpkin seeds,United States
"Water, gelatin, citric acid, aspartame*, potassium sorbate (preservative), acesulfame potassium, salt, sodium citrate. if strawberry banana: artificial flavor, red 40, blue 1; if mandarin orange: natural flavor, yellow 6; if lime: natural flavor, yellow 5",United States
"Olive oil, tomatoes (25%), cashew nuts, basil (20%), sea salt, pine nuts, onions, citric acid.",United States
"sucre, amidon de blé et de mais, sirop de glucose, colorants riboflavine, complexes cuivre chlorophylines, anthocyanes, jus de betteraves concentré, matière grasse végétale (noix de coco), agent d'enrobage (cire d'abeille), colorants naturels, colorant issu de chlorophylle végétale",France
Quinoa rouge ,Switzerland
"Farine de _blé_ 65%, eau, sucre, huile de colza, sel, gluten de _blé_, arôme, levure, vinaigre, farine de fèves, extrait d'acérola.",France
"Citric acid, potassium and sodium citrate, natural flavor, aspartame,* magnesium oxide, contains less than 2% of: lemon juice solids, acesulfame potassium, maltodextrin, calcium silicate, gum arabic, artificial color, yellow 5.",United States
"Thés (46.7 %), orange (20 %), cynorrhodon (20 %), menthe marocaine (13.3 %). 100 % des ingrédients sont issus de IIAgriculture Biologique.",France
"Organic almonds, organic tapioca syrup, organic dried cane syrup, organic dried cherries, organic roasted soybeans, organic inulin, organic rice flour, organic cashews, organic dried cranberries, organic unsweetened chocolate, organic palm kernel solids, organic cocoa, organic almond butter, organic sunflower oil, salt, organic cocoa butter, soy lecithin, organic natural flavors, organic vanilla extract, mixed tocopherols (antioxidant), calcium carbonate.",United States
"Prepared white beans (water, white beans), water, high fructose corn syrup, tomato puree (water, tomato paste), less than 2% of: molasses, smoked uncured bacon, no nitrites or nitrates added (pork, water, salt, sugar, natural smoke flavor, natural flavors",United States
"Guava, citric acid, sugar, salt, fd&c yellow # 5 sulphur dioxide (as a preservative).",United States
"Roasted peanuts (93%), brown sugar, palm oil, salt",United Kingdom
"_Roggenvollkorn_ (Mehl und Schrot), Wasser, Natursaurteig (Wasser, _Roggenvollkornmehl_, _Roggenmehl_), _Weizenvollkornmehl_, _Weizenmehl_, _Roggenflocken_, _Roggenmehl_, Invertzuckersirup, Salz, Karamellsirup, Hefe.",Germany
"Water, partially hydrogenated palm kernel oil, sugar, dextrose, contains less than 2% of: sorbitol, sodium caseinate*, (a milk derivative), mono and diglycerides, carrageenan, polysorbate 80, sorbitol monostearate, artificial flavor, salt, propellant: nitrous oxide.",United States
"Sugar, glucose syrup, corn starch, high fructose corn syrup, food starch - modified (potato), citric acid: contains less than 2% of: dextrose, malic acid, lactic acid, gelatin, artificial flavors, fumaric acid, artificial colors, glycerol, sorbitol, salt, red 40, blue 1, yellow 5, yellow 6.",United States
"Enriched wheat flour (flour, malted barley flour, reduced iron, niacin, thiamin mononitrate (vitamin b1), riboflavin (vitamin b2), folic acid), water, whole wheat flour, sugar, yeast, wheat gluten, salt, molasses, butter (milk)**, calcium propionate (preservative), wheat bran, monoglycerides, datem, grain vinegar, cellulose gum, calcium sulfate, natural flavors, soy lecithin, citric acid, potassium iodate.",United States
"LAIT pasteurisé de vache (Origine I France), sel, ferments lactiques, colorant: E160b, conserateur lysozyme (OEUF). Valeurs nutritionnelles moyennes pour 1000 Enerç»e 1529 kJ (36e kcal) , Matières grasses 2òg (dont gras satures . 200) Glucides (dont sucres , Protéines : 29g ; Sei 25g A conserver entre +2'C et +6;C 000810182 16:03 B Prix de l'unite: 4.43? P_r1X au kg:",France
"Lowfat milk, nonfat yogurt, sugar, corn syrup solids, peach puree, stabilizers (containing guar gum, carob bean gum and carrageenan), citric acid, natural peach flavor, vanilla extract, vitamin d, vitamin a, dextrose. *probiotic yogurt contains live cultu",United States
"Pasteurisierte _Milch_, _Rahm_, Salz, Kräutermischung, Gewürze, Gewürzextrakte, mikrobielles Lab, Farbstoff Paprikaextrakt, Milchsäuerungskulturen, Reifungskulturen","Belgium,Germany"
"Parmesan cheese (pasteurized milk, cheese culture, salt, enzymes), powdered cellulose to prevent caking, natamycin (mold inhibitor).",United States
"Pasteurized organic sweet cream, natural flavorings",United States
"-tic 'tac grédients: sucre, arômes, Iructosel épaississant: gomme arabique; amidon de riz, huile essentielle de menthé, agentdtenrobage:ciredecarnauba. Valeurs nutritionnelles moyennes pour 100 g: Energiel 669 kJ 1393 kcal, Matières grasses g, dont acides gras saturés 0 g, Glucides",France
"Biscuit: bleached enriched flour (wheat flour, niacin, reduced iron, thiamine mononitrate, riboflavin, folic acid), buttermilk (cultured lowfat milk, nonfat dry milk, corn starch, salt, carrageenan, pectin), partially hydrogenated soybean oil, biscuit base (sugar, leavening [sodium bicarbonate, sodium aluminum phosphate, monocalcium phosphate], enriched flour [wheat flour, niacin, reduced iron, thiamine mononitrate, riboflavin, folic acid], salt, sodium stearoyl lactylate, soybean oil), water, artificial flavor, potassium sorbate (preservative). pork sausage pam: pork, water, salt, sugar, spice, flavoring, bha and bht (antioxidants). egg patty: whole eggs, water, dry whole milk, soybean oil, salt, xanthan gum, citric acid, soy lecithin. process american sharp cheese: cultured milk and skim milk, cream, sodium citrate, salt, artificial color, sodium phosphate, sorbic acid (preservative), acetic acid, enzymes, soy lecithin.",United States
"Enriched bleached flour (wheat flour, niacin, reduced iron, thiamin mononitrate [vitamin b1], riboflavin [vitamin b2], folic acid, corn syrup, vegetable shortening (hydrogenated soybean and cottonseed oil, partially hydrogenated soybean and cottonseed oil",United States
"Unbleached enriched flour (wheat flour, malted barley flour, niacin, reduced iron, thiamin mononitrate, riboflavin, folic acid), water, high fructose, corn syrup, contains 2% or less of each of the following: yeast, salt, soybean oil, wheat gluten, dough",United States
"Roasted salted peanuts (peanuts, peanut, canola and/or cottonseed oil, sea salt), chocolate covered candies (milk chocolate (sugar, cocoa butter, chocolate liquor, whole milk powder, soy lecithin added as an emulsifier and vanilla), sugar, artificial colo",United States
"Ingràentes: A)JC écido citrico, K y sucrclosa, cotes de feta en el lote",France
"Beef, water, contains less than 2% of the following: dextrose, natural flavorings, sea salt, sugar, yeast extract.",United States
"Tarte normande d22 (poudre à décor (dextrose, amidon de _blé_, correcteur d’acidité : carbonate de calcium, émulsifiant : E470a, matière grasse végétale non hydrogénée, arôme naturel (_lait_)), pomme 42.5%, farine de _froment_, sucre, eau, _œufs_ frais, _beurre_ frais, _lait_ entier frais, amidon de maïs, _crème_ fraîche, poudre à lever: E450ai, E500ii, antioxygènes : E330, E300, sel, arômes, colorants: rocou, riboflavine))",France
"Sucre, fraises de Sologne 43%, groseilles 4%, jus d'oranges, jus de citron, chapelure de pain d'épices 1% (_gluten_).",France
"_Lait_ écrémé et _crème_ pasteurisés de Haute-Loire, ferments _lactiques_.",France
"Enriched wheat flour (wheat flour, barley malt, niacin, reduced iron, thiamine mononitrate, riboflavin, folic acid), dextrin, salt, vegetable oil (may contain soybean, palm, safflower, sunflower and/or canola oil), maltodextrin, contains less than 2% of:",United States
"Water, sorbitol, contains less than 2% of cellulose gum, sucralose (splenda brand) (a nonnutritive sweetener), natural and artificial flavors, acesulfame potassium, potassium chloride, xanthan gum, caramel color, phosphoric acid, salt, sodium hexametaphos",United States
"Sucre, farine de _blé_, beurre de cacao, _lait_ écrémé en poudre, graisses végétales (palme, karité, noix de coco), sirop de glucose, _beurre_ concentré, émulsifiants (lécithine de _soja_, lécithine de tournesol), lactosérum en poudre (de _lait_), sel, poudre à lever (503), levure, arôme.",France
"Water, diced tomatoes, chablis wine (wine, sulfites), mushrooms, beef base (beef stock and beef flavor, onion juice concentrate, celeriac juice concentrate, carrot juice concentrate, salt, natural flavoring, tomato concentrate, yeast extract, potato flour, caramel color, citric acid and corn oil), butter (pasteurized sweet cream, starter distillate, lactic acid), modified corn starch, shallots, parsley, salt, natural flavor, phosphoric acid.",United States
"Popcorn, canola oil, seasoning (whey [milk], cheddar cheese [cultured pasteurized milk, salt, enzymes] nonfat milk, lactic acid), sea salt.",United States
"de source (83010) i, jus de fruits base concentrés 12010 (orange 5,910, pomme mangue 0,1%, fruits 0,1%), sucre, acidifiant : acide ascorbique, colorant •",France
"Enriched bleached wheat flour (wheat flour, niacin, reduced iron, thiamine mononitrate. riboflavin, folic acid), water, vegetable shortening (interesterified soybean oil, hydrogenated soybean oil and/or palm oil), contains 2% or less of salt, leavening (s",United States
"Non gmo butterfly popcorn, sunflower oil, cane sugar, pineapple, maltodextrin, salt, citric acid, extractives of habanero chili pepper.",United States
"Eau, légumes 42 % jus de tomates à base de concentré, carotte, pomme de terre, oignon, poireau, potiron, _céleri_, petit pois, navet, courgette), _lait_ écrémé reconstitué, amidon transformé de maïs, huile de colza, sucre, _beurre_ de cuisine, sel, arôme.",France
"Citric acid, maltodextrin, aspartame**, natural and artificial flavors, potassium citrate, contains less than 2% of: acesulfame potassium, calcium silicate, gum arabic, magnesium oxide, soy lecithin, artificial color, red 40, lake, blue 1.",United States
"Beef, water, salt, less than 2% brown sugar, spices, monosodium glutamate, sugar, flavorings, sodium nitrite.",United States
"édulcorants (xylitol, sorbitol, mannitol, .t S sirop de maltitol, maltitol, aspartame, acésulfame-K, sucralose), gomme base, stabilisant (glycérol), arômes, sucroesters dacides gras), épaississants (gomme de cellulose, gomme xanthane, gomme arabique), V extrait naturel de thé vert (0,196), graisse de noix (xylito\, i de coco, agent d'enrobage (cire de carnauba), antioxydant (E321), colorant (bleu brillant FCF), I Une consommation excessive peut avoir des effets laü3tifs.Contientune source de phénylalanine. Pour votre santé, une alimentation variée, équilibrée et I un mode de vie sain sont importants.",France
"Eau minérale naturelle Saint-Amand (99,4%), gaz carbonique, arôme naturel de citron vert et autres arômes naturels",France
Pecan.,United States
"72 % lait écrémé, 10% framboise (morceaux et purée), 7,8% sucre, 7% crème (lait), amidon modifié de maïs, lactose et protéines de lait, arôme naturel, concentrè de végétaux à pouvoir colorant, épaississants : pectines, gomme guar, carraghénanes; correcteur d'acidité : citrates de sodium; ferments lactiques (lait), jus de citron concentré.",France
"Créateur de biscuits depuis 1846 Ibiscuit= (32,5 g) 556 kJ 132 kcal 796* 100g 1770kJ 408 kcal","Belgium,France"
"Vinaigre d'alcool, graines de MOUTARDE, eau, sel, sucre, arôme naturel, acidifiant : acide lactique, conservateur : E224 (SULFITES)","France,Japan"
"Cooked black beans, water, onions, soybean oil, lime juice , salt, jalapeno peppers(including sulfites), sugar, garlic powder, spices.",United States
"INGREDIENTS: Piments, eau, vinagre de vin (sulfites), sel, acidulant: E-330 et antioxidant: E-300",France
"Zucker, 11% Instant-Kaffee, Aromen (mit _Milch_), Salz.","France,Germany"
Pecans.,United States
"Gelatin, adipic acid (for tartness), disodium phosphate (controls acidity), maltodextrin (from corn), fumaric acid (for tartness) contains less than 2% of artificial flavor, aspartame** and acesulfame potassium (sweeteners), red 40.",United States
"Farine de blé, édulcorant : maltitols, huile de colza, amidon de blé, dextrine de blé, arômes naturels, poudres à lever (diphosphates, carbonates de sodium, carbonates d'ammonium), émulsifiant : lécithines de colza, sel marin.",France
"_Soja_crisps (23,5%) (isoliertes _Soja_eiweiß, Stärke, Salz), Glukose-Fruktose-Sirup, geröstete _Erdnüsse_ (10,9%), Maltodextrin, _Soja_bohnen (7,2%), Erbsenprotein (6,3%), Palmfett, kandierte Cranberries (5,4%), (Zucker, Cranberries, Reismehl, Sonnenblumenöl), Fruktose, geröstete _Mandeln_ (4%), kandierte Heidelbeeren (3,4%) (Heidelbeeren, Zucker, Reismehl, Sonnenblumenöl), Feuchthaltemittel (Glycerin), natürliche Aromen, Säuerungsmittel (Citronensäure), Salz, Vanilleextrakt, Emulgator (_Soja_lecithine).",Germany
"Tomato puree, sugar, lemon juice, pectin, lemon zest, cinnamon, clove.",United States
"Pure cane sugar, sweet peppers, vinegar, mango, fruit pectin, spices, and the famous scotch bonnet pepper.",United States
"14 CHIPOLATAS AU SEL DE GUERANDE LABEL ROUGE lando de Porc origine Franco nçrèciènts: viande ce pcrc 94E. sel ce Gerance rri€s naturels, ëpices et èrt%tiques si rep ce naturel ce moyennes",France
"Lait de vache pasteurisé, sel, ferments lactiques, présure non animale origine fongique",France
"Jambon de porc (France), sel sec, dextrose, conservateur E 252, saccharose, arômes naturels.",France
Durum wheat semolina.,United States
"Apples, strawberry puree, apple juice concentrate, banana puree, blackcurrant juice concentrate, ascorbic acid (to maintain color).",United States
"Enriched wheat flour (wheat flour, niacin, reduced iron, thiamin mononitrate, riboflavin, folic acid), peanut butter (roasted peanuts, sugar, salt), salt, less than 2% of: canola oil and/or soybean oil, corn syrup, barley malt extract, leavening (contains",United States
Miel originaire et non originaire de l'Union européenne issu de l'agriculture biologique.,France
"LAIT écrémé réhydraté, sucre, beurre de cacao, LACTOSE et protéines de LAIT, pâte de cacao, huile de coco, sirop de glucose, sirop de glucose-fructose, LAIT en poudre entier, BEURRE concentré, émulsifiants (E471, lécithine de SOJA, E476), stabilisants (E410, E412, E407), gousses de vanille épuisées broyées, arôme naturel de vanille avec autres arômes naturels, arôme, colorant (E160a).",France
"22% Sultaninen (Sultaninen, Sonnenblumenöl), 20% getrocknete Cranberries (Cranberries, Apfeldicksaft, Sonnenblumenöl), _Mandeln_, 15% _Cashewkerne_, 12% getrocknete Aprikosen, 10% Buchweizen, glutenfreie Haferflocken, Bourbon-Vanille.",Germany
camembert cheese (cows' milk),United Kingdom
Pecans,United States
"Pasteurized goat milk, culture, enzymes, salt, honey.",United States
"Organic potatoes, organic expeller pressed sunflower seed, safflower seed and/or canola oil, organic maltodextrin**, organic black pepper, sea salt, organic dextrose, natural flavor, citric acid.",United States
"Roasted red bell peppers, water, salt, sugar, citric acid and calcium chloride.",United States
"Water, brown sugar, corn starch, sea salt, soy sauce powder (soybeans, salt), herbs & spices, maltodextrin, tamarind powder, garlic, onion, distilled vinegar, yeast extract, caramel color, fish sauce powder (fermented sardines), spice extract.",United States
"Brown rice flour, corn flour, gluten free oats, potato starch, potato flakes, high oleic sunflower oil (tocopherols, rosemary extract and ascorbyl palmitate added as an antioxidant), rice flour, sugar, millet, cane sugar, sea salt, whey protein concentrat",United States
"Eau de source 87% ; jus de fruits à base de concentrés 12% (orange 5,5%, pomme 5,3%, ananas 1%, mangue 0,1%, fruits de la passion 0,1%) ; acidifiant: acide citrique ; arômes naturels; édulcorants : aspartame, acésulfame-K; antioxydant : acide ascorbique ; colorant: bêta-carotène. Contient une source de phénylalanine.  ",France
"Farine de _blé_, matières grasses végétales (palme, colza), eau, sucre, levure, émulsifiants (E471, E472e, E481), _gluten_, sel, poudres levantes (E450, E500ii), dextrose, stabilisant : gomme guar (E412), _lactose_, _lait_ dégraissé en poudre, sirop de glucose, épaississant (E415), antioxygène (E300), jus de citron, arôme, auxiliaire technologique (enzymes).",France
"Ingrédients: garniture; sauce tomate (purée de tomates. sel. amidon transformé de mais, hurle de tournesol, sucre. origan). fourme d'Ambert (13%), emmental (5%), mozzarella (5%), olives (olives. eau, sel. stabilisateur de couleur; E579), antimottant amidon de pommes de terre.  Pâte (_soja_, _lait_, _œufs_, _fruits à coque_) : farine de _blé_, eau. levure. huile de tournesol. sel (sel,antiagglomérant E535. E536). sucre, levure déshydratée à pouvoir réducteur. _gluten_. farine de blé malté. enzymes.",France
"White tea, peach, purple corn, apple, orange, rose hip peel, hibiscus petals and natural flavors",United States
"Icing sugar, sugar, non-hydrogenated vegetable oil shortening (canola, palm, modified palm and palm kernel oil), water, bleached enriched wheat flour (wheat flour, niacin, reduced iron, thiamine mononitrate, riboflavin, folic acid), egg, vegetable oil (so",United States
"Cashews, peanut oil.",United States
"Poudre de lait écrémé, protéines de lait (émulsifiant lécithine de soja), cacao maigre en poudre, protéines de soja, protéines de pois, fibres dicacia. grasse végétale (huile de soja, sirop de glucose, protéine de lait, stabilisant : triphosphate pentasod\que. agglomérant : dioxyde de silicium, anti oxydant : tocophérol). épaississants . fécule de pomme de modifiée, graines de lin, farine de riz, minéraux (phosphate tricalcique, phosphate dipctassique, oxyde de magnésium, gluconate de zinc, pyrophosphate de fer, gluconate de manganèse, gluconate de cuivre, de potassium, sélénite de sodium, chlorure de chrome), arôme, dextrose, extrait de thé vert, sucralose et acésulfame de potassium, vitamines (A, D, E, Ci BI B2. BI 85, 86, B8s B), BI 2), maltodeftne, extait naturel de romarin.",France
"lentilles 71%, eau, huile de colza, amidon (pomme de terre, maïs cireux), purée de tomates, sel de cuisine iodé, vinaigre de table, sel de cuisine, épaississant (E415), épices, farine de riz, arôme, sucre, extraits d'épices, concentré de jus de citron. ",Switzerland
"Corn syrup, sugar, nonfat milk, hydrogeneted coconut oil, almonds, and less than 2% of honey, salt, egg whites, canola and/or safflower and/or palm oil, modified soy protein, natural flavor, tbhq and citric acid (to preserve freshness).",United States
"Sugar, corn syrup, cornstarch, modified cornstarch, natural and artificial flavors artificial colors including (red 40, yellow 5, yellow 6, blue 1).",United States
"Potatoes, vegetable oil (contains one or more of the following: corn, cottonseed, sunflower), sugar, salt, chili pepper, tomato powder, corn starch, garlic powder, sodium diacetate, spice (contains mustard), maltodextrin (from corn), torula yeast, honey,",United States
"Cabbage, water, distilled vinegar, sugar, onions, red sweet peppers, salt, spices, guar gum and dextrose, natural and artificial flavoring, turmeric, alum and artificial colors fd&c yellow no. 5, blue no. 1 and red no. 40.",United States
"Pasteurized milk, salt, annatto extract (cheese color), enzyme, cheese culture.",United States
Farine de _blé_ 54% — sucre — cacao maigre en poudre 6% - sirop de glucose - pâte de cacao 3% - amidon de _blé_ — farine de riz - huile de tournesol - fructose - arôme - émulsifiant : lécithine de tournesol - cannelle.,France
"2 cuisses de canard du sud-ouest de la France, graisse de canard, 1,6% de sel des Landes",France
"Gingko, green tea",United States
"Beef, beef jerky seasoning (salt, sugar, monosodium glutamate, pepper, garlic powder, soybean oil [processing aid]), potassium lactate & sodium diacetate blend, water, cure mix (salt, sodium nitrite), sodium erythorbate.",United States
"Framboises 55%, sucre, gélifiant : pectines, jus de citron concentré.",France
"clémentines 40%, sucre, vinaigre d'alcool, cédrat 10%, eau, gélifiant : pectine de fruit, myrte, épices et aromates",France
"Premium dark chocolate (cacao, sugar, cacao butter, soy lecithin [as an emulsifier], natural vanilla). sugar , non-fat dehydrated milk, ground cinnamon, pasilla chile, cayenne pepper.",United States
British boneless pork belly joint  ,United Kingdom
"Hormone free butter brown cash sugar, pecans, gluten-free flour blend (brown rice modified tapioca starch, potato starch, corn starch, corn flour, white rice flour, xanthan gum), pure honey, white cane sugar, cage free eggs, pure vanilla extract (water, a",United States
"Apples, calcium ascorbate (a blend of calcium and vitamin c to maintain freshness and color)",United States
"Almondmilk (filtered water, almonds), tricalcium phosphate, sea salt, gellan gum, dipotassium phosphate, xanthan gum, sunflower lecithin, vitamin a palmitate, vitamin d2, d-alpha tocopherol (natural vitamin e).",United States
"Mélange de fruits à COqUe,graines et fruits séchés. Ingrédients (en oroportion variables) : cranberries (jus de canne,huile de decorti raines de courge,graines de tournesoll Traces possibles d'arachide et autres fruits à coque Produit dlimportation. Valeurs nutritionnelles moyennes pour 100g Energie:1702kJ/406Kcal, matières grasses: 14g,dont acides gras saturés: 2,38g glucides: 49,7 g dont sucres: 24g, fibre alimentaire: 10,5g protéines: 15g,sel: 0,007g, cuivre: 69% AR*) *AR:Apport de référence poue un adult-type besoins individuels dépendant de /'age,du sex et de l'actjvità physique, Conditionné sous atmosphère protectrice. Poids net : 160g e 31%5/2018 LotD1281710H",France
"Curry vinaigrette dressing (water, soybean oil, rice vinegar, sugar, salt, contains less than 2% of spices, turmeric, paprika, dehydrated garlic, xanthan gum, lime juice concentrate, sodium benzoate and potassium sorbate [as preservatives], dehydrated oni",United States
"Sugar, wheat starch, apple juice 5% dextrose natural flavor, lemon concentrate. safflower extract coloring (beta-carotene carminic).",United States
"Flour, vegetable oil (may contain one or more of the following: soybean oil, cottonseed oil, sunflower oil), eggs, sugar, pineapple, strawberries, citric acid, pectin, sodium bicarbonate, sodium and aluminium sulfate, calcium carbonate, chocolate, pork fa",United States
"Sugar, corn syrup, milk, cocoa butter, contains 2% or less of the following: modified food starch, orange puree, lemon puree, chocolate liquor, soy lecithin (emulsifier), sorbitol, sodium lactate, ascorbic acid, citric acid, modified soy protein, natural",United States
"Water, organic cane sugar, organic tamari sauce (water, organic soybeans, salt,), organic apple cider vinegar, organic ginger puree, organic tapioca starch, organic toasted sesame oil, salt, organic caramel color, organic onion powder, xanthan gum, organic garlic powder, organic black pepper, organic crushed red pepper.",United States
"Enriched wheat flour (flour, niacin, reduced iron, thiamin mononitrate [vitamin b1], riboflavin [vitamin b2], folic acid), water, whey, vegetable oil (canola and/or soybean oil), buttermilk, eggs, soy lecithin, leaving (sodium acid pyrophophate, sodium bicarbonate), sugar, calcium carbonate, salt, vitamin a palmitate, niacinamide, reduced iron, pyridoxine hydrochloride (vitamin b6), riboflavin (vitamin b2), thiamin mononitrate (vitamin b1), folic acid, vitamin b12.",United States
"Durum semolina, niacin, ferrous sulfate (iron), thiamine mononitrate, riboflavin, folic acid.",United States
"Farine de blé, huile d'olive, levure, fromage de Gruyère AOP (2%), poudre de tomate (1.8%), sel, arôme (soja), lait écrémé en poudre, extrait de malt d'orge, basilic séché (0.2%), ail en poudre, agent levant (bicarbonate de sodium), sucre, piment en poudre, acérola en poudre sur fécule de manioc.",Switzerland
"(DWN/S) FYLDT cH0KOLADE/FYLT sJOKOLADE/FYLLT CHOKLAD. sukker/socker, Ingredienser: kakaosmor, ristede hasselngdder/.ngtter/rostade hassel- nôtter 13%, kakaomasse, sadmœlks-/hel- melk-/sôtmjôlkspulver, malke-/melkesuk- ker/mjôlksocker, stabilisator (sorbitolsirup/ -Siran), emulgatot/emulgeringsmedel (raps- lecithin), passtonsfrugtpulver, maltodextrin fra majs, salt, orangeolie/orans'eolje/apelsin- olja, aroma/aromâmne, chilipu ver/chllipep- par, Mindst 37 % kakaotor- Stof og mindst '1 8% malke-/melkebestand- dele/mjôlkbestàndsdelar i melkechokoladen/- melkesjokoladen/mjôlkchokladen. Anbefalet OPbevaringstemperatur/Rekommenderad lagringstemoeratuK Nodder/ngtler/nôtteonelk/melWmjôlk.",France
"Lowfat milk, vitamin a palmitate, vitamin d3.",United States
"Carbonated water, high fructose corn syrup, caramel color, natural and artificial flavor, phosphoric acid, potassium benzoate (preservative), caffeine, lactic acid.",United States
"Eau, betteraves, poireaux, panais, sarrasin, sel.",France
"Eau, huile de colza, amidon modifié de maïs, sucre, vinaigre d'alcool, vinaigre de cidre, ail (2 %), sel, farine de microalgue, fibre végétale, concentré de jus de citron, extrait végétal, aromates (1,1 %, dont persil et ciboulette), épaississant : gomme xanthane, conservateur : sorbate de potassium. Contient des _sulfites_.",France
"Ingredients: grade a pasteurized cultured reduced fat milk, sugar, peach puree, water, corn starch-modified, pectin, natural flavors, annatto extract and fruit  and vegetable juice (for color), citric acid, sodium citrate, potassium sorbate (to maintain f",United States
"Madras Sauce(97%) (Water, Onion(20%),Vagetable Oil, Tomato Paste, Gartic Puree, Ginger Puree, Sugar, Garam Masala Thickener (1442), Cumin, Turmeric, Chilli Flake (0.6%),Lemon Juice Concentrate, Salt, Coriander, Fenugreek, Acidity Regutator (330), White Pepper), Spice Cap (3%) Contains Colour (100), Anticaking Agent (551 )]. MAY BE PRESENT: PEANUTS, TREE NUTS, MILK, SESAME, FISH, GLUTEN Cereals & SOY.  ",Australia
"Premium fava beans, water, sunflower oil, salt, sugar, cumin, citric acid, chili, calcium disodium edta (e385) and sodium sulfite (e221) for color retention.",United States
"Milk chocolate (sugar, cocoa butter, chocolate liquor, milk, soy lecithin (an emulsifier) and vanilla), white confection (sugar, fractionated palm, kernel oil, nonfat milk, whole milk, partially hydrogenated palm oil, glycerol-lacto esters of fatty acids",United States
"Sugar, soluble coffee, natural flavors.",United States
"Filling (asparagus, ricotta (whey, whole milk, cream, vinegar), mascarpone cheese (pasteurized milk, cream, citric acid), parmigiano reggiano cheese (cow's milk, salt, rennet), chicory root fiber, whey, roasted onions, mozzarella cheese (pasteurized cultu",United States
"Coated with: paprika, chili pepper, spice, paprika extract., chicken breast meat, water, seasoning (salt, maltodextrin, modified food starch, sugar, dried garlic, yeast extract, sodium diacetate, dried chicken broth, dried onion, flavor (canola oil, yeast",United States
"Pork, beef, salt, contains 2% or less of water, dextrose, spices, lactic acid starter culture, oleoresin of paprika, garlic powder, sodium nitrite, bha, bht, citric acid.",United States
Grapefruit,United States
"Organic fruit puree (organic strawberry puree, organic raspberry puree, organic blackberry puree), organic pear juice concentrate, water (to reconstitute), organic apple juice concentrate, natural flavor, organic flavor, organic locust bean gum, xanthan g",United States
"eau gazéifiée, jus d'orange et autres agrumes à base de concentrés 12% (orange 10%, citron, mandarine, pamplemousse), sucre, pulpe 2% (orange, mandarine), extrait de zeste d'orange, arômes naturels d'orange",France
"Tomato concentrate (water, tomato paste), salt, onion powder, garlic powder, citric acid, natural flavors, dried bell pepper.",United States
"Filtered water, organic erthritol, organic coconut water concentrate, organic lemon juice concentrate, organic enzyme modified stevia extract, citric acid, organic white tea solids, pectin, organic vegetable juice (color), organic caramel color, natural c",United States
"Preparation a base de puree de pomme de terre et de viande de boeuf hachee Puree de pomme de terre reconstituee gratinee au fromage rape viande de boeuf hachee (origine UE) 17.5%, oignons 7%, tomate concassees (tomates fraîches, jus de tomate, sel, acidifiant, affermissant (chlorure de calcium), huile de tourneso, tomates concentrees (tomates, sel, correcteur d'acidite : acide citrique) echalotte, jus de veau lie (fecule de pomme de terre, sel, graisse de poule, legumes (oignons, tomates), maltodextrine, amidon modifie de mais, extrait de levure, sirop de glucose, aromes, sucre, viande de veau 3.8%, farine de ble, extrait de viande de boeuf, epaississant (farine de graine de guar), extrait de chicoree, ail, colorant (E150c), extrait de vin blanc (sulfites), extrait d'epices, antioxidant (extrait de romarin), sel, ail, poivre.  Pourcentage exprime sur l'ensemble du plat.",France
"Lait de vache pasteurisé biologique (Origine : UE), sel, ferments. Fabriqué dans un atelier utilisant du lait de chèvre, de vache. F.L.S - 12 bis bòulevard de Pont Achard - 86000 POITIERS À conserver entre+20C et +60C - À consommer de préférence avant le : voir sur le côté de la boît Valeurs nutritionnelles moyennés I oog BOITE CARTON ?",France
Petits pois extra fins,France
"Ananas, pur jus d'ananas.",France
"eau, Sücrel fructose, extrait de thé noir (1,2 g/l), aCidifiant (acide citrique), jus de citron à base de concentré (0,1%), arôme, correcteur trisodique), antioxydant édulcorant (g!h sicles de Après ouvertüïe, à consommer dans les 4 jourset à conserver au frais] Les extraits de thé peuvent former un léger dépôt naturel, sansincidence sur la qualité du produit&lt; de préférence avant:yoir le bouchon ou le col de la 0 805 803 903",France
"Bière blonde de fermentation haute à base de houblon, d'orge, de malt et de levure.",France
"lait* 90%, crème* 4%, sucre de canne roux* 3% ferments lactiques 3% * Produits issus de l'Agriculture Biologique",France
"Carbonated water, citric acid, natural flavor, potassium citrate, aspartame, potassium benzoate (preservative), acesulfame potassium, malic acid.",United States
"Shrimp, salt, sodium tripolyphosphate (to retain moisture), cocktail sauce: water, tomato paste, sugar, horseradish (horseradish root, distilled vinegar, salt, oil of mustard), salt, citric acid, acetic acid modified tapioca starch, xanthan gum, carrageen",United States
"Muscle brownie protein blend (whey concentrate, soy isolate. wheat isolate), natural brown sugar, non-hydrogenated margarine (palm oil, water, salt, whey, vegetable monoglycerides, soy lecithin, natural butter flavor, citric acid [acidulant], beta caroten",United States
"Chocolat au _lait_ 60% (sucre, beurre de cacao, cacao, pâte de cacao, _lait_ écrémé en poudre, graisses de _lait_, _lactose_, émulsifiants : lécithine de _soja_ et polyricinoléate de polyglycérol, beurre de _cacahuète_ 40% (_cacahuètes_, sucre, dextrose, graisses de _lait_, sel, émulsifiant : propylène glycol,, antioxydant : gallate de propyle, acidifiant : acide citrique).",France
"Sugar, enriched wheat flour (wheat flour, niacin, reduced iron, thiamine mononitrate, riboflavin, folic acid), water, egg, soybean oil, cocoa powder (processed with alkali), modified milk ingredients, modified corn starch, leavening (sodium acid pyrophosp",United States
"Filtered water, rice vinegar, sugar, soy sauce (water, wheat, soybeans, salt, lactic acid), lemongrass, sesame oil, contains less than 2% of food starch- modified, spice, lime juice concentrate, red pepper, xanthan gum, natural flavors.",United States
"Viande et foie de porc, lait, amidon (fécule de pomme de terre, farine de riz), _œufs_ pasteurisés, oignons, couenne de porc déshydratée, sel marin de Noirmoutier, conservateur : sel nitrité, eau de vie, ail, épices.",France
"Pasteurized grade a whole milk, enzymes, vinegar, extra virgin olive oil, canola oil, spices (garlic, basil and crushed chili peppers) & salt.",United States
"water, high fructose corn syrup, citric acid, instant tea, sodium hexametaphosphate (to protect flavor), natural flavor, phosphoric acid, sodium benzoate (preserves freshness), potassium sorbate (protects freshness), caramel color, acesulfame potassium, calcium disodium edta (to protect flavor), sucralose, red 40",United States
"Morceaux de lamelles d'encornet géant blanchis (_mollusques_), Moules du Pacifique décoquillées cuites (_mollusques_), Anneaux de calmars blanchis (_mollusques_), Crevettes décortiquées blanchies (_crustacés_), chair de crabe cuite (_crustacés_), sel, correcteurs d'acidité : E330 et E331, colorant : E160C.",France
"Water, mustard flour, vinegar, salt, sugar, xanthan gum, oleoresin turmeric (color), potassium sorbate and sodium benzoate (preservatives), spice extractives.",United States
"Pasteurized part-skim milk, cheese culture, vinegar, salt, annatto (color), enzymes (non-animal), vitamin a palmitate",United States
"Potatoes, cooked pork sausage crumbles (pork, water, contains 2% or less of: salt, sugar, spices, natural flavor (with maltodextrin, succinic acid), sodium phosphates, caramel color), water, bleached wheat flour, shredded low moisture part-skim mozzarella",United States
"Corn syrup, high fructose corn syrup, honey, honey flavor, natural and artificial coloring",United States
"Sugar, cocoa butter, chocolate liquor, milk, soy lecithin and pgpr (emulsifiers), vanilla salt.",United States
"Céréales Complètes Conservation Grade 53% (Flocons d'Avoine, Flocons d'Orge, Farine d’Avoine), Sucre de Canne non Raffiné, Morceaux de Chocolat au Lait Extra Fin 14% (Cacao: 32% minimum) (Sucre, Beurre de Cacao 23%, Poudre de Lait Entier 22%, Pâte de Cacao, Emulsifiant : Lécithine de Soja, Arôme Naturel). Huiles Végétales, Farine de Riz, Noix de Coco Séchée, Éclats de Noisettes Grillées, Arôme naturel",France
Kale.,United States
"Concentrated grape juice, balsamic vinegar of modena - aceto balsamico di modena pgi 20% (wine vinegar, concentrated grape must, coloring: caramel) and modified starch.",United States
"Sugar, glucose syrup solids, cocoa (processed with alkali), partially hydrogenated vegetable oil (may contain coconut, soybean, sunflower, palm and/or canola), nonfat dry milk, modified whey, maltodextrin, salt, natural and artificial flavors, cellulose g",United States
"Eau minérale de Spa gazéifiée (85,3%),sucre de canne ,jus de citron 5%, arôme naturel de citron",Belgium
"_Lait_, sel présure animale, ferments lactiques.",France
"Tomato* 99%, salt, basil 0.1%, basil extract.",United States
"Milkfat and nonfat milk, sweet cream buttermilk, maple caramel swirl (corn syrup, water, sweetened condensed milk [condensed milk, sugar], sweetened condensed skim milk [condensed skim milk, sugar], sugar, sea salt, pectin, natural flavor, sodium bicarbon",United States
"Milcheiweiß, Glukosesirup, Kokosöl, Kaliumphosphat,  Polyphosphat,",Germany
"Enriched flour (flour malted barley, niacin, ferrous sulfate, thiamine mononitrate (vitamin b1), riboflavin (vitamin b2), folic acid), high fructose corn syrup, corn syrup, partially hydrogenated vegetable oil (soybean and/or cottonseed and/or corn and/or less of: yeast, brown sugar, honey, molasses, sugar, wheat gluten, whey soy flour, whole wheat flour rye meal, rice flour, potato flour, m butter, dough conditioners (mono- and diglycerides, sodium and/or calcium stearoyl lactylate, soy lecithin, calcium carbonate), yeast calcium sulfate, monocalcium phosphate), distilled vinegar, skim milk, buttermilk, lactic acid, calcium propionate (preservative), potassium sorbate (preservative). may contain sesame seed and/or poppy seeds.",United States
"Pecans, dried coconut, icing sugar and artificial flavor.",United States
"Skim milk, water, sugar, modified food starch, cocoa processed with alkali, hydrogenated vegetable oil (coconut and palm kernel oils), contains less than 1% of cornstarch, salt, sodium stearoyl lactylate (for smooth texture), sodium alginate, calcium phos",United States
"Water, tomato paste, sugar, vinegar, salt, modified corn starch. contains 2% or less of each of the following: onion*, garlic*, ancho chili pepper, citric acid, spices, carrots*, potassium sorbate and sodium benzoate (preservatives), xanthan gum, natural flavors, celery seed.",United States
"Jus à base de jus concentrés et de purée de fruits (orange, pomme, ananas, raisin, banane, pêche, mangue, goyave, eau, sucre )",France
"Whole grain popcorn, partially hydrogenated soybean oil, salt, natural and artificial flavor [milk], color added, freshness preserved by propyl gallate.",United States
"Filet de colin d'Alaska 52,8 % (_poissons_), eau, champignons de Paris 5,4 %, poireaux 4,4 %, pommes de terre 4,2 %, lactose* et protéines de _lait_, tomates 2,4 %, crème* fraîche 2 %, concentré de vin blanc, épaississant : amidon transformé de maïs, échalotes (échalotes, sel), arômes (dont _poissons_, _crustacés_), oignons déshydratés, sel, ciboulette 0,2 %, colorant : extrait de paprika, poivre. *dont _lait_.  ",France
100% cocoa.,United States
"Oeufs frais 30% eau, semoule de blé dur, farine de blé 23%, huile de colza non hydrogénée, blanc d'oeufs, sel, arôme naturel  Présence possible de poisson et de protéines de lait",France
Pecans.,United States
"Pâtes alimentaires penne aux oeufs cuites 34,7% (eau, semoule de blé dur, ?uf), sauce Caesar 26% (huile de colza, crème fraiche liquide, eau, fromage blanc, eau, Parmigiano Reggiano 1,8%, purée de câpres 1,3% (câpre, sel, eau, vinaigre, correcteur d'acidité : acide acétique), filet d'anchois à l'huile 1,1% (filet d'anchois salés 0,8%, huile de tournesol), vinaigre d'alcool, sauce Worcestershire 0,5% (eau, sucre, vinaigre de vin, mélasse, purée d'oignon, sel, pâte de tamarin, acidifiant : acide acétique, clous de girofle, extrait de gingembre, extrait d'ail), moutarde de Dijon (eau, graines de moutarde, vinaigre d'alcool, sel), ail 0,3%, jaune d'?uf, sel, amidon modifié de pomme de terre, épaississant : gomme xanthanel, tomates 19,4%, émincés de filet de poulet traité en salaison cuit rôti 11,6% (filet de poulet 11,4% (origine : Hors UE) sel, amidon de tapioca, dextrose), copeaux de fromage italien 4% (lait de vache cru, sel, présure, conservateur : lysozyme (contient ?uf)), roquette, arôme naturel (dont lait), poivre blanc.",France
"_Farina tipo &quot;0&quot;_, olio vegetale di palma, _vino bianco_, peperoncino disidratato 1%, sale, lievito.",Italy
"Cheddar cheese (pasteurized cow's milk salt [salt, yellow prussiate of soda {anti-caking agent}], microbial rennet, dairy cultures), beer (water, malted barley, barley malt extract, sucrose, hops, yeast), mustard (water, mustard seeds, white wine vinegar,",United States
"Lait écrémé à base de poudre de lait, sucre : 6 %, sirop de glucose-fructose : 5,3 %, crème, poudre de lait écrémé, arômes, concentré des minéraux du lait, ferments lactiques.",France
"THEPRoTEiNBHLL INGREblENTS: DATES, CRSHEWS, BERRIES } rote)n-Kuge111 tolt Cio)l Beerer) boKosnuss 6 Zutòte (8,6K), Sseet) Re, IQBjsp) otejt), Ct IIO (VOIVjo lirchsct)nJetIjche EnergJl? / etc (Ijel) , ot)YdYàta Ballaststoffe",France
"Organic pears, organic pumpkin, organic pineapple, organic lemon juice concentrate.",United States
"Organic carrot puree, organic banana puree, organic mango puree, organic sweet potato puree, organic lemon juice concentrate, ascorbic acid (vitamin c).",United States
"Thon blanc germon* (Thunnus alalunga), huile d'olive vierge extra, sel. *poissons.",France
"Rice Flour 90% , Water 10 % INGRÉDIENTS : Farine de riz, Eau INGREDIENTES : Harina de arroz, Agua INGREDIËNTEN : Rijstmeel, Water ZUTATEN : Reismehl, Wasser",France
"Crème glacée chocolat 35,5 % : eau, lait écrémé réhydraté, crème fraîche,  sirop de glucose-fructose de blé, sucre, poudre de cacao (5,4 %), lactose et protéines de lait, émulsifiant : mono et diglycérides d'acides gras, stabilisants : farine de graines de caroube, gomme guar, carraghénanes. Crème glacée pistache 35,5 % : eau, crème fraîche, sirop de glucose-fructose de blé, lait écrémé réhydraté, sucre, lactose et protéines de lait, pâte de pistache (3 %), arôme naturel de pistache avec autres arômes naturels, émulsifiant : mono et diglycérides d'acides gras, colorants : E141, E100, stabilisants : farine de graines de caroube, gomme guar, carraghénanes. Cornet biscuit 15,7 % : farine de blé, sucre, matière grasse végétale de coprah et de palme, dextrose, émulsifiant : lécithine de soja, lactose, sel. Chemisage et décor au cacao maigre 11,4 % : matière grasse végétale de coprah, sucre, cacao maigre en poudre (7,5 %), lactose et protéines de lait, émulsifiant : lécithine de soja. Grains de noisettes sucrées 1,9 % : sucre, noisettes. ",France
"Low moisture part skim mozzarella cheese (pasteurized part skim milk, cheese cultures, salt, enzymes).",United States
"Chocolate naturally flavored filling (68%) [sugar, vegetable oil shortening (palm), cocoa powder, emulsifier: soy lecithin (ins 322) and natural flavor], wheat flour, starch, corn oil, salt, emulsifier: soy lecithin (ins 322) and chemical baking powder: s",United States
"Nonfat milk, cream, sugar, corn syrup, chocolate liquor, coconut oil, soy lecithin, vanilla, salt, locust bean gum, guar gum, dextrose, vanilla extract, caramel and annatto color.",United States
"Boneless duck breast, olive oil, sunflower oil, balsamic vinegar, salt, garlic, lemon juice, sun dried tomatoes, rosemary, thyme.",United States
"Lait pasteurisé de vache, sel, présure, ferments lactiques et d'affinages.",France
"Unbleached enriched flour (wheat flour, niacin, reduced iron, thiamin mononitrate, riboflavin, folic acid), water, yeast high fructose corn syrup, contains 2% or less of each of the following: salt, soybean oil, wheat gluten, yellow corn flour, dough conditioners (contains one or more of the following: sodium stearoyl lactylate, calcium stearoyl lactylate, monoglycerides, mono- and diglycerides, distilled monoglycerides, calcium peroxide, calcium iodate, datem, ethoxylated mono- and diglycerides, enzymes, ascorbic acid), inactive yeast, calcium sulfate, monocalcium phosphate, yeast, calcium sulfate, monocalcium phosphate, colored with extracts of annatto and turmeric, calcium propionate (to retard spoilage).",United States
"Almondmilk (filtered water, almonds), calcium carbonate, natural flavors, sea salt, potassium citrate, sunflower lecithin, gellan gum, vitamin a palmitate, vitamin d2, d-alpha-tocopherol (natural vitamin e).",United States
"Pears, water, pear juice concentrate.",United States
"Water unbleached wheat flour, crushed pineapple, high fructose corn syrup, vegetable oils (palm and soybean), food starch - modified, modified tapioca starch), contains less than 2% of each of the following: arabic gum, ascorbic acid, citric acid, egg yolk, locust bean gum, natural and artificial flavors (propylene), glycol), pectin, potassium sorbate (preservative), salt, soy lecithin, sugar, whole eggs.",United States
"Brie cheese (pasteurized milk, cream, cultures, salt, enzymes), bread flour (enriched wheat flour [niacin, reduced iron, thiamine mononitrate, riboflavin, folic acid], malted barley flour, ascorbic acid as a dough conditioner), water, palm oil, eggs (past",United States
"Pasteurized skim milk, pasteurized cream,blood orange juice, cane sugar, oranges, fruit pectin, live active cultures",United States
"Milk chocolate (sugar, whole milk, cocoa butter, chocolate liquor, soy lecithin and vanillin (an artificial flavoring)), wheat flour, sugar, palm oil, chocolate chips (sugar, chocolate liquor, cocoa butter, soy lecithin), glycerine, high fructose corn syr",United States
"Ice cream (cream, skim milk, whey powder, sucrose, corn syrup, stabilizer & emulsifier [mono & diglycerides, guar gum, locust bean gum, calcium sulfate, polysorbate 80, carrageenan]), chocolate crunch (bleached wheat flour, sugar, caramel color, palm oil, 2% or less of: cocoa, baking soda, salt, soy lecithin), soy & coconut oils, cocoa powder (cocoa processed with alkali, sugar, salt, carrageennan, vanilla), natural & artificial vanilla flavor.",United States
"Pâtes coquillettes 47% (eau, semoule de _blé_ dur, curcuma), préparation de viande de poulet panée traité en salaison 15% [préparation de viande de poulet 60% (filet de poulet, eau, amidon de tapioca, dextrose, sel, protéines de pois), panure (farine de _blé_, sel, levure, épices), huile de colza], eau, _emmental_ 8,4%, _crème_ fraîche, amidon transformé de riz, farine de _blé_, huile de colza, bouillon de volaille (eau, os de poulet, sel), sel, ail, poivre, muscade.",France
"Farine, de blé, eau, huile de colza, gluten de blé, sucre roux de canne, levure, vinaigre de cidre, sel, malt d'orge.",France
"Orange amère 39%, sucre de canne.",France
"Langkorn Spitzenreis Parbolied 84%, Wildreis 16%",Germany
"Wheat flour, sugar, water, palm oil, high fructose corn syrup, dextrose, egg yolks, soy bean oil, corn syrup, neufchatel cheese (pasteurized non fat milk and milk fat, cheese culture, salt, carob bean gum), yeast, mono-and diglycerides, whey, soy flour, wheat starch, milk, raspberry puree concentrate, natural & artificial flavors, salt, modified cornstarch, strawberry puree, tapioca dextrin, egg whites, soy lecithin, sodium stearoyl lactylate, blackberry puree, maltodextrin, corn flour, milk protein concentrate, calcium carbonate, potassium sorbate (preservative), xanthan gum, leavening (sodium acid pyrophosphate, baking soda, monocalcium phosphate), pectin, phosphoric acid, agar, cellulose gum, gellan gum, artificial color, lactic acid, corn starch, citric acid, fruit & vegetable concentrates (color), spice & coloring, lemon juice concentrate, calcium sulfate, sorbitan monostearate, calcium citrate, malic acid, sodium citrate, vitamin a, palmitate, beta carotene (color), almonds (nuts), pecans (nuts), walnuts, coconut, caramel color, annatto color.",United States
"Jus de pomme à base de concentré, jus d'orange à base de concentré, jus de carotte à base de concentré (8%), jus d’ananas à base de concentré, purée de banane, purée de nectarine, jus de fruit de la passion à base de concentré, jus de citron à base de concentré, purée de mangue, purée d'abricot, purée d'umbu, vitamine C, niacine, vitamine E, pantothénate, vitamine B6, thiamin, acide folique, biotine, vitamine B12.",France
"PÂTE (60 %) : semoule de _blé_ dur de qualité supérieure, eau, _œufs_ frais (140 g/kg de semoule). FARCE (40 %) : _Fromages_ 68.3 % (dont ricotte, fromage blanc, Emmental, Comté), chapelure, eau, assaisonnements (sel, persil, poivre, muscade, arôme), fibre de _blé_.",France
"Filling ingredients: butternut squash, sweet potato, panko (wheat flour, organic cane sugar, sea salt, yeast), sugar, canola oil, onion, salt, parmesan cheese (pasteurized part skim milk, cheese cultures, salt, enzymes, cellulose [to prevent caking]), spices, granulated garlic. dough ingredients: extra fancy durum flour, semolina flour, egg, water.",United States
"Préparation de saumon 95,5% -saumon 86%, crème (crème de lait, stabilisant : carraghénanes), eau, farine de blé, échalote, concentré de toma, ciboulette 1%, flocon de pomme de terre (pomme de terre déshydratée, émulsifiant : mono et diglycérides d'acides gras, extrait d'épice), fumet de poisson (sel, protéines de lait, arôme, poisson déshydraté, huile de tournesol, poudre d'oignon, extrait d'épices), gélifiant : carraghénanes, sel, dextrose), huile de tournesol 4,5%",France
Organic extra virgin olive oil,United States
"Milk chocolate (sugar, milk, cocoa butter, chocolate liquor, soy lecithin-an emulsifier, vanillin-an artificial flavor).",United States
"Habanero almonds (almonds, cane sugar, chipotle powder, onion powder, garlic powder, smoked paprika, salt, citric acid), sweet & salty peanuts (peanuts, cane sugar, sea salt), mango cranberries, sugar, sea salt), mango cranberries (cranberries, sugar, glycerine, citric acid, natural mango flavor with other natural flavors, sunflower oil).",United States
"Pomme de terre 89%, huile de colza 11%, dextrose.",France
"Organic unbleached wheat and whole wheat flour, organic tomato puree, reduced fat mozzarella cheese (pasteurized part-skim milk, culture, salt, enzymes [without, animal enzymes or rennet]), filtered water, artichokes, mushrooms, organic spinach, organic green onions, organic cane sugar, organic garlic, organic extra virgin olive oil, yeast, sea salt, organic basil, organic red wine vinegar, black pepper, spices.* *100% pure herbs & spices (no hidden ingredients)",United States
"Unbleached enriched flour (wheat flour, malted barley flour, niacin,reduced iron, thiamine mononitrate, riboflavin, folic acid), water, sour culture, walnuts, sugar, cranberries, whole wheat flour, dark rye flour, salt, walnut oil, dried extract of malted barley and corn, yeast, white degerminated corn meal, sunflower oil.",United States
"Garniture 60.5% : fromage 56.5% (edam 29.5% (colorant: E160a), mozzarella 19%, chèvre 6.5%, emmental 1.5%), eau, purée de tomates 13%, amidon transformé de pomme de terre, sel, basilic, pulpe d'ail, origan, persil, poudre de betterave, extrait naturel de poivre. Pâte cuite 39.5% : farine de blé, eau, levure boulangère, huile de tournesol, levain de seigle et de blé (soja), sel, sucre, extrait de malt (orge).","France,Switzerland"
Tomatoes,United States
"Potatoes, vegetable oil (contains one or more of the following: peanut, corn, sunflower and/or canola oil).",United States
"Pomme de terre, huile de tournesol (32%), arôme de chorizo (4%) (maltodextrine, sel, exhausteurs de goût (glutamate monosodique, 5'-ribonucléotide disodique), arômes, arôme de fumée, dextrose, ail, colorant (extrait de piment rouge) et correcteur d'acidité (acide citrique)) et sel.",France
"Apricots, cane sugar, lemon juice, pectin, ginger.",United States
"édients : Huile de colza, œufs de cabillaud fumés et salés de cabillaud 33,6%, sel), eau, chapelure (farine de -h lait entier en poudre,. préparation à base de jus de IEJ. jus de citron à base de concentré, acidifiant E33C. antioxydant : E300, épaississant naturels de • E120, conservateur : E211. éventuelles de crustacés, mollusques, moutarde isarne, céleri, œuf, soja. Les informations er gras sont , rées aux personnes intolérantes ou allerfiues.",France
"Vinagre, chile rojo y sal.",Spain
"Sugar, bleached wheat flour, margarine [palm oil, water, soybean oil, salt, contains less than 2% of whey solids, vegetable mono & diglycerides, soy lecithin, bha & bht added to protect flavor, vitamin a palmitate and vitamin d3 added, natural & artificia",United States
ÉNERGIE MATIÈRES GRASSES dont acides gras saturés GLUCIDES dont sucres PROTÉINES SEL,France
"Fiber blend (whole rolled oats, whole wheat flour, wheat bran, organic kamut brand khorasan wheat, psyllium, flax, millet), chicory root inulin, fruit juices, rice dextrins, raisins, non-gmo canola oil, apples plums, rice, wheat protein isolate, vanilla, cinnamon, baking powder.",United States
"bio _tarwe_stroop 30%, bio _tarwe_bloem, bio rietsuiker, bio palmolie, bio roomboter 5% (_melk_), bio rijstestroop, bio gebrande suiker, bio _soja_meel, bio magere _melk_poeder, bio honing, rijsmiddel (E500), zeezout, bio _tarwe_zemelen, bio suiker, emulgator (_soja_lecithine), kaneel, bio Bourbon vanille",Netherlands
"Cultured nonfat milk, nonfat milk, contains less than 2% of: milk*, salt, locust bean gum, carrageenan, vitamin a palmitate, enzymes, carbon dioxide (to preserve freshness).",United States
"Céréales 60.6% (blé complet 38.9%, farine de blé 18.5%, farine de riz 3.2%), sucre, sirop de glucose, pâte de caramel 6.4% (lait concentré sucré, sucre, sirop de glucose, sucre caramélisé, sel), huile de palme, chocolat 4.1% (poudre de cacao, pâte de cacao, cacao maigre en poudre), sel, arômes, émulsifiant: lécithine de tournesol, vitamines et minéraux (niacine, acide pantothénique, D, B6, thiamine (B1), riboflavine (B2), acide folique, carbonate de calcium, fer). Peut Contenir des traces d'arachides et de fruits à coque.",Switzerland
"Enriched wheat flour (flour, niacin, reduced iron, thiamin mononitrate [vitamin b1], riboflavin [vitamin b2], folic acid), vegetable oil (palm and/or soybean), soy flour, high fructose corn syrup, salt, onion*, spices, dextrose, less than 1% of: garlic*, tomato*, torula yeast, yeast, sugar, caramel color, yellow 6, red 3, with citric acid, tbhq and calcium propionate added to preserve freshness, natural and artificial flavor, paprika extracts, paprika, corn starch, nonfat milk solids, corn flour, monosodium glutamate, corn syrup solids, soy lecithin.",United States
Porcini mushrooms.,United States
Huile d'olive vierge extra.,France
"Whole Wheat, Sultanas, Wheat Bran, Sugar, malt extract, salt, humectant, iron, zinc oxide, niacin, riboflavin, vitamin b6, thiamin, folate","France,New Zealand"
"Potatoes, vegetable oil (contains one or more of the following: soybean oil, canola oil), salt, color added, disodium dihydrogen pyrophosphate (to promote color retention).",United States
"Canola oil, sunflower oil, tbhq (antioxidant).",United States
"Golden raisins (sulphur dioxide, to promote color retention, non-hydrogenated sunflower oil, (from sunflower seed)), currants (trisun oil), cranberries (cranberries, sugar, sunflower oil, natural flavor), dark seedless raisins (vegetable oiled - sunflower oil)), blueberry flavor cranberries (sugar, cranberries, blueberry juice from concentrate, grape juice concentrate, and sunflower oil), tart michigan cherries (red tart cherries, sugar, sunflower oil and corn syrup), bing cherries (sunflower oil).",United States
"Chili pepper and other spices, wheat flour, salt, dextrose, maltodextrin, onion powder, garlic powder, disodium inosinate, extractive of paprika (color), spice extractives, onion extractives and less than 2% silicon dioxide to prevent caking.",United States
"Lemon peel, invert sugar, citric acid.",United States
"Sunflower kernels, salt, cornstarch, sugar, monosodium glutamate, maltodextrin, yeast, corn syrup solids, paprika and other spices, extractives of paprika, hydrolyzed soy protein, natural flavor, garlic and onion powder.",United States
"Semisweet chocolate (sugar, cocoa mass, cocoa butter, lecithin as emulsifier (soy), vanillin: an artificial flavor), sugar, vegetable oils (palm and sunflower), cocoa powder, hazelnuts, whey powder (milk), wheat flour, milk chocolate (sugar, cocoa butter,",United States
"portion de filets de colin d'Alaska 53,3%, crème fraîche 12,3%, eau, beurre, vin blanc (dont sulfites), oseille 3,3%, fumet de poisson (maltodextrine, sel, farine de blé, poisson en poudre, céleri rave, poireau, oignon, sucre, extrait de levure, crème en poudre, arôme naturel (dont poisson), huile d'Olive, épices et plantes aromatiques, crevette en poudre, extrait de vin blanc), échalote 1,6%, amidon transformé, poudre de lait écrémé, vinaigre d'alcool, arômes naturels, sel,",France
Soybean oil & peanut oil.,United States
"Viande de porc bio, sel de Camargue, lactose bio, sucre bio, poivre blanc bio, dextrose de blé ou de maïs bio, poivre gris bio, ail bio, muscade bio, conservateurs : nitrite de sodium et nitrate de potassium, ferments. 140g de viande de porc mis en œuvre pour 100g de produit fini.",France
"Organic baby lettuces (red & green romaine, red & green oak leaf, red leaf, lollo rosa, tango), organic red & green chard, organic mizuna organic arugula, organic radicchio, organic baby spinach, the ingredients in each package may vary.",United States
"Vegatables in variable proportions (Onions, carrots, rutabaga, cauliflower, marrow, gherkins), sugar, malt vinegar from Barley, spirit vinegar, salt, chopped dates (with rice flour), apples (with sulphur diowide), modified maize starch, tomato paste, sulphite ammonia caramel, spices, concentrated lemon juice, onion powder, garlic extract)",United Kingdom
"Sparkling water, organic cane syrup, organic white grape juice concentrate, citric acid, apple acid, natural flavors, organic green tea leaf extract, organic guarana seed extract, organic echinacea flower extract, organic panax ginseng root extract.",United States
"Juice from ripe, whole, black cherries.",United States
"Coconut, milk, sugar, sodium bicarbonate, potassium sorbate, bht (food grade) and acetic acid.",United States
"farine de froment, pulpe de tomates 19.0%, eau, jambon cru 14.3% (viande de porc, sel de cuisine, arômes, conservateur: nitrate de potassium), mozzarella 14.3% (lait, ferments lactiques, sel de cuisine, présure), semoule de blé dur, sel de cuisine, huile d'olive extra vierge, levure, origan",Switzerland
"Soybean, salt, water, ethy alcohol, chili, calcium sulfate, sesame oil.",United States
"Only carbonated water, naturally essenced.",United States
"Enriched wheat flour (flour, niacin, iron, thiamine mononitrate, riboflavin, folic acid), yellow corn flour, modified corn starch, salt, leavening (sodium aluminum phosphate, sodium bicarbonate, and monocalcium phosphate), and spices (including celery seed and black pepper).",United States
Basil.,United States
"Ingredients: water, lemon juice from concentrate, vinegar, high fructose corn syrup, salt, soy sauce (wheat, soybeans, salt), contains 2% or less of the following, cracked black pepper, mustard seed, paprika, dried garlic, dried red bell peppers, modified corn starch, soybean oil, caramel color, xanthan gum, canola oil, sodium benzoate and potassium sorbate (preservatives), calcium disodium edta (to protect flavor), citric acid, natural flavor.",United States
"Water, peaches, sugar, carrageenan, natural and artificial flavors, locust bean gum, cochineal extract (color), malic acid, fumaric acid, sodium citrate, potassium citrate, and ascorbic acid (to promote color retention).",United States
Certified organic almonds.,United States
"Tomato, onion, cucumber, poblano&jalapeno pep, cilantro",United States
Pommes de terre variété Cheyenne,France
" EAU, PUREE DE COROSSOL (25%), SUCRE, AROME ARTIFICIEL DE COROSSOL, ACIDE CITRIQUE (E330), CMC (E466), ACIDE ASCORBIQUE (E300)  ",France
"Whole grain oats*, cane sugar*+, rice*, sunflower oil*, almonds*, molasses*, sea salt, vanilla extract*, vanilla flavor*. vitamin e (mixed tocopherols) added to preserve freshness.",United States
Almonds.,United States
"Milk chocolate (sugar, cocoa butter, cocoa mass, skim milk powder, butteroil, lecithin as emulsifier (soy), vanillin: an artificial flavor), hazelnuts, sugar, palm oil, wheat flaour, whey (milk), lowfat cocoa powder, lecithin as emulsifier (soy) sodium bi",United States
"feuilles de plantain lancéole, menthe à geuilles rondes, baies de l'Aronia 14 %, romarin 8 %, persil 8 %, thym 6 %, stévia 2 %, extrait de fleurs de bach ""Power"" (Prunus cerasifera, Carnipus betulus, Impatiens glandulifera, Larix decidua, Mimulus guttatus, Olea europaea, Scleranthus annuus, Aesculus hippocastanum, Broums ramosus) 1 % ",Switzerland
"Cultured pasteurized grade a cream, enzymes.",United States
Freeze dried mango.,United States
"56% _Weizenmehl_, 17% _Butter_, Wasser, Zucker, Hefe, _Vollmilchpulver_, _Weizengluten_, Speisesalz, _Weizenstärke_, natürliches Aroma (enthält _Milch_), Säureregulator: Natriumacetate; Dextrose, _Gerstenmalzmehl_, natürliches Vanille-Aroma.",Germany
"aubergines (76%), huile de tournesol, olives noires, persil, huile d'olive vierge extra, ail, sel, poivre, sarriette, jus de citron concentré. bocal de Sauce tomate au basilic (190g net O) Ingrédients : tomates (68%), coulis de tomates (27%), basilic (1 ,8%), huile d'olive vierge extra, sucre, ail, sel, poivre. Pour toute correspondance concernant ce produit, indiquer le numéro de lot imprimé sur chacun des bocaux.",France
"Water, high fructose corn syrup, pineapple juice concentrate, natural flavor, citric acid, yellow 5, blue 1.",United States
"Spices (including chili pepper, paprika, cumin), onion, salt, potato starch, garlic, sugar, potassium chloride, and natural flavor.",United States
"marrons 65%, sucre, eau, huile de tournesol, kirsch, arôme naturel de vanille",Switzerland
"Sugar, corn syrup, citric acid, natural & artificial flavors, color added (titanium dioxide), artificial colors red 40, blue 1, yellow 5, yellow 6.",United States
"Semolina, durum flour, niacin, ferrous sulfate (iron), thiamin mononitrate, riboflavin, folic acid.",United States
"Water, nonfat milk, sugar, modified corn starch, partially hydrogenated palm oil, cocoa (processed with alkali), less than 2% of: calcium carbonate, salt, sodium stearoyl lactylate, artificial flavor, color added.",United States
"Garniture (53%) composée :  poulet rôti Tandoori (47%) préparé dans nos ateliers : poulet rôti (viande de poulet, eau, sel, dextrose, sucre, amidon, stabilisant : E451, gélifiant : E407, arôme naturel de romarin, arôme naturel de fumée), huile de colza, assaisonnement tandoori (épices et aromates, sucre, sel, maltodextrine, colorant : E160c, E120, huile végétale, arôme naturel). Sauce tandoori (26 %) : huile de colza, eau, jaune d’œuf, moutarde de Dijon (eau, graines de moutarde, vinaigre d‘alcool, sel), vinaigre d'alcool, amidon de mais, assaisonnement tandoori (épices et aromates, sucre, sel, maltodextrine, colorant: E160c, E120, huile végétale, arôme naturel), sel, poivre  Salade (26%). Pain nordique (41%) : farines (blé, seigle, blé malté), eau, sucre, huile de colza, levure boulangère, sirop de glucose, levain de seigle dévitalisé dévitalisé (levain de seigle, germes de blé, farine d’orge maltée toastée), gluten de blé, vinaigre d'alcool, sel, germes de blé.",France
Orange Juice 100% and nothing else! No Concentrates,Australia
"Gelatin, adipic acid (for tartness), disodium phosphate (controls acidity), maltodextrin (from corn), fumaric acid (for tartness), contains less than 2% of artificial flavor, aspartame and acesulfame potassium (sweeteners), salt, red 40.",United States
Pro Zog SPro loog GRATIS Energie Energie 28*J 4411 0 -67 kcal. 337kcal:,France
"Peanuts, peanut oil, salt.",United States
Vitabiët; SPECIALrre•OE FRUITS Ingrédients : Pcmrîe•,France
"Coconut, sugar, salt, sulfur dioxide (preservative).",United States
"Pâte de cacao, sucre, émulsifiants : lécithines de tournesol et E476, arôme vanille.",France
"Ground turkey, natural flavoring",United States
"Piment frais 55%, sucre, eau, sel, ail, amidon modifié, correcteur dlaci0ité: acide acétique, exhausteur de goût glutamate monosodique, epaississant: gomme xanthane. éventuelles de glute n, arachides, poisson, graines de sésame et soja.",France
"Organic popcorn, organic sunflower oil, organic spirulina, nutritional yeast, sea salt crystals, organic cayenne pepper, organic garlic powder, organic kelp powder, organic beet powder, and organic carrot powder.",United States
"Pasta de cacao, azúcar, cacao desgrasado en polvo, emulgente: lecitinas (E-322) (contiene _soja_), aroma natural de vainilla. Cacao: 62% mínimo en el chocolate.",Spain
"Corn starch, white rice flour, organic palm oil, modified corn starch, eggs, sugar, salt, vegetable fibers, tomato powder, dehydrated oregano, dehydrated garlic, guar gum, dextrose, sodium bicarbonate, ammonium bicarbonate, monocalcium phosphate, natural flavor.",United States
"Cultured milk and cream, butter (cream, salt), food starch - modified (corn), locust bean gum, carrageenan, sea salt, sodium citrate, annatto, vitamin d3",United States
"sardines, huile de soja, légumes, épices, piment, sel",France
Corn oil,United States
"Aiguillettes de canard 90 %, eau, huile de tournesol, plantes aromatiques 0,4 %, chapelure (GLUTEN), sel, dextrose, épices, arômes naturels.",France
"Cashews, canola and/or peanut oil, salt.",United States
"Viande de porc 52%, eau, viande de volaille 12%, gras de porc, couenne de porc, sel, sirop de glucose et dextrose, protéines de lait, protéines de _soja_, épices et plantes aromatiques, protéines de sang de porc, stabilisants : E450, E452, exhausteur de goût : E621, arômes naturels, acidifiant : E575, colorant : E120, antioxydant : E316, conservateur : E250, enveloppe (E120, E160b).",France
"sel de cuisine, graisse végétale (antioxydant: E310), exhausteurs de saveur (glutamate monosodique, inosinate disotique ( E631), guanylate disotique (E627)), extrait de viande, arôme (avec soja), 1% légumes (oignons, carottes), extrait de levure, persil, sirop de caramel, épices,",Switzerland
Basmati rice,United States
"Haricots verts, eau, sel.  ",France
Rooibos.,Spain
"Skim milk, milk, high fructose corn syrup, sugar, cocoa processed with alkali, salt, carrageenan, artificial flavor, vitamin a palmitate, vitamin d3.",United States
"Huile de colza, œufs de _cabillaud_ salés fumés 22% (œufs de _cabillaud_ 21%, sel, conservateur : E211), chair de _homard_ américain 8% (_crustacé_) (Homarus americanus), eau, chapelure (farine de _blé_, eau, sel, levure), arôme (_poissons_, _crustacés_, céréales content du _gluten), acidifiant : E270, conservateurs : E262 et E202, sel, sirop de glucose, extrait d'épices.",France
Vodka,United Kingdom
"aromatisée en poudre au café soluble. : sucre, 20,7 % lalt écrémé en poudre, sirop de glucose, graisse de coco, 6,8% café en grains soluble, arôme naturel, 2% cacao en poudre foËment dégraissé, stabilisants: ÙŒphates de sodium, phosphate de potassium;zsel. ouvert, à préférence",France
"Viande bovine 70 %, eau gras de bœuf, sel, acidifiants : E326, E262, E327, dextrose de blé, arômes, épices, aromates, colorants : E160c, E120, antioxydants : E301, E300, enveloppe végétale : gélifiant : E404.  ",France
"Sugar, hydrogenated vegetable oil (soybean), wheat flour lecithin (emulsifier), raising agent (sodium bicarbonate), vanillin, salt.",United States
Mechanically (expeller) pressed naturally unrefined virgin organic coconut oil,United States
"Corn, whole grain wheat, sugar, whole grain rolled oats, brown sugar, rice, canola oil, wheat flour, malted barley flour, corn syrup, salt, whey (from milk), malted corn and barley syrup, wildflower honey, caramel color, natural and artificial flavor, ann",United States
"Flocons d'_épeautre_ complets 46 %, fruits secs (raisins de Smyrne (avec huile de tournesol), abricots, dattes, pommes, framboises), flakes d'_épeautre_ 8,8 % (farine d'_épeautre_ complète, sucre de canne non raffiné, malt de maïs, sel de mer), miel, _épeautre_ sauté 5,5 %, nougatine aux _amandes_ (_amandes_ grillées, sucre de canne non raffiné, miel), graines de tournesol, huile de coco, farine de riz, cannelle.",France
Red split lentils.,United States
_Nuez_ mondada.,Spain
"Enriched wheat flour [wheat flour, niacin, reduced iron, thiamin mononitrate (vitamin b1), riboflavin (vitamin b2), folic acid], corn syrup, sugar, high fructose corn syrup, palm oil, brown sugar, whey permeate, modified corn starch, precooked yellow corn meal, salt, cinnamon, leavening (sodium aluminium phosphate, baking soda), color added, citric acid, potassium sorbate (a preservative), gelatin, soy lecithin, modified soy protein, vitamin a palmitate, reduced iron, niacinamide, pyridoxine hydrochloride (vitamin b6), riboflavin (vitamin b2), thiamin mononitrate (vitamin b1).",United States
"Thon listao (Katsuwonus pelamis) huile d'olive vierge extra 33,8%, sel.",France
"Fruits à coques 39% (noix du Brésil, noix de pécan, noix de cajou), sirop de glucose, graines de grenade 14%, sirop d'agave, crispies de riz complet, dattes 9%%, graines de courge, huile de tournesol, arôme naturel.",Switzerland
100% thé vert Ceylan - issu de l'agriculture biologique.,France
"Croutons de pain spécial - Ingrédients: Farine de blé (gluten), huile de tournesol' préparation pour panification (farine de blé (gluten), son de blé (gluten), gluten, farine de blé malté (gluten), agent de traitement de la farine : acide ascorbique, enzymes), levure, sel' son de blé (gluten), antioxydant : extrait de romarin. Traces de lait.",France
"Shrimp, salt, sodium tripolyphosphate (to retain moisture).",United States
"Milk chocolate [sugar, cocoa butter, milk, chocolate liquor, soy lecithin (an emulsifier), and vanilla], sweetened dried cranberries (cranberries, sugar), coating (gum acacia, maltodextrin, and sugar), confectioner's glaze.",United States
"Cultured pasteurized milk, salt, enzymes, annatto (for natural color).",United States
"Carbonated water, high fructose corn syrup, citric acid, artificial flavor, potassium benzoate (preservative), modified food starch, grape juice concentrate, red 40, blue 1.",United States
"Unbleached enriched wheat flour (flour, barley malt, niacin [vitamin b3], iron, thiamin mononitrate [vitamin b1], riboflavin [vitamin b2], folic acid), water, sugar, yeast, whey, nonfat milk, palm oil, wheat gluten, eggs, unsalted butter, contains 2% or l",United States
"Water, organic apple juice, organic blueberry juice, organic lemon juice, organic aloe vera juice.",United States
"Whole grain rolled oats, natural and artificial flavor, flaxseed, salt, sucralose, acesulfame potassium. vitamins & minerals: calcium carbonate, ferric orthophosphate (source of iron), alpha tocopherol acetate (vitamin e), niacinamide*, vitamin a palmitate, pyridoxine hydrochloride*, riboflavin*, thiamin mononitrate*, folic acid*. *one of the b vitamins",United States
"Fresh roasted peanuts, corn syrup solids, sugar, pea protein, contains 2% or less: molasses, salt, hydrogenated vegetable oils (rapeseed, cottonseed and soybean), monoglycerides, magnesium oxide, niacinamide, ferric orthophosphate, zinc oxide, copper sulf",United States
Eau gazifie sucre acide citrique,France
"Bigarreaux avec noyaux, eau, sucre, colorant : E127",France
"Cassava (yuca), tapioca starch, sunflower oil, leek, cane sugar, sea salt, sesame, spices, yeast extract, garlic powder, vinegar powder (organic maltodextrin, white distilled vinegar), natural flavors, rice concentrate.",United States
"Petit beurre 52% : farine de blé, sucre, beurre patissier 14,7%, Lait écrémé en poudre, poudre à lever : carbonate acide d'ammonium, carbonate acide de sodium, diphosphate disodique, sel, correcteur d'acidité : acide citrique - Chocolat au lait 48% : sucre, beurre et pâte de cacao, Lait écrémé en poudre, sirop de glucose, beurre pâtissier, émulsifiant : lécithine de soja, arôme vanille ","Belgium,Denmark,France,Switzerland"
semoule de _blé_ dur,France
Jus de raisin (Origine Languedoc : minimum 50%),France
"Whole navy beans, long grain rice, sunflower oil, tapioca, cheddar cheese blend (pasteurized milk, cheese cultures, sea salt, enzymes, whey buttermilk, annatto, lactic acid, citric acid, spices).",United States
"Filtered water, pineapple juice concentrate, apple juice concentrate, orange juice concentrate, natural flavors, ascorbic acid (vitamin c) and citric acid.",United States
"Pasteurized process american cheese (american cheese (cultured milk, salt, enzymes), water, cream, sodium phosphate, sorbic acid (preservative), artificial color), mayonnaise (soybean oil, egg yolks, water, distilled vinegar, high fructose corn syrup, corn syrup, salt, mustard flour, calcium disodium edta), pimientoes (pimientoes, water, citricacid), jalapenos (jalapeno peppers, water, salt, distilled vinegar, natural flavorings, calcium chloride, potassium sorbate and sodium benzoate (preservatives), turmeric), brown sugar, hot sauce (peppers, vinegar, salt, xanthan gum, sodium benzoate (to preserve freshness)), lemon juice (water, concentrated lemon juice, citric acid salt ester of wood rosin, glycerin, sodium benzoate and potassium sorbate (preservatives), sodium bisulfate, yellow #5(tartrazine)), sodium benzoate and potassium sorbate (preservatives), black pepper.",United States
"Gnocchi à la pomme de terre précuit [semoule de blé (gluten), pomme de terre déshydratée 20,3%, eau, sel], purée de tomate 12,2%, oignon grillé 5,9%, mozzarella 5,9% [lait, sel, présure, acidifiant : acide citrique], tomate cerise mi- séchée 5%, eau, huile d'olive vierge extra, épinard 1,4%, basilic, ail, préparation d'oignon (jus d'oignon concentré, huile de tournesol), sel, poivre.",France
100% semoule de blé dur,France
Huile de _sésame_.,France
"Stone ground whole wheat flour, dried cane syrup, brown rice syrup, fig paste, canola oil, pumpkin spice paste (organic dried cane sugar, naturally milled cane sugar, glycerin, pumpkin, rice starch, apple powder, natural flavor, pectin, citric acid, cinna",United States
"Riz blanc cuit 40,7 % (riz blanc, eau), _poisson_ pané 23,3 % [filet de hoki 64 % (_poisson_); enrobage et chapelure 36 % : farine de _blé_, huile de tournesol, eau, amidon transformé de _blé_, amidon de _blé_, sel, gluten de _blé_, levure, épices (paprika, curcuma)], concassé de tomates 14,2 %, eau, concentré de tomates, huile de colza, beurre (_lait_), arômes, huile d'olive, sucre, ciboulette, sel, épaississant : amidon transformé de maïs, plantes aromatiques (romarin, basilic, origan, thym, marjolaine, sarriette). ",France
"Farine de _blé_ 90%, farine de _seigle_ 8%, _gluten_ de _blé_, levure, huile végétale (tournesol), farine de seigle malté, sucre, sel, agent de traitement de la farine (acide ascorbique)",France
"Nonfat milk, vitamin a palmitate, vitamin d3.",United States
"Pomme de terre 46%, tomate 20%, eau, huile de colza, jambon de poulet cuit choix Halal 7,7% (viande de poulet Halal 7,1%, eau, épices, sel), cornichon 3,9%, jus de citron à base de concentré, sel, jaune d'_oeuf_, amidon transformé (_blé_), vinaigre, sucre, épices, épaississant : gomme xanthane, ail, sirop de glucose.",France
Saffron threads,United States
"eau, sucre, jus de citron a base de concentré 2%, thé noir, cynorhodon, fleur d'hibiscus, acidifiant (E 330),",Switzerland
100% viande bovine.,France
"Farine de _blé_, eau, _fromages_ (_oeuf_), jambon de porc, huile de colza, huile de palme, _beurre_, amidons modifiés, protéines de _lait_, dextrose, sel, _lactosérum_, _gluten_ de _blé_, levure, sels émulsifiants: E331, E452, émulsifiants: E322, E471, conservateurs : E202, E250, E282, stabilisants: E450, E541, gélifiant: E407, arômes (_céleri_,_blé_), épices et aromates, antioxydant: E316, acidifiant: E270",France
"POLENTA BRAMATA ORCANIC, WHOLECRAIN GLUTEN FREE Average Nutritional Values per 100g Energy/Energie/énergie/energia 1440kI/340kcaI [Evépyewenergi/energie/energi Fat/FeWgraisse/rasvaa/AlTlapd/FeWvetten/fett lg ofwtlich saturates/davon gesâttigte Fettsâuren/ 0.24g dont acides gras saturés[psta tyydytwnyttâ/ oJToiwv Kopeopéva/hvorav mettet fett/ waarvan verzadigde vetzuren /varav mâttat fett 74g Carbohydrate/Kohlenhydrate/glucides/ hiilihydraatitNôaTdvepaKWkarbohydrater/ koolhydraten /kolhydrat of which sugars/davon Zucker/dont sucres/ 0.64g josta sokereita/EK oJToiwv hvorav sukkerafter/waarvan suikers/varav sockerafter 4.1g Fibre/Ballaststoffe/fibres alimentaires/ fiberavintokuitu/lvwfiber/vezels/fiber Protein/EiweiB/protéines/proteiini/npQ)TÉiVeç/ 6.6g protein/eiwitten/protein &lt;0.lg Salt/Salz/sel/suola/AÀdTl/salt/zout/salt",France
"Chicken stock (water, concentrated chicken stock). contains less than 2% of the following: salt, sugar, vegetable stock (carrot, onion, celery, sea salt), concentrated cabbage juice, dried parsley.",United States
"Soybean oil, tbhq (antioxidant).",United States
"Filtered water, natural flavor, black tea, phosphoric acid, sodium benzoate and potassium sorbate as preservatives for freshness.",United States
"Wheat flour, sugar, palm kernel oil, palm oil, margarine (palm oil, rice oil, yoghurt, salt, skim milk powder, mix tocopherol), lactose, maltose, corn starch, egg, skim milk powder, glucose, sweetened condensed milk, salt, soy lecithin, glycerin esters of",United States
"Ciabattini [enriched unbleached flour (wheat flour, malted barley flour, niacin, reduced iron, thiamin, mononitrate, riboflavin, folic acid), water, olive oil, egg white, palm shortening, salt, wheat gluten, sugar, yeast, wheat four, enzymes], cheese blen",United States
"Pomme de terre préfrites 67,2 % (pomme de terre, huile de tournesol), champignons de Paris 14,9 % (_sulfites_), lardons crus fumés 9 % (poitrine de porc, eau, sel, dextrose de blé, épices, arômes, acidifiant : acide citrique, conservateurs : ascorbate de sodium, nitrite de sodium, érythorbate de sodium, nitrate de potassium), oignons.",France
"Pork broth, seasoning (chili pepper, spices, dehydrated green bell pepper, onion powder, maltodextrin, garlic powder, natural smoke flavor), cultured dextrose (contains maltodextrin), dried vinegar, soybean oil, flavor (yeast extract, natural flavor), sal",United States
"Water, glycerine, maltodextrin, contains less than 2% of: hibiscus extract, citric acid, salt, natural citrus extract (as a preservative), natural flavor, calcium lactate, calcium gluconate.",United States
"Enriched wheat flour (flour, niacin, iron, thiamine mononitrate, riboflavin, folic acid), wheat starch, dextrose, salt, whey (milk), chicken fat, chicken, silicon dioxide (added to make free flowing), onion, hydrolyzed corn gluten, yeast extract, chicken broth, paprika, xanthan gum, disodium inosinate and guanylate (flavor enhancers), spices, natural flavor (including soy), turmeric.",United States
"Tomatoes [tomatoes tomato juice, salt, citric acid, calcium chloride], tomato puree [tomato concentrate, salt, citric acid], onions, mangoes, peaches in light syrup, chile peppers, lime juice, lemon juice and apple cider vinegar.",United States
"Oat flakes, spelt flakes (spelt, sugar, table salt, barley malt, emulsifier sunflower lecithin), raw sugar, sunflower oil, crispies (maize, rice, raw sugar, wholemeal flour (wheat, rye, barley), barley malt, table salt, cocoa powder), flour (wheat, rye), coconut flakes, wheat germ, dextrose, raspberry granulate (glucose, sugar, raspberries, thickener sodium alginate), strawberry granulate (maltodextrin, strawberries, sugar, modified potato starch, thickener sodium alginate), honey, roasted hazelnuts, freeze-dried strawberries, table salt.",United States
"Butternut squash, celery, onion, carrots, sage.",United States
"Eau, purée de goyave (25%), sucre, acidifiant : jus de citron à base de concentré, jus de cassis à base de concentré, antioxydant : acide ascorbique.",France
Passion flower.,United States
"Salz, 19,9% Gemüse (Zwiebeln, Pastinakenpulver, _Selleriepulver_, Karotten, Spinat), Maltodextrin, Zucker, Sonnenblumenöl, Kräuter, Gewürze",Germany
"Riz cuit 46 %, poulet traité en salaison 14 % (filet de poulet 95 %, amidon de tapioca, dextrose, sel), tomates 13 %, poivrons 12 % (rouges, jaunes et verts), eau, concentré de tomates, huile d'olive vierge extra, oignons frits (oignons, huile d‘olive, sel), sel, amidon transformé de riz, basilic, sucre, herbes de Provence (basilic, origan, romarin, thym), thym, poivre, piment.  ",France
"Rice, palm oil, sugar, com starch, salt, monosodium glutamate, gelatin, strawberry flavor, color (fd&c red no.40).",United States
"White cheddar cheese (pasteurized milk, cheese cultures, salt, enzymes), potato starch and powdered cellulose (to prevent caking), natamycin (a natural mold inhibitor)",United States
"Sweet peas, water, sugar, salt",United States
"Olive oil, flavoring",United States
"Sugar, corn syrup, gelatin, citric acid, white grape juice from concentrate, sorbitol, natural and artificial flavors, artificial colors including (yellow 6, red 40, yellow 5).",United States
"Sorbitol, maltitol, gum base, maltitol syrup, natural & artificial flavor, xylitol, glycerine, titanium dioxide (color), aspartame, soy lecithin, acesulfame-k, gum arabic, resinous glaze, carnauba wax, neotame, bht (to preserve freshness).",United States
Spinach.,United States
"Enriched flour (wheat flour, niacin, reduced iron, thiamine mononitrate, riboflavin, folic acid), water, palm oil, whey powder, buttermilk powder, salt, onion powder, garlic powder, maltodextrin, yeast extract, corn syrup solids, yeast, monosodium glutamate, xanthan gum, lactose, dextrose, malic acid, parsley, citric acid, vinegar, cellulose powder, nonfat milk, sweet cream, disodium inosinate and guanylate, lactic acid, spices, natural and artificial flavors, modified corn starch, soy lecithin, molasses, caramel color, spices.",United States
"Dried Vine Fruits 43% (Sultanas, Raisins, Vostizza Currants), Demerara Sugar, Brandy 5%, Vegetable Suet (Palm Oil, Rice Flour, Sunflower Oil), Wheatflour (Wheatflour, Calcium Carbonate, Iron, Niacin, Thiamin), Brandy Soaked Glacé Cherries 4.5% (Cherries, Brandy, Glucose, Fructose Syrup, Colour: Anthocyanins (from Grapes), Acidity Regulator: Citric Acid), Cognac 4%, Chilean Flame Raisins 3%, Pecan Nuts 3%, Ruby Port 3%, Stout (contains Barley, Gluten) 2.5%, Pasteurised Free Range Eggs, Sugar, Sweetened Dried Cranberries, Humectant: Glycerol, Water, Orange Peel, Split Almonds, Molasses, Single Cream, Spices (Coriander, Cinnamon, Ginger, Nutmeg, Caraway, Cloves), Lemon Peel, Yeast, Salt, Vinegar, Wheat Gluten, Emulsifier: E471, E472e, Sunflower Oil, Rapeseed Oil, Palm Oil, Concentrated Lemon Juice, Flour Treatment Agent: Ascorbic Acid.",United Kingdom
"Product contains: golden raisins (raisins, sulphur dioxide), cranberries (cranberries, sugar, sunflower oil), almonds, blueberries (blueberries, sugar, sunflower oil).",United States
"Rosehips, maltodextrin (corn, tapioca), hibiscus flowers, chamomile flowers, orange leaves, licorice root, sweet blackberry leaves, lemon grass, natural flavor, roasted chicory root, soy lecithin.",United States
"Organic buckwheat, organic peanut butter, organic dark chocolate (unsweetened organic chocolate, organic cane juice, organic cocoa butter, vanilla), raw honey, organic flaxseeds, organic coconut, organic sunflower seeds, organic pumpkin seeds, brazil nuts",United States
"Water, sugar, gelatin, partially hygrogenated palm kernal oil corn syrup, citric acid, natural and artificial flavors, salt, sodium citrate, potassium sorbate and sodium benzoate to preserve freshness, polysorbate 60, modified cellulose, sorbitan monostearate, sodium stearoyllactylate soy lecithin xanthan gum red 40, yellow 6, blue 1.",United States
"WHOLEGRAIN FLAKED ERAZiL ROASTED CHOPPED OAT Fla Nuts Sliced BRAZIL NUTS (7%), Roasted ChoppeC AAZELNUTS (1 JL)), sugar'ble Oils (Rapeseed Oil, Palm Oil), Honey (1%), Suninwer Seeds, Natural Flai ALLERGY ADVICE: For allergens, including cereals containing gluten, see ingredients in BOLD MAY ALSO CONTAN: Wheat (Cluten), Barley (Gluten), Rye (Gluten), OtherN NUYiilONAL INFORMATION",France
"Organic bittersweet chocolate (organic chocolate organic raw cane sugar, organic cocoa butter, soy lecithin, natural orange and spice flavor, orange and spice flavor, organic vanilla extract).",United States
"Cultured milk, water, cream, whey sodium citrate, milk protein concentrate, modified food starch, whey protein concentrate, calcium phosphate, salt, sorbic acid (preservative), sodium phosphate. citric acid, color added, lactic acid, enzymes, vitamin d3.",United States
"Bun: enriched bleached flour (wheat flour, malted barley flour, niacin, iron, thiamine mononitrate, riboflavin, folic acid), water, corn syrup, soybean oil, contains 2% or less of: yeast, salt, calcium stearoyl lactylate, vital wheat gluten, corn syrup solids, guar gum, monoglycerides, oat fiber, monocalcium phosphate, sodium alginate, wheat flour, xanthan gum, ascorbic acid (vitamin c), enzymes. hamburger: beef. pasteurized process american cheese with peppers and other natural flavor: milk, water, cream, sodium citrate, contains 2% or less of: calcium chloride, cheese culture, color added, enzymes, jalapeno peppers, natural flavor, salt, serrano peppers, sodium phosphate, sorbic acid (preservative), vinegar, soy lecithin. water, dried onion, salt, pepper.",United States
"Huiles et graisses Gemiddeldevcding$HüÎd GRASSE. végétateSnon hydrogénées 70 % (palme, colza, fiergie/ft$ eau - émulsifiant : esters citriques de monolet digiycérides diacides gras sel 0,7% - tait écrémé Q Voudre - coriécteurs? d'acidité : aclde citrtque, iacide21actique - cokrant : carotecoides - arôme, VETST0F OM TE SMFREN EN TE BAKKFN fibresAkftires/Ve1 MET 70% - WGREDIËNTEN: Niet-geharde plantaardige vetlgfl 70% Sel/Z01ÌXI (palm, *LUS DilHFOS A met citroenzuur 0,7% .consommerde préf magere-melkpoeder zoot citroenzuar zubaeregelaars: plaquette/ Tebewa melkzuur",France
"Champiñón (Agaricus bisporus), shiitake (Lentinula edodes), pholiota nameko, pleorotus cornucopiae, pleorotus ostreatus.",Spain
"Farine de _blé_, édulcorant : maltitols, amidon de _blé_, huile de colza, _graines de sésame_ toastées 5 %, dextrine de _blé_, arômes naturels, poudres à lever (diphosphates, carbonates de sodium), émulsifiant : lécithines de colza, sel marin.",France
"Dextrose, citric acid, calcium stearate, artificial flavors, red 40 lake, yellow 5 lake, yellow 6 lake, blue 2 lake.",United States
100% new zealand honey,United States
"Sucre, huile de colza, oeuf entier (reconstitué à partir de poudre farine de blé, amidons de pomme de terre et de blé stabilisants : glycérol, gomme xanthane,aRu, arôme naturel de citron (1 poudre àfeüer. diphosphate disodique, carbonate de sodium émulsifiant : mono- et diglycérides d'acides conservateur : sorbate de potassium, sel, colora t: riboflavine. Peut contenir des traces de soja.",France
"Potatoes, sunflower and/or canola oil, salt.",United States
"Baby kale, sweet onion dijon vinaigrette (water, canola oil, sugar, sweet onions, dijon mustard [water, mustard seed, distilled vinegar, salt, white wine, citric acid, turmeric {color}, tartaric acid, spices], cider vinegar, white wine vinegar, salt, lemon juice concentrate, dried onion, spices, xanthan gum, smoke flavor, caramel color, annatto extract [color], bacon (cured with water, salt, sodium phosphate, sodium erythorbate, sodium nitrite, may also contain up to 2% or less of the following ingredients: sugar, brown sugar, hickory smoke flavor), dried cranberries (cranberries, sugar, sunflower oil), honey roasted almonds (almonds, sugar, honey, water, maltodextrin, salt), carrots.",United States
"High fructose corn syrup, water, concentrated grape juice, citric acid, concentrated pineapple juice, concentrated apple juice, natural flavors, sugar syrup, ascorbic acid (vitamin c).",United States
"White grape juice from concentrate (water, white grape juice concentrate), white grape juice, citric acid, ascorbic acid (vitamin c), potassium metabisulfite added to maintain flavor and freshness. no artificial flavors or colors added.",United States
Spinach.,United States
"Carotte 71 %, vinaigrette (huile de tournesol, eau, vinaigre d'alcool, _MOUTARDE_ (vinaigre d'alcool, graines de _MOUTARDE_, eau, sel), sel, épaississants : gomme xanthane - gomme guar), _NOISETTE_ 6 %, vinaigre balsamique 1,5 % (vinaigre de vin, moût de raisin), sel, cannelle, poivre.",France
"Organic beef stock (water, organic beef stock from concentrate, dried organic beef stock), contains less than 2% of sea salt, organic beef flavor (organic beef flavor, sea salt), organic cane sugar, organic potato flour, organic yeast extract, organic car",United States
"Potatoes, milk, butter (sweet cream, salt, annato color), margarine (vegetable oil blend [liquid soybean oil, partially hydrogenated soybean oil], artificial color, water, salt, whey [milk], soy lecithin, vegetable mono and diglycerides, sodium benzoate [to protect quality], artificial flavor, citric acid, vitamin a palmitate), salt, potassium sorbate to protect flavor, disodium pyrophosphate to maintain color, water, spice.",United States
"Caramel coating (sugar, palm kernel oil, nonfat dry milk powder, whole milk powder, cocoa powder, natural flavor, soy lecithin, paprika extract (color), salt), pretzel (corn starch, potato starch, white rice flour, soluble corn fiber, palm oil, salt, sugar, cellulose gum, soy lecithin, baking soda, yeast extract, sodium acid pyrophosphate, citric acid), sea salt.",United States
"_Lait_ écrémé pasteurisé, _ferments lactiques_.",France
"Pâtes collerettes 48.9% (eau, semoule de _blé_ dur, _oeufs_, curcuma), eau, _viande de boeuf 7.4%, _crème_ fraîche, crème de riz, farine de _blé_, huile de colza, _emmental_, échalotes, chapelure (farine de _blé_, eau, sel, levure), sel, trompettes réhydratées 0.6%, extrait de malt d'_orge_, poivre noir 0.17%, poudre de jaune d'_oeuf_, caramel (sucre, eau).  ",France
"Water, organic juice from (organic apples and organic lemons), organic apple cider vinegar, organic turmeric, organic cinnamon, organic cayenne extract.",United States
jus de pomme,France
"Turnip greens, diced turnips, water, sugar, salt, minced onion, hydrolyzed corn protein, sodium diacetate, spices, artificial flavor (natural smoke flavor, caramel color, spice extractives), autolyzed yeast extract, maltodextrin, disodium inosinate.",United States
"Dark chocolate (sugar, chocolate liquor, cocoa butter, milkfat, soy lecithin [an emulsifier], natural vanilla flavor), raisins, sugar, cocoa powder, tapioca dextrin, confectioner's glaze.",United States
"Apples [apples, calcium ascorbate (to promote freshness)], melon (may contain one or more of the following: cantaloupe, honeydew), grapes.",United States
"Wheat flour, sugar, soybean oil, vegetable shortening (partially hydrogenated soybean & cottonseed oils, mono- & diglycerides), dextrose, water, contains less than 2% of each of the following: high fructose corn syrup, cornstarch, salt, baking soda, artificial flavors, soy lecithin, monocalcium phosphate.",United States
"Tomatoes, sugar, fd&c red #4 sulfur dioxide (as a preservative).",United States
"Chickpeas, water, roasted red peppers, tahini, canola oil, olive oil, garlic, citric acid, sea salt, potassium sorbate, sodium benzoate (to maintain freshness), xanthan gum.",United States
"Citric acid, potassium and sodium citrate, natural flavor, aspartame,** magnesium oxide, contains less than 2% of: lemon juice solids, acesulfame potassium, maltodextrin, calcium silicate, gum arabic, soy lecithin, artifcial color, yellow 5.",United States
"Protein blend* [whey protein concentrate, rice protein crisp (rice protein concentrate, brown rice), milk protein concentrate, rice protein concentrate}, coating* (palm kernel oil, inulin, cane sugar, whole milk powder, whey protein, alkalized cocoa, coco",United States
"Quinoas (blanc et rouge) (55%), blé dur précuit (gluten) (15%), semoule de blé dur précuite (gluten) (14%), pépites de lupin, huiles (tournesol et olive), maltodextrine, poivrons rouges déshydratés, plantes aromatiques, sel, arômes naturels (lait), épices (moutarde) (0,6%), fécule, poudre de légumes, sucre.",France
"Enriched macaroni product [semolina and durum flour (wheat), niacin, ferrous sulfate (iron), thiamin mononitrate (vitamin b1), riboflavin (vitamin b2), folic acid], maltodextrin (corn, potato), corn starch, whey protein concentrate (milk), salt, onion powder, sugar, disodium guanylate, disodium inosinate, potassium chloride, hydrolyzed soy protein, natural flavor, high oleic sunflower oil, soybean oil, spices and herbs, skim milk powder, extract of turmeric (for color).",United States
"Tomato puree (water, tomato paste, citric acid), sugar, soybean oil, salt, dried onions, extra virgin olive oil, imported pecorino romano cheese (sheep's milk, cheese cultures, salt, enzymes), spices, dried garlic.",United States
"Popcorn, vegetable oil (safflower, sunflower, and/or canola oil), maltodextrin, salt, sugar, spices (chili pepper, red chili, cayenne pepper), red bell pepper, garlic powder, paprika, vinegar, dried red pepper sauce (aged red pepper, vinegar,s alt), natur",United States
_Soja_ texturé issus de l'Agriculture Biologique.,France
"pois chiches, eau, sel de cuisine.",Switzerland
"Sweet bell peppers, water, vinegar, soybean oil, olive oil, salt, calcium chloride, spices, 1/10 of 1% benzoate of soda (preservative), sodium bisulphite (maintains colors) fd&c yellow #5.",United States
"Harina de trigo sarraceno*, azucar de caña integral* (&lt;2%), sal marina. * procedente de la agricultura biologica","France,Spain"
"Semolina (wheat), durum wheat flour, niacin, iron (ferrous lactate), thiamine, riboflavin, folic acid.",United States
"Cane sugar, water, natural flavor, glycerin, malic acid, stevia extract (sweetener), sodium citrate, less than 2% potassium citrate, salt.",United States
"Eau, lentilles réhydratées 30%, saucisses fumées 20% (viande de porc, eau, viande de dinde, gras et couenne de porc, pièces de tête de porc, plasma de porc, sel, arômes naturels, stabilisant : triphosphates, gélifiants : gomme guar, gomme xanthane, carraghénanes, piment, coriandre en poudre, sirop de glucose, sucre, conservateur : nitrite de sodium), carottes 2.5%, concentré de tomates, arômes (contient _blé_), oignons grelots 0.4%, amidon modifié de maïs, oignon en poudre, sucre",France
Spinach.,United States
"Cheddar cheese sauce [water, cheese (pasteurized milk, cheese cultures, salt, enzymes, annatto color), whole milk, corn starch/wheat flour, butter (pasteurized sweet cream, salt), salt], organic macaroni (organic durum wheat flour), breadcrumbs (wheat flo",United States
"Bouillon (soy), vegetable 5.7% (leek, carrot, tomato, onion), vermicelli 1.7% (wheat flour, egg white), salt, starch, hydrogenated vegetable oil herbs (celery, chives, parsley, chervil, lovage, celery seed), flavor enhancers (monosodium glutamate, disodiu",United States
"Durum semolina, niacin, ferrous sulfate (iron), thiamine mononitrate, riboflavin, folic acid.",United States
"Pepperoncini, water, vinegar, salt, fd&c yellow#5, sodium bisulfite and 1/10 of 1% sodium benzoate.",United States
"lait écrémé, sucre, lactose et minéraux du lait, chocolat au lait 8% (sucre, pâte de cacao, lait entier en poudre, beurre de en poudre), crème (contient lait), cacao en poudre, gélatine bovine, épaississants : alginate de sodium, carraghénanes ; émulsifiant: esters lactiques des mono et diglycérides d'acides gras, protéines de lait Peut contenir des traces de soja.",France
"_Peanuts_, Contains 1% or Less of Salt.",United States
"Vin désalcoolisé, moût de raisin, dioxyde de carbone, conservateur : E220.",France
"Organic vegetable stock (water, organic vegetable stock flavor [organic carrot, organic onion, organic celery, sea salt]), contains less than 2% of: organic pear juice concentrate, organic cane sugar, organic carrot juice concentrate, natural flavor, orga",United States
"Foie gras de canard 78%, eau, sel, piment d'Espelette 0,38%, poivre.",France
"Light tuna, water, vegetable broth (contains soy), salt.",United States
"Légumes : 53 % (pomme de terre, carotte, oignon, tomate , haricot blanc, petit pois, CÉLERI, poireau), graisse de palme, farine de BLÉ, sel, sucre, sirop de glucose, protéines végétales hydrolysées, chlorure de potassium, protéines de LAIT, fécule de pomme de terre, arômes (dont (CÉLERI), extrait de levure, curcuma.",France
"agua, chiles secos, sal yodada, ácido acético, ácido cítrico, goma de xantato, benzoato de sodio (como conservador), sorbato de potasio y eritorbato de sodio.",Mexico
"Ny cheddar cheese (cultured milk, enzymes, salt, annatto), water, almonds, whey, milk fat, onion powder, guar gum and/or locust bean gum, potassium sorbate, salt, disodium phosphate, annatto, onion flakes.",United States
"Sugar, almonds, tapioca dextrin, corn syrup, starch solution (modified starch, sugar, vegetable oil - coconut origin), natural & artificial flavors, artificial color (titanium dioxide), confectioners glaze (with beeswax & carnauba wax)",United States
"Agua, base de avena (25%) (agua, _avena_ (10%)), azúcar, aceite de girasol, inulina, maltodextrina, calcio (fosfato tricálcico), sal, reguladores de acidez (fosfato monopotásico), estabilizadores (goma gellan), emulsionante (lecitina de girasol), vitaminas (riboflavina (B2) y B12).",Spain
Sea salt with natural minerals,United States
"Pork, water, pasteurized process mozzarella cheddar cheese [low moisture part-skim mozzarella cheese (pasteurized milk, cheese cultures, salt, enzymes), cheddar cheese (pasteurized milk, cheese culture, salt, enzymes), cream, water, sodium phosphate, cont",United States
"Flour (wheat), corn peanuts, vegetable oil, sesame seeds, cheddar cheese (milk), salt, malt, yeast (wheat), sodium bicarbonate, sugar, whey (milk), citric acid, spices, beet powder, artificial color (contains fd&c yellow#5) and turmeric",United States
"High fructose corn syrup, corn syrup, hydrogenated coconut oil, water, sugar, nonfat dry milk, cocoa (processed with alkali), food starch-modified, salt, disodium phosphate, potassium sorbate (preservative), sodium benzoate (preservative), vanillin (artificial flavor), soy lecithin.",United States
"Chicken breast patty: chicken breast with rib meat, water, sodium phosphate, salt. breaded with: wheat flour, salt, spices and spice extractives including paprika and extractives of paprika, sweet dairy whey, soybean oil, dextrose, dehydrated garlic, leav",United States
"Veggie straws (potato starch, potato flour, corn starch, tomato paste, spinach powder, salt, potassium chloride, sugar, beetroot powder [color], turmeric, canola oil and/or safflower oil and/or sunflower oil, sea salt).",United States
"Cured with: water, salt, sugar, sodium phosphates, sodium erythorbate, sodium nitrite.",United States
"Purée et pulpe de tomates (France) 71.1 %, viande bovine cuite (France) 14 % (soit 20 % équivalent viande crue), oignons 5 %, carottes 4 %, huile de tournesol, sucre, sel, amidon transformé de maïs, vin blanc, épices et plantes aromatiques (dont ail 0.06 %, _céleri_-feuille), acidifiant :  acide lactique.",France
"Water, sugar. food starch-modified (corn), natural flavors. ascorbic acid (to maintain color). citric acid. red 40.",United States
"Cultured skim milk, whey protein concentrate, cream, skim milk, contains 2% or less of salt, guar gum, mono and diglycerides, carob bean gum, xanthan gum, natural flavors, potassium sorbate and carbon dioxide (preservatives), carrageenan, polysorbate 80, enzymes.",United States
"Mélange de légumes 100% (chou-fleur, carotte baby, graines de maïs, rosettes de brocolis, pois mange-tout)",Switzerland
"Huile de colza, eau, jaune d'oeuf de poules élevées en plein air 5%, moutarde de Dijon 5% (eau, graines de moutarde, vinaigre d'alcool, sel, acidifiant : acide citrique) vinaigre de vin blanc, moutarde à l'ancienne 2,7% (eau, graines de moutarde, vinaigre d'alcool, vinaigre de vin blanc, sel sucre, acidifiant : acide citrique), amidon de maïs, sel, extrait de carthame, _jus de citron concentré, arôme naturel de paprika",France
_Lait_ demi-écrémé stérilisé U.H.T.,Belgium
"Purified water, vitamin b1, vitamin b12, vitamin d3.",United States
Honey,United States
"Granola (whole grain oats, sugar, palm kernel and soybeans oils, corn syrup, coconut, honey, molasses, soy lecithin, salt, corn starch, peanuts, almonds, soy flour, egg whites), corn syrup, roasted almonds, sugar, crisp rice (rice flour, sugar, whey, salt, barley malt, wheat flour, dextrose), palm and palm kernel oil, palm kernel and soybeans oils, water, nonfat dry milk, sorbitol, cocoa, salt, soy lecithin, corn starch, carrageenan, mono-and diglycerides, vanillin.",United States
"Oranges, cranberries, cane sugar, orange juice, water, pectin, lemon juice.",United States
"Milk chocolate [sugar, cocoa butter, whole milk, chocolate liquor, lactose, soy lecithin (an emulsifier), vanillin (an artificial flavor]) pretzels [soft red wheat flour, corn syrup, salt, baking soda, yeast].",United States
"Sugar, egg whites, defatted cocoa powder (processed with alkali), spices, natural flavor.",United States
"Durum whole wheat flour, semolina, durum wheat flour, oat fiber.",United States
"_Lait_ pasteurisé de vache, sel, cumin 0,5 %, ferments (contient _lait_), enzyme coagulante, colorant (croûte) : rocou, conservateur (croûte) : natamycine.",France
"Peaches, ascorbic acid and citric acid added to retard oxidation.",United States
"Water, soybeans oil, distilled vinegar, blue cheese chunks [water, aged blue cheese (milk, cheese salt, enzymes), palm oil, sodium and calcium casenates, salt, lactic acid, cellulose gum, sodium phosphate, potassium sorbate (preservative), xanthan gum and",United States
"Sucre, pâte de cacao, sirop de glucose, cacao maigre, matière grasse de lait anhydre, émulsifiant : lécithine de tournesol, stabilisant : invertase, huile essentiel de menthe, acidifiant : acide citrique.",France
"@@ TEXAS BARBECUE SAUCE FLAVOUR SAVOURY INGREDiEt[TS: Dehydrated potatce;, Wheat starch, corn flour, barbecue sascniag (sugar, rusk {vheat}, flavourings, flavour enhancers (monosodium glutamate, diso$!um guarjlaÈ, disot$e,um inosina!e), tcmzto cn.:on gaffc colour {paprika extract), acids (citric acid, ecid), smoke flavoulings$ yeast extract), (E471), salt, co!cur Best before: see botton in a prctective atmosphere.",France
"Heavy cream, milk, contains less than 0.5% of: mono and diglycerides, polysorbate 80, carrageenan",United States
"Tomatoes with juice, water, chopped green chili peppers, salt, calcium chloride, citric acid, natural flavors, spices",United States
"Margarine (interesterified soybean oil, hydrogenated cottonseed oil, water, salt, mono- and diglycerides, soy lecithin, sodium benzoate as preservative, artificial flavor, beta carotene as color, vitamin a palmitate), brown sugar, raisins, rolled oats, sugar, rice flour, rice starch, eggs, food starch-modified, water, invert sugar, molasses, brown rice flour, salt, leavening (baking soda, sodium acid pyrophosphate, monocalcium phosphate), spice, natural flavors, maltodextrin, corn starch, glycerin, arabic gum, annatto (as color), turmeric (as color).",United States
"_almendra_, azúcar, agua, edulcorante (E420ii), _oblea_ y conservador (E-202). Contiene _frutos secos_, _gluten_ y _soja_.",Spain
"tomates 99%, sel. ",France
"Pepinillos, vinagre de vino y sal. Calibre: Grande.",Spain
"Tagliatelles cuites 37.5% (eau, semoule de _blé_ dur), eau, préparation à base de chair de colin d'Alaska 15.3% [chair de _colin_ d'Alaska 5.8%, eau, amidon de _blé_ et fécule de pomme de terre, _lait_ écrémé réhydraté, huile de colza, sucre, sel, arôme (_crustacés, mollusques, poissons_)], crevettes 6.4% (_crevettes_, sel), _crème_ fraîche 6%, carottes 3.3%, amidons de riz, vin blanc, huile de colza, courgettes 1.6%, concentré de tomates, _beurre_, vermouth Noilly Prat (_lait_), échalotes, arôme naturel (_poisson_, _lait_), ciboulette, gélatine de _poisson_, sel, jus de citron, paprika, poivre, piment. ",France
"Filtered water, concentrated apple juice, sugar, concentrated white grape juice, concentrated passion fruit juice, citric acid and natural flavor.",United States
"Mandarin oranges, water, sugar, citric acid.",United States
"Pasteurized goat milk, cranberry (sweetened), powdered cellulose, salt, cheese cultures, vegetal rennet, natamycin (natural yeast & mold inhibitor).",United States
"Water, mandarin juice from concentrate, sugar, orange juice from concentrate, clementine juice from concentrate, carbon dioxide, natural flavors, citric acid, black carrot (for color).",United States
"Potatoes, safflower and/or sunflower and/or canola oil, sea salt.","France,United States"
"Yellowfin tuna, water, carrots, onion, jalapeno pepper, soybean oil. vegetable broth (contains soy), salt, vinegar, sodium diacetate, natural flavoring, tomato).",United States
"Enriched wheat flour (wheat flour, niacin, reduced iron, thiamine mononitrate, riboflavin, folic acid), raspberry filling (water, high fructose corn syrup, sugar, raspberries, corn syrup, modified corn starch, natural flavors, cellulose gum, citric acid, potassium sorbate [preservative], salt, sodium citrate), margarine (palm oil, soybean oil, water, salt, contains less than 2% of: vegetable mono & diglycerides, soy lecithin, sodium benzoate [a preservative], citric acid, natural & artificial flavor, vitamin a palmitate added, beta carotene [color], whey, vitamin d), water, sugar, whole eggs, high fructose corn syrup, hydrated monoglyceride (water, monoglycerides), corn syrup, contains 2% or less of: yeast, salt, palm oil, microcrystalline cellulose, tapioca dextrin, sodium stearoyl lactylate, soybean oil, artificial flavor, casein, leavening (sodium bicarbonate, sodium acid pyrophosphate, monocalcium phosphate), cinnamon, agar, whey, modified corn starch, dextrose, egg whites, soy lecithin, artificial color, nonfat milk, ascorbic acid, potassium sorbate and calcium propionate(preservatives)",United States
"Tomate (170 g por 100 g de tomate frito), aceite de oliva virgen extra 3,5% (sofrito con cebolla y ajos frescos), azúcar, sal y fibra.",Spain
"Sucre, beurre de cacao, farine de _blé_, _lait_ écrémé en poudre, pâte de cacao, matière grasse végétale (palme), matière grasse de _lait_ anhydre, _petit-lait_ filtré en poudre, émulsifiant (lécithine de tournesol), arômes, sel, poudre à lever (carbonates de sodium)",France
"Dry roasted chickpeas, extra virgin olive oil, hawaiian sea salt, onion powder, garlic powder, herbs.",United States
"Water, tomato paste, brown sugar, corn syrup, molasses, vinegar, rochester sauce (distilled vinegar, corn syrup, water, salt, garlic powder, spices, tamarind, natural flavor), salt, natural smoke flavor, spice, dried onion & garlic, citric acid, paprika.",United States
"Corn syrup, yogurt flavored coating (sugar, palm kernel oil, yogurt powder [cultured whey protein concentrate, cultured skim milk, yogurt culture], nonfat dry milk solids, soy lecithin, natural flavor), whole rolled oats, rice flour, wheat flakes (wheat, salt, malt extract), canola and/or soybean oil, glycerin, sugar, almonds butter, honey, fructose, salt, molasses, dry malt extract (contains corn solids), calcium carbonate, soy lecithin, ascorbic acid, citric acid, rosemary extract, peanuts, cashews, natural flavor, color (betacarotene).",United States
"Peaches. water, corn syrup, sugar.",United States
"Cucumbers, water, salt distilled vinegar, sodium benzoate (to preserve freshness), natural flavor, yellow 5, potassium sorbate (to preserve freshness), calcium chloride.",United States
Ingredients:avocado leaves.,United States
"iuqour, Skimmed Milk Powder, Egg, 8% Butter Oil (Milk), Sugar, Dextrose, Syrup, Yeast, Salt, Flavouring, Wheat Gluten, Pea Protein, Devita/ised Î (Water, Wheat Flour), Emulsifiers: Mono- and Diglycerides of Fatty Acids, Stearoyl-2-Lactylate; Colour: Carotenes; Flour Treatment Agent'. Ascorbic Acid. &quot;alègens, including Cereals containing Gluten, see ingredients in bold. ccr.tain Nuts. Nutrition Information",France
"Canola oil, water, cane sugar, cabernet sauvignon vinegar, raspberry concentrate, lemon concentrate, salt, spices, gum (arabic, xanthan & guar), lemon oil.",United States
"Pois chiches secs trempés, eau, sel",France
"Peanuts, cashews, almonds, brazil nuts, hazelnuts, pecans, peanut and/or canola and/or cottonseed oil, sea salt.",United States
"Organic whole rolled oats, organic milled cane sugar, organic expeller pressed canola oil, organic rice flour, organic coconut, organic cornstarch, organic honey, natural flavor, salt, organic baobab fruit powder, organic barley malt syrup, organic almond",United States
"Dattes Nour 93%. eau 5%. sirop de glucose?fructosc 1.8%, anti-aggtomérant; glycérol. Peut contenir des sulfites. A conserver au frais et au sec et à l'abri de la lumière. A consommer rapidement après ouverture, A consommer de préférence avant te: voir sur le côté de la boîte Color SUN - Sentice Consommateur 16, rue Gaston Castel 13016 MARSEILLE",France
Framboises,France
"Composition Préparation de viande de dinde traitée en salaison reconstituée (58%), fourrée de sauce à la normande (22%), panée (20%) et cuite. Ingrédients (à la mise en oeuvre) : Préparation de viande de dinde 43%, sauce à la normande 22% (eau, dés de dinde traités en salaison 5% (viande de dinde 4%, eau, sel, sucr.e, arôme naturels, conservateur : nitrite de sodium, stabilisant : lactate de sodium, antioxydant : érythorbate de.sodium, gelifiant : arôme naturel gel), arômes nâüFël$fëbule de manioc, sG17ëïâSfssants : gommes de güar et de xanthane, épices), eau, farine de blé, chabëlure de blé, sel, fibres de blé, arômes naturels, levure, épices. Huile de toumesol. % exprimés sur le total de la recette. Fabriqué à partir de viaïde de dinde origine UE.",France
"Semoule de blé dur réhydratée 62%, poivrons 11%, tomates 6%, huile de colza, oignons, concombre 3%, vinaigre d'alcool, menthe douce 1%, raisins 1% (Raisin, huile de colza), persil 1%, huile d'olive vierge extra, sucre, sel, arômes naturels, épices, plantes aromatiques",France
"Cream and non fat milk, sugar, stabilizer (mono & diglycerides, guar gum, calcium sulfate, locust bean gum, carrageenan, caramel ribbon (corn syrup, sugar, water, evaporated milk, butter (cream, salt), partiallly hydrogenated soybean oil, nonfat dry milk,",United States
"Vegetable oil (soybean and/or cottonseed oil), water, vinegar, parmesan cheese (pasteurized part-skim milk, cheese cultures, salt, enzymes), sugar, salt, contains less than 2% of modified food starch, garlic juice, phosphoric acid, spice, xanthan gum, yea",United States
"tomates (42%), jus de tomate, eau, sucre, oignons, paprika (4%), vinaigre d'eau de vie, sel, amidon modifié, poudre de tomate, ail, concentré de jus de citron, piments jalapeños, acidifiant (acide acétique), antioxydant (acide ascorbique), arôme naturel.",Switzerland
Swai (pangasius hypophthalmus) (sodium tripolyphosphate added to retain moisture).,United States
"Unbleached enriched durum wheat semolina (durum wheat semolina, niacin, iron [ferrous lactate], thiamine mononitrate, riboflavin, folic acid), cage-free eggs.",United States
"Tomatenmark, Glukose-Fruktose-Sirup, Branntweinessig, Salz, modifizierte Stärke, Jalapeno Chili (1%), Paprika, Zwiebeln, Gewürze, Chili, Verdickungsmittel Guarkernmehl.",Germany
"_Cacahuètes_ 32%, _noix de cajou_ 24%, _noisettes_ pelliculées 21%, _amandes_ blanchies 19%, huile de tournesol, huile d'_arachide_,sel.",France
"Corn, water, salted butter (cream, salt), sugar, salt, modified corn starch, cultured dextrose, white pepper.",United States
Organic raw sunflower seeds.,United States
"Légumes 1 32% (poireau, oignon), sirop de glucose, sel, eau, épices et aromates : 7 .9% (persil, thym, feuille de laurier, noix de muscade, graines de céleri) matière grasse végétale, sucre, extrait de levure, sel minéral naturel* , épaississants : gomme xanthane et farine de graines de caroube, arômes. *Contenant moins de sodium que le sel de cuisine du fait de la présence naturelle de potassium.  ",France
café moulu,Belgium
"Natural* beef, sea salt, spices, organic honey, paprika for flavoring only, celery powder, dehydrated garlic.",United States
"Jalapeno pepper, water, distilled vinegar, salt, calcium chloride, sodium benzoate and sodium metabisulfite* (to preserve freshness), turmeric.",United States
"Enriched flour (wheat flour, niacin, reduced iron, thiamine mononitrate, riboflavin, folic acid), sugar, vegetable oil (contains one or more of the following: canola oil, corn oil, palm oil, soybean oil), corn syrup, rolled oats, high fructose corn syrup,",United States
"6X500mL WAN (Œp0RATE SERVICES) LTD - 15/F - 112 DES VŒUX ROAD CENTRAL - HONG KONG - TEL•. (852) 2805 2288. NATURAL WATER FORTIFIED GAS FROM THE AT PERRIER BY: N.w.s. 30310 .. FRANCE. BEST PACK STORE IN A COOL, DRY PLACE AWAY SUNLIGHT. BEST SERVED CHILLED.",France
"Crevettes d’élevage 90% : _Crevettes_ (Penaeus vannamei) cuites entièrement décortiquées, sel, ferment lactique (traces de _lait_), conservateur : _disulfite_ de sodium. Sauce 10% : Huile végétale, huile d'olive extra vierge, concentré d’herbes aromatiques, arôme naturel, extrait d'épice, flocons de tomates, plante aromatique, ail, purée de tomate, vinaigre de vin, extrait de basilic, sel.",France
"lait entier 38%, crème acidulée 26%, sucre, sirop de glucose-fructose, farine de blé, jus de limes 3%, protéines du lait, glucose, beurre 1.5%, jaune d'œuf, (d'e2levage en plein air suisse), inuline, farine de riz, amidon de riz, œuf entier (d'élevage en plein air suisse), fibres d'agrumes, arômes naturels, concentrés de légumes (fleur de carthame, algues), sel de cuisine, malt d'orge",Switzerland
"Corn flour, salt, spices (including chili pepper, cumin), onion, cheddar cheese (milk, cheese cultures, salt, enzymes), leavening (sodium acid pyrophosphate, sodium bicarbonate, corn starch, monocalcium phosphate), and garlic.",United States
"Rolled oats (may contains wheat or soy), honey, almonds (nut), soybean oil, brown sugar, raisins, sunflower seeds, sweetened dried cranberries (cranberries, sugar, sunflower oil), flaxseed, salt, natural flavors.",United States
"Contains 16 of these varieties: pinto beans, blackeye peas, barley, navy beans, large lima beans, small white beans, red kidney beans, baby lima beans, great northern beans, speckled lima beans, green baby lima beans, black turtle beans, whole green peas,",United States
Cabernet franc 100% (_sulfites_).,France
"carottes*, pommes de terre*, brocoli*, fromage blanc allégé*, oignons*, mozzarella* (5%), petits pois*, flocons de pommes de terre*, sauce de soja* (eau, fève de soja*, blé, sel de mer), sel de mer, épices* eau, farine de blé*, huile de tournesol*, sel de mer °présure microbienne *issus de l'agriculture biologique",France
"Organic pear puree, organic blueberry puree, water, whey protein isolate, organic spinach puree, organic apple fiber, citric acid, ascorbic acid (vitamin c).",United States
"Corn meal, soybean oil, whey powder, cheddar and blue cheese (pasteurized milk, salt, annatto extract, bacterial culture, chymosin b), corn flour, corn starch, maltodextrin, salt, butter, natural and artificial flavour, buttermilk powder, monosodium glutu",United States
"_Lait_ à 0,9 % de matière grasse (86,0 %), chocolat en poudre (5,5 %) (sucre, poudre de cacao), inuline, poudre de _lait_ écrémé, amidon de maïs, amidon modifié de tapioca, lactose (_lait_), fructose, glucose, gélifiant (carraghénanes), cacao maigre, arômes, correcteur d'acidité : E331(iii), édulcorants (acésulfame K, cyclamate de sodium, néohespéridine DC).",France
"pommes bio (70 %), purée de pêches bio (30 %)",France
"Ripe olives, water, salt, and ferrous gluconate (added to stabilize color).",United States
"graisse de coco totalement hydrogènée, graisse de coco",Switzerland
"Nonfat milk, cream, sugar, corn syrup, cocoa (processed with alkali), whey, margarine (palm oil, soybean oil, salt, mono & diglycerides, artificial flavor, annatto (color), vitamin a palminate added), enriched wheat flour (wheat flour, thiamine mononitrat",United States
"Farmed atlantic salmon, salt, sugar, soy sauce (water, wheat, soy beans, salt), cane sugar, water, fresh garlic, ginger, corn starch, tapioca starch, lemon juice concentrate, xanthan gum, white and black sesame seeds, hot smoked from hickory, maple, and/o",United States
Navy beans.,United States
Organic whole grain steel cut oats.,United States
"Sugar, enriched flour bleached (wheat flour, niacin, iron, thiamin mononitrate, riboflavin, folic acid), cream cheese flavored confectionery chips (sugar, palm kernel oil, skim milk, whey powder, milkfat, natural flavor, soy lecithin), water, palm oil, ca",United States
"Sucre de canne non raffiné, fruit, sirop de _blé_ (sauf pour abricot, griotte, fraise et framboise), agent gélifiant : pectine de fruits, jus concentré de citron (sauf pour griotte et framboise), acidifiant : tartrate de sodium.",France
Cauliflower.,United States
"Milk chocolate (sugar, milk, cocoa butter, chocolate liquor, soy lecithin - an emulsifier, vanillin - an artificial flavor), toasted coconut (contains sulfites), sugar, dextrose, coconut oil, salt.",United States
"White candy melts: sugar, partially hydrogenated palm kernel oil, titanium dioxide (color), whole milk solids, reduced mineral whey powder, nonfat dry milk solids, soy lecithin, salt, artificial flavor. orange triangles: dextrose, corn starch, dextrin, ma",United States
"Cooked enriched pasta (water, semolina [enriched with niacin, ferrous sulfate, thiamine mononitrate, riboflavin, folic acid], wheat gluten), water, cooked beef, petty crumble (beef, water, textured vegetable protein [soy protein concentrate, caramel color], soy sauce powder [soy sauce {fermented soybeans, wheat, salt}, maltodextrin], dehydrated onions, sugar, salt, soy protein isolate), sour cream (cultured milk, cream, whey, food starch-modified, sodium phosphate, guar gum, carrageenan, calcium sulfate, locust bean gum, potassium sorbate [preservative]), mushrooms, onions, less than 2% of red wine (with salt), half and half (milk and cream), margarine (liquid and hydrogenated soybean oil, water, salt, vegetable mono and diglycerides, soy lecithin, natural and artificial flavor, bha & bht added to protect flavor, vitamin a palmitate and vitamin d3 added), modified food starch, beef base (roasted beef and concentrated beef stock, salt, hydrolyzed soy, corn and wheat protein, corn oil, sugar, autolyzed yeast, flavoring, maltodextrin, whey, dextrose, caramel color), maltodextrin, sour cream type flavor (milk, cream, cheese cultures, salt, cheese whey, nonfat dry milk powder, natural flavor, lactic acid), worcestershire sauce (distilled vinegar, molasses, corn syrup, water, salt, caramel color, garlic powder, sugar, spices, anchovies, tamarind, natural flavor, sulfites added as preservatives), white distilled vinegar, caramel color, enriched flour (flour, niacin, thiamine mononitrate, riboflavin, folic acid), garlic (with water and citric acid), xanthan gum, brown gravy mix (artificial flavor, autolyzed yeast, natural flavors, partially hydrogenated soybean oil, corn syrup solids, salt, caramel color, beet powder, onion powder, sodium caseinate, garlic powder, mono and diglycerides, sodium citrate, spices and citric acid), salt, spice, vegetable flavor (autolyzed yeast extract, dextrose, maltodextrin, natural flavor, soybean and/or cottonseed oil, lactic acid, silicon dioxide, disodium inosinate and guanylate), parsley flakes.",United States
"Champignons de Paris 19.5%, viande de porc cuite 18.7%, polenta 17.5% (semoule de maïs, eau), carotte 14.2%, crème fraiche liquide (_lait_) 8%, oignon préfrit à l'huile de tournesol, eau, vin blanc, Saint-Nectaire (_lait_) 1.8%, fond de porc (viande de porc et jus de cuisson de viande de porc, oignon et jus de cuisson d'oignon, sel), concentré de tomates, échalote, sel, beurre (_lait_), _lait_ entier en poudre, amidon de maïs, huile de tournesol, paprika, piment doux fumé, poivre, thym, laurier.",France
"Pâtes aux œufs 48 % (semoule de blé dur, œufs), légumes : tomates 11 %, oignon frit (oignon, huile de tournesol, carotte, poireau, maltodextrine, amidon, arômes (céleri), viande de bœuf 3%, sucre, sel, extrait de levure, huile de tournesol, épaississant : gomme guar, persil, blanc d’œuf, protéines de lait, épices, émulsifiant : E471, antioxygènes : E306, E304.",France
"Bun: enriched bleached wheat flour (wheat flour, malted barley flour, niacin, reduced iron, thiamine mononitrate, riboflavin, folic acid), water, high fructose corn syrup, yeast, soybean oil, contains 2% or less of the following: sesame seeds, salt, dough",United States
DECLARATION NUTRITIONNELLE valeurs nutritionnoiles pour 'YOOE i 606 kJ/ 387,France
Green leaf lettuce.,United States
"Watermelon, pineapple, blueberries.",United States
"Enriched bleached wheat flour (wheat & malt barley flour, niacin, iron, thiamine mononitrate, riboflavin, folic acid), onion, salt, red and green bell pepper, soybean oil, whet flour, celery, monosodium glutamate (flavor enhancer), garlic, spices (including red pepper), yeast extract, soy sauce (hydrolyzed soy protein, corn syrup solids, salt), and green onion.",United States
"entiers frais, huile et colza), poudre de lait de blé, arôme naturel, E472e), levure désactivée, Valeurs nutritionnelles de moyennes pour 100g . Energie 1351kJ/321kcal",France
"Unbleached unenriched flour (wheat flour, malted barley flour), water, salt, acerola extract (natural source of vitamin c, maltodextrin derived from potato), enzymes, yeast, malt (malted barley, wheat flour, dextrose).",United States
"Strained yogurt [grade a pasteurized milk and cream, live active yogurt cultures (l. bulgaricus, s.thermophilus, l. acidophilus bifidus, l.casei)], water, cane sugar, coconut, corn starch, contains 2% or less of: natural flavor, pectin, lemon juice.",United States
Jus de pomme reinette 100 %.,France
"Soybean oil, water, palm oil, palm kernel oil, buttermilk, contains less than 2% of salt, monoglycerides (emulsifier), soy lecithin, potassium sorbate (preservative), lactic acid, natural and artificial flavor, vitamin a palmitate, beta carotene (color).",United States
"Cured with: water, salt, dextrose, potassium lactate, sodium phosphate, sodium diacetate, sodium erythorbate, sodium nitrite.",United States
"Made from pasteurized milk, cheese culture, salt, enzymes and annatto (if colored).",United States
"Farine d'épeautre* 59%, beurre* 16%, sucre de canne brut*, miel*, lait entier*, malt d'orge*, poudre à lever: carbonate acide d'ammonium, sel marin, gousse de vanille Bourbon* moulue *de l'agriculture biologique Peut contenir des traces de soja, amande, noisette, noix, noix de cajou, noix du Brésil et sésame.",Switzerland
"Sugar, dextrose, hydrogenated palm kernel oil, reduced protein whey (milk), cocoa, corn syrup, lecithin (soy), natural and artificial flavors, tapioca dextrin, carnauba wax, salt, hpmc, bees wax, mica based pearlescent pigment, colors (red 3, titanium dio",United States
Organic butternut squash.,United States
Zanahoria.  ,Spain
"Enriched flour (wheat flour, niacin, reduced iron, thiamin mononitrate, riboflavin, folic acid), sugar, vegetable oil (contains one or more of the following: canola oil, corn oil, palm oil, soybean oil), rolled oats, corn syrup, high fructose corn syrup,",United States
"Gluten free fusilli pasta (water, brown rice flour, potato starch, tapioca starch, egg whites, salt, xanthan gum), grilled seasoned white meat chicken (chicken white meat, water, potato starch, sea salt), water, cream, spinach, fire-roasted tomatoes, parm",United States
"Fruta en proporción variable (naranja, calabaza, melocotón, pera, manzana y cereza, azúcar, jarabe de glucosa y fructosa, acidulante: E-330, conservantes: E-202, E-211, _metabisulfito sódico_ y colorante: E-127) y cobertura de chocolate (azúcar, pasta de cacao, manteca de cacao, cacao desgrasado en polvo, emulgente: lecitina (girasol, _soja_, E-476) y aromas vainilla y vainillina. Cacao: 60% mínimo).",Spain
"Premium northwest blueberries, water, sugar and lemon juice.",United States
"pain polaire 48% ( farine de blé, eau,farine de seigle, sucre, levure, huile de colza, sel, levain de, seigle dévitalisé, _gluten_ de blé) - filet de poulet traité en salaison rôti 18% (filet de poulet, dextrose, sel, antioxydant, citrate de sodium) - sauce [courgette 6,9%, mayonnaise allégée en matière grasse  huile de colza, jaune d’œuf amidon transformé, moutarde   (eau, graines et _moutarde_, vinaigre d’alcool, sel), vinaigre d'alcool, sucre, sel, épaississant : gomme guar, arôme naturel de moutarde, épice), fromage frais, fromage blanc, crème fraîche, échalote, moutarde (graines de moutarde, vinaigre d'alcool, eau, sel ciboulette, amidon transformé, sel] - bacon fume cuit 6% poitrine de porc, eau, dextrose, poudre de jus de blette, arômes naturels, sel, carottes déshydratées, ferments) - jeune pousse d épinard 4,8% — _beurre_.",France
"sucre, acidifiant : acide citrique, extrait de thé noir déshydraté 1.5%, antiagglomérant : E552, arôme naturel.",Switzerland
Organic extra virgin coconut oil,United States
"mulberries?0, baies de cranberries? (cranberries?, Jus de pomme ? concentré, huile de tournesol'), baies des incas?, myrtilles? (myrtilles?, sucre'. huile de tournesol*), airelles? (airelles?, sucre ? huile de tourneso!t). Oingtédient issu du commerce équitable. des ingrédients d'origine agricole sont issus du commerce équitable. Commerce Equitable contrôlé par Ecocert environnement selon te référentiel ESR disponible sur www.ecocert.com Filière",France
"Cherries, sugar, partially hydrogenated palm kernal oil, nonofat milk powder, yogurt powder, titanium dioxide, lactic acid, lecithin added as a emulsifier and vanillin.",United States
"Organic mango, water.",United States
"Tapioca starch, whole grain brown rice flour, whole grain sorghum flour, potato starch, flax seed meal, sesame seeds, organic cane sugar, sunflower seeds, sea salt, xanthan gum, yeast packet.",United States
"Chocolate coating (whey protein concentrate, palm kernel oil, maltitol, cocoa powder, sugar, soy lecithin (an emulsified), vanilla), supreme protein blend (whey protein isolate, whey protein concentrate, milk protein isolate), peanuts, peanut butter (peanuts, salt), powdered sugar, maltodextrin, water, protein crisps (isolated soy protein, tapioca starch, salt), hydrolyzed collagen, soy lecithin (an emulsifier), vitamin mix (dicalcium phosphate, magnesium phosphate, dl-al-dha-tocopherol acetate, ascorbic acid, copper gluconate, niacinamide, vitamin a palmitate, ferric orthophosphate, biotin, zinc oxide, pyridoxine hydrochloride, cyanocobalamin, folic acid, manganese sulfate, calcium d-pantothenate, riboflavin, sodium selenite), salt, potassium sorbate (a preservative), wheat protein isolate, almond butter (dry roasted almonds).",United States
"eaux 4e noix ACP &quot;NC} du Périgûd&quot; Récolte 2013 Origine Franoe 667 t 242&lt;306 A de pretérf4i.ê asant ln : 01/2018 LOT NO 012 17 Callépe Emb : • , A",France
"eau, huile de colza, vinaigre de table aux herbes ( vinaigre de table, extraits d'herbes aromatiques, sel comestible iodé), moutarde, jaune d'œuf pasteurisé, sel comestible iodé, sucre, condiment en poudre ( exhausteurs de goût E 621), céleri), jus de citron, herbes aromatiques, exhausteurs de goût E 621, oignon granuleéé, condiment (soja), épaississant E 415, arôme, conservateur E 202",Switzerland
"Tripes et pieds de boeuf 55%, oignons, saindoux, eau filtrée, _beurre_, sel de Guérande 0.8%, caramel (sucre, eau filtrée), arôme naturel, poivre ",France
Poireaux en rondelles bio surgelés.,France
"Vegetable oil blend (palm oil, soybean oil, palm kernel oil), water, contains less than 2% of whey solids, salt, natural and artificial flavors (includes milk), soy lecithin, vegetable mono and diglycerides, potassium sorbate (a preservative), citric acid",United States
"Coconut water, orange juice from concentrate (water, orange juice concentrate), palm sugar, mango puree, ascorbic acid (vitamin c), natural mango and natural orange flavors.",United States
"Water, erythritol, stevia extract, natural flavors, malic acid, sodium benzoate (preservative), potassium sorbate (preservative).",United States
Tilapia (oreochromis niloticus).,United States
"Sirop d'agave bio (Mexique). Sirop d'agave: certifié Fairtrade et cultivé par des producteurs Fairtrade, 100% du poids total.","France,Switzerland"
"Water, beans, beef fat, textured soy protein (soy flour, caramel color), modified food starch, tomato paste, spices, salt, onion powder, caramel coloring.",United States
"Enriched wheat flour (enriched with niacin, redued iron, thiamin mononitrate, riboflavin, folic acid), sunflower oil, sugar, yeast, salt, corn oil with vitamin e and rosemary extract, seasoning, maltodextrin, salt, onion powder, sugar, dehydrated parsley,",United States
Lait Entier 100% ,"Belgium,France"
"Tomatoes, filtered water, tomato juice, tomato paste, jalapeno, onion, salt, garlic, cilantro, distilled white vinegar, xanthan, apple cider vinegar, calcium chloride, citric acid.",United States
"Salt, sugar, monosodium glutamate, anistar.",United States
"Wheat Flour, Raspberry jam (19%) [Raspberries (43%),Glucose - Fructose Syrup, Sugar, Acidity Regulator (330,331), Gelling Agent (440)], Vegetable Oil (Palm), Sugar, water, Whole Egg, Vegetable Margarine (Palm) (Emulsifier 441)), Yeast, Salt, Emulsifiers (471, 322), Acldity Regulator (341), Raising Agent (500), Natural Flavour, Spices. CONTAINS: WHEAT, EGG",Australia
"Enriched flour (wheat flour, malted barley flour, niacin, reduced iron, thiamine mononitrate, riboflavin and folic acid), sugar, vegetable shortening (palm oil and soybean oil), margarine [soybean oil, palm oil, water, salt, mono and diglycerides, soy lec",United States
"Water, milk protein concentrate, whey protein isolate, cream, key lime puree, concentrated lime juice, tricalcium phosphate, modified corn starch, natural flavor, sodium citrate, turmeric (for color) gelatin, citric acid, salt, pectin, agar, cultured dext",United States
"Turkey breast, water, corn syrup, modified food starch contains 2% or less of: salt, turkey broth, flavorings, dextrose, potassium lactate, sodium lactate, sodium phosphates, sodium diacetate, cultured corn syrup solids, coated with caramel color.",United States
"Enriched bleached flour (bleached wheat flour, niacin, reduced iron, thiamine mononitrate, riboflavin, folic acid), sugar, high fructose corn syrup, palm oil, cocoa [processed with alkali], corn syrup, contains 2% or less of mono and diglycerides, baking",United States
"Artichoke hearts, water, salt, citric acid.",United States
"Farine de _blé_ (48%), sucre, huiles végétales (palme et/ou colza), _amandes_ 4%, amidon de _blé_, blanc d'_oeufs_, sel, arômes (moka, vanilline), poudre à lever : carbonates de sodium.",France
"Sucre, sirop de glucose, amidon modifié, acidifiants (acide citrique, acide malique), correcteur d'acidité (malates de sodium), arômes, colorants (E100, E120, E131, E153, E160c, E163), huile végétale de coprah, agents d'enrobage (cire de carnauba, cire d'abeille), amidon de _blé_.",France
"riz (precuit 65%), feuilles de vigne (15%), huile de soja (10%), eau, oignons, sel, aneth, menthe, poivre noir, agent d'acidification: acide citrique",Switzerland
"Chocolate liquor, sugar, cocoa butter, butter oil, soy lecithin, natural vanilla flavor.",United States
"Milk chocolate [sugar, milk, cocoa butter, chocolate, soya lecithin (emulsifier), barley malt powder, vanillin (artificial flavoring)], vegetable oil (coconut, palm kernel), sugar, cocoa butter, milk, skim milk, soya lecithin (emulsifier), artificial flav",United States
"Eau, sucre, farine de blé (_gluten_), rhum 5,9%, lactose (_lait_) et protéines de _lait_, arôme naturel de vanille 0,6%, _œuf_ entier en poudre.",France
"eau, malt d'_orge_, sucre, sirop de glucose, extraits de houblon, colorant (caramel E150c)",France
"jus de framboise, sucre, gélifiant : pectine de fruit, jus de citron concentrée",France
"Salt, sodium thiosulfate, potassium iodide, yellow prusiate of soda (anticaking).",United States
"Farine de _blé_, sucre, fourrage cacao 16% (sucre, sirop de glucose-fructose, poudre de cacao dégraissé, huile végétale non hydrogénée de tournesol), dextrose, graisse végétale non hydrogénée (palme), petit-_lait_, lécithine de _soja_, conservateur (E202), arôme (vanilline), _oeuf_, huile végétale non hydrogénée (tournesol, _soja_, en proportion variable), sirop de glucose-fructose, concentré de cacao 2% (sirop de glucose, E172, E153, poudre de cacao dégraissé, arôme, E260), poudre à lever (E500(ii), E450(i)), stabilisants (E422: glycérol, E420:sorbitol), conservateur (E200 : acide sorbique), arôme (chocolat).",France
"Dextrose, brown sugar, wheat flour, balsamic vinegar powder (with molasses), natural flavors (burgundy wine, butter flavor, annatto, turmeric), modified corn starch, salt, hydrolyzed soy protein and corn gluten (lactic acid), dehydrated tomato, caramel color, beef stock, whey, beef fat, dehydrated onion and garlic, autolyzed yeast extract, malt extract (barley), torula yeast, beef extract, honey solids (with wheat starch, hydroxylated soy lecithin), malic acid, spices, beet powder, maltodextrin, disodium inosinate, disodium guanylate, monosodium phosphate, disodium phosphate.",United States
"selon les variétés: sucre, beurre de cacao, pâte de cacao, crème en poudre, amandes hachées, graisses végétales (karité, palme), lait entier en poudre, produit à base de lactosérum, lactose, cacao maigre, lait écrémé en poudre, graisse butyrique (lait), fructose, café, émulsifiant: lécithines (soja), sirop de glucose, sirop de sucre inverti, babeurre en poudre, dextrose, arômes, sel. Chocolat au lait café et chocolat blanc, cacao: 33 % minimum dans le chocolat au lait café, 28 % minimum dans le chocolat blanc. Chocolat fourré à la mousse au cacao, cacao: 50 % minimum dans le chocolat. Chocolat amer à la crème, cacao: 45 % minimum dans le chocolat. Chocolat fourré massepain, cacao: 50% minimum dans le chocolat. Toutes les variétés peuvent aussi contenir des traces d'arachides, de noisettes, d'amandes, d'autres fruits à coque (dure) et d'oeuf.",France
"Water, clam meat*, bread crumbs (enriched wheat flour (flour, malted barley flour, reduced iron, niacin, thiamine mononitrate, riboflavin, folic acid), water, yeast, partially hydrogenated soybean oil, salt. contains 2% or less of the following: dough conditioners (sodium stearoyl lactylate, ammonium sulfate, calcium sulfate, l-cysteine hydrochloride, enzymes, ascorbic acid), corn flour, calcium propionate, sesame seeds, poppy seeds, dried onion, egg solids), textured soy protein (soy flour), canola oil, celery, red & green bell peppers, salt, garlic, hydrolyzed corn and soy protein, spices, onion, natural butter flavor (maltodextrin, salt, starter distillate, paprika and turmeric), citric acid, parsley and paprika.",United States
"Purified water, cane sugar, citric acid, artificial colors (contains fd&c yellow no. 6 and fd&c caramel color) artificial apple flavor, vitamin c, and 0.04% sodium benzoate and potassium sorbate (as preservatives).",United States
"Pumpkin seeds, cottonseed peanut and/or canola oil, sea salt.",United States
"Pork, water, gouda cheese (cultured pasteurized milk, salt, enzymes, annatto color, powdered cellulose), dried apples, salt, sugar, spices, sodium ascorbate, sodium nitrite.",United States
"Poivron du sud-ouest 65%, concentré de tomate 28%, huile d'olive vierge extra extraite à froid, oignon, moutarde de Dijon (vinaigre d'alcool, graines de moutarde, eau, sel marin), ail, sel marin non raffiné de l'Atlantique, paprika, thym.",France
"_Lait_ entier, sucre, fruits : mangue 12% ou framboise ou abricot 9% ou cerise 9%, _lait_ écrémé en poudre, ferments lactiques, épaississants du fruit : E440, E407, E415, colorant sureau, arômes.",France
"Grape juice from concentrate (filtered water, grape juice concentrate), grape juice, citric acid (for tartness).",United States
"pâte de cacao, sucre, beurre de cacao, émulsifiant : lécithine de soja, huile essentielle de yuzu, vanille en gousse. Fabriqué dans un atelier utilisant d'autres fruits à coques, du lait, gluten et du sésame.",France
"_Lait_ écrémé réhydraté, sucre, huiles végétales (coco, palme, tournesol), farine de _blé_, sirop de glucose-fructose, cacao maigre en poudre, pâte de cacao, _lactose_ et protéines de _lait_, cacao en poudre, _lait_ écrémé en poudre ou concentré, amidon de _blé_, _beurre_ concentré, amidon de pomme de terre, émulsifiants (mono- et diglycérides d'acides gras, phosphatides d'ammonium, lécithine de tournesol), _lait_ écrémé en poudre, beurre de cacao, fibres de _blé_, stabilisants (carraghénanes, farine de graines de caroube, gomme guar, alginate de sodium), arômes, sel, sirop de glucose, _œuf_ en poudre, colorant (charbon végétal), correcteur d'acidité (acide citrique).",France
"Carbonated water, high fructose corn syrup, citric acid, sodium citrate, salt, caffeine, gum acacia, potassium benzoate (preservative), natural & artificial flavor, niacinamide (niacin), ester gum, panax ginseng root extract, d-calcium pantothenate (panto",United States
"Whole grain rolled oats, salt, natural flavor, caramel color, guar gum, sucralose (splenda brand), vitamins and minerals: calcium carbonate (a source of calcium), niacinamide*, reduced iron, vitamin a palmitate, pyridoxine hydrochloride*, riboflavin*, thiamin mononitrte*, folic acid*, vitamin d.",United States
"eau, farine de moutarde, vinaigre de table, sel de cuisine, épices, extrait d'épices",Switzerland
"Lait écrémé, maltodextrines, matières grasses végétales (colza, tournesol), lactose (lait), minéraux (phosphate tricalcique, hydroxyde de potassium, sulfate ferreux, sulfate de zinc, sélénite de sodium, sulfate de cuivre, iodure de potassium. chlorure de potassium, sulfate de magnésium. sulfate de manganèse), émulsiﬁant (lécithine de soja), vitamines (C, A, P903, 85, 82. Bl, K1, 86, 89, ,  H, B12), antioxydant (tocophérols).  ",France
"Skim milk, cream, contains 2% or less of each of the following: whey protein, natural and artificial flavors, color added, palm oil, dipotassium phosphate, potassium citrate, carrageenan.",United States
"viande de porc, sel de mer, sucres (dextrose, saccharose), épices et plantes aromatiques, conservateur : nitrate de potassium, ferments, boyau naturel de porc (200g de viande de porc ont été utilisés pour fabriquer 100 g de saucisse sèche).",France
"Tomatoes, fresh jalapeno peppers, vinegar, salt, fresh garlic, spices.",United States
"Sugar, partially hydrogenated oils (palm kernel, coconut, palm), cocoa processed with alkali, distilled monoglycerides, soy lecithin, whey, natural and artificial flavor, water, enriched bleached wheat flour (flour, reduced iron, ""b"" vitamins [niacin, thi",United States
"Jus d'orange* 51%, de clémentine* 42% et de pamplemousse blanc* 7%. * issu de l'agriculture biologique.",France
"Vine Fruits 36% (sultanas, currants and raisins), demerara sugar, FORTIFIED WHEAT FLOUR (wheat flour, calcium carbonate, iron, niacin, thiamin), cider 9%, palm oil, Cognac 5%, GLACE CHERRIES (black cherries, wheat glucose-fructose syrup, acidity regulator citric acid), fortified wine, almonds, water, orange juice from concentrate, walnuts, orange peel, molasses, corn glucose syrup, mixed spice, sugar, salt, yeast, sea salt, orange oil, lemon juice",United Kingdom
"Poulet (28,7 %) (poulet 87,8 %, eau, épices (dont curry 0,1 %) (contient _moutarde_), arômes, sucre), riz précuit (25,5 %), eau, tomates (10,8 %), ananas (5,7 %), oignons (oignons, huile de cola), épices (dont curry 0,3 %) (contient _moutarde_), amidon de maïs, gingembre (1,1 %), bouillon de volaille (sel, arômes, maltodextrine, graisse de poule, amidon de maïs, épices), fibres solubles de maïs, huile de colza.",France
"Enriched bleached wheat flour (ferrous sulfate (iron), niacin, thiamine hydrochloride (b1), riboflavin, folic acid), water, corn syrup, soybean oil, yeast, salt, sough conditioners (mono-diglycerides, ethoxylated mono-diglycerides), calcium propionate (a",United States
"Semisweet chocolate (sugar, cocoa mass, cocoa butter, lecithin as emulsifier (soy), vanillin: as artificial flavor), sugar, vegetable oils (palm and sunflower), cocoa powder, hazelnuts, whey powder (milk), wheat flour, milk chocolate (sugar, cocoa butter,",United States
"Sugar, enriched bleached flour (wheat flour, niacin, reduced iron, thiamin mononitrate [vitamin b1], riboflavin [vitamin b2], folic acid), soybean oil, margarine (palm oil, water, soybean oil, salt, mono- & diglycerides, artificial flavor, calcium disodiu",United States
"Pomme de terre déshydratée 47% (dont conservateur: _disulfite de sodium_), huile de tournesol, amidons de _blé_ et pomme de terre, sirop de glucose, assaisonnement goût bacon (maltodextrine, dextrose, sel, arômes et arômes de fumée, épice et aromates, chlorure de potassium, colorant: extrait de paprika), huile de colza, émulsifiant: E471, sel.",France
"farine de _blé_, _œufs_ frais, sucre, _beurre_ concentré (dont _lait_) 11.4% (soit 14% beurre reconstitué), eau, levain (farine de _blé_, eau, sel), sirop de sucre inverti, rhum (dont gélifiant: cellulose), levure, sel, arôme naturel de fleur d'oranger et de vanille, épaississant: farine de graine de caroube",France
"Bleached enriched flour (bleached wheat flour, malted barley flour, niacin, reduced iron, potassium bromate, thiamine mononitrate riboflavin, folic acid), whole wheat flour, water, partially hydrogenated soybean oil, salt, baking powder (sodium bicarbonat",United States
"farine de riz 90%, eau 10%",France
"Cream cheese (pasteurized cultured milk, cream salt, with carob, guar, xanthan and locust bean gums), tomatoes, sugar, distilled vinegar, jalapeno peppers, bell peppers, onions, sorbic acid added as a preservative, spices, salt, pectin, guar and xanthan g",United States
"Filtered water sugar, high fructose corn syrup, white grape juice concentrate white cranberry juice concentrate strwberry juice concentrate natural flavores ascorbic acid (vitamin c). citric acid red 40)",United States
"Orange juice from concentrate (water and concentrated orange juice), tricalcium citrate (calcium source), vitamin d3.",United States
"Wheat bread (enriched wheat flour (wheat flour, barley malt, niacin, iron, thiamin mononitrate, riboflavin, folic acid) water, whole wheat flour, high fructose corn syrup, contains 2% or less of the following: yeast, wheat gluten, soybean oil salt, dough conditioners (monoglycerides, sodium stearoyl lactylate, datem, ascorbic acid, calcium peroxide, azodicarbonamide), yeast nutrients (monocalcium phosphate, calcium sulfate, ammonium sulfate), calcium propionate (mold inhibitor), potassium sorbate ( to preserve freshness)), tuna (light tuna, vegetable broth, water, and salt), salad dressing (soybean oil, water, high fructose corn syrup, distilled vinegar, egg yolk, modified corn starch, contains less than 2% salt, cider vinegar, spice, paprika and paprika extract (soy), calcium disodium edta (to preserve freshness)), mayonnaise (soybean oil. water, corn syrup egg yolk, distilled vinegar, contains less than 2% spice, salt, calcium disodium edta (to preserve freshness)), celery, onion, modified food starch, salt, sodium benzoate (to preserve freshness), potassium sorbate (to preserve freshness), spice.",United States
"Huile de tournesol 68%, eau, huile de palme, sel de cuisine 1.2%, émulsifiants: E471, E472c et E492, conservateur: E202, antioxydant: E306, acidifiant: acide citrique, arôme, colorant: bêta-carotène.",Switzerland
"Crystal clear carbonated water, high fructose corn syrup, citric acid, natural flavors, sodium benzoate (a preservative), modified food starch, glycerol ester of wood rosin, brominated vegetable oil, and artificial color (yellow #5).",United States
"Zucker, Wasser, Rapsöl, 13% kakaohaltige Fettglasur (Zucker, Palmfett, Rapsöl, fettarmes Kakaopulver, _Vollmilchpulver_, Emulgator: Lecithine), 6% Schokoladenstreusel (Zucker, Kakaomasse, Kakaobutter, fettarmes Kakaopulver, Emulgator: Lecithine), _Weizenmehl_, 4% Schokolade (Zucker, Kakaomasse, fettarmes Kakaopulver, natürliches Vanillearoma), 2,9% fettarmes Kakaopulver, _Weizenstärke_, _Volleipulver_, modifizierte Stärke, _Weizengrieß_, Backtriebmittel: Calciumphosphate, Diphosphate, Natriumcarbonate; _Süßmolkenpulver_, Speisesalz, _Weizenquellmehl_, Emulgatoren: Mono- und Diglyceride von Speisefettfsäuren, E481, E475.",Germany
"Filtered water, cooked chicken meat (chicken meat, water, potato starch, sea salt), organic carrots, organic peas, organic corn starch and/or organic potato starch, dumplings (organic semolina [wheat], organic egg whites), organic cream (milk), organic chicken broth concentrate (organic chicken broth [organic chicken stock, sea salt], organic chicken flavor [organic chicken flavor, sea salt], organic chicken fat, sea salt, yeast extract, organic vegetable flavoring [organic carrot, organic onion, organic vegetables [organic celery, organic carrot, organic onion], organic tomato paste, organic turmeric, organic carrot powder, organic onion powder, organic potato flour, flavor, organic canola oil, organic flavor), natural flavors, sea salt, organic garlic powder, organic onion powder, organic spices, organic turmeric.",United States
"organic whole spelt flour, water. Contains gluten. Ingrédients farine complète d'épautre biologique, eau. Contient du gluten. lutaten Bio-Vollkorn Emmergriess, Wasser. Enthàlt Gluten. Ingredientes: harint integral ecolégica de espelta, agua. Contiene gluten. Ingredientes: farinha integral orgânica de espelta, égua. Contém glüten. J/HrpeaneHTbl: praHhK MYKa cnenbTbl UUlbH03ePHOBaq, Bona. COAePhKhT rmoreH. Skkadniki: organiczny orkisz maka, woda. Zawiera gluten. Ingredienser: Ekologiskt dinkelmjôl fullkorn, vatten. Innehàller gluten. Ingrediënten: biologische Nolkoren speltmeel. water. Bevat gluten. Da consumarsi preferibilmente entro il: - COflS0mrner de préférence avant le: - Mindestens haltbar bis: -yp): - À onsumir preferentemente antes del: - Consumir de preferência antes de: - - Najlepiej spoiyé przed: - Bast fôre: - Ten minste houdbaar o ?",France
"Chick peas, water, tahini (sesame seeds), high oleic sunflower oil, salt, dried garlic, citric acid, contains less than 0.5% of spice, sorbic acid as a preservative, guar gum.",United States
"Peanuts*, dates*, agave nectar*, chocolate chunks*+ (cane sugar*, chocolate liquor*, cocoa butter*, soy lecithin*, vanilla extract*), chia seeds*, sprouted flax seed powder*, sea salt.",United States
"Enriched flour (wheat flour, malted barley flour, niacin, reduced iron, thiamin mononitrate, riboflavin, folic acid), water, high fructose corn syrup, contains 2% or less of the following: yeast, salt, soybean oil, potato flour, soy protein concentrate, m",United States
"Wine vinegar, concentrated grape must, caramel, antioxidant.",United States
"Corn syrup, sugar, water, gelatin, citric acid, natural and artificial flavors, pectin (derived from fruit), vegetable oil (palm) and carnauba leaf wax (to prevent sticking), fd&c red 40.",United States
"Camomille, anis vert.",France
"Strained yogurt: pasteurized skim milk, live active cultures (l. bulgaricus, s. thermophiles, l. acidophilus, b. lactis) fruit & chia base: hydrated chia (water, chia seeds), strawberries, pure cane sugar, natural flavors, purple carrot extract, citric ac",United States
"Pulpa de membrillo, azúcar, jarabe de glucosa y fructosa, espesante: carragenato (E-407); acidulante: ácido cítrico (E-330) y conservador: benzoato sódico (E-211).",Spain
"Chips (Concentré De Protéine De %ja, Amidon De Tapioca Et De Pomme De Terre, Fibres (Soja), Flocons De Pomme De Terre, Sel, Lécithine De Huile De Tournesol, Arômes (Lait), Protéine De Lait.",France
100% paprika doux.,France
"Miel (96%), gelée royale (4% soit 10 g)",France
"Cream, skim milk, salt, cheese culture.",United States
"Краве мляко, Мляко на прах, Закваска",Bulgaria
"SPÉCIALITÉ CULINAIRE AUX TOMATES hn;rédients : crème légère 92%, concentré de tomate 2,5%, ferments epaississants : carraghénanes et farine de graines de caroube, oignon, ail, herbes méditerranéennes 0,24%, poivre, paprika, conservateur : sorbate de potassium CULINAIRE EN Ingrediénten: verdunde room 92%, tomatenconcentraat 2,5%, zuursel (lactose) zout -i. -Affdikkingsmiddelen: carrageen en johannesbroodpitmeel, ui, aromatische kruiden 024%, peper, paprikapoeder, conserveermiddel kaliumsorbaat À consommer dans les 10 jours après ouverture/ Na openen binnen 10 dagen consumeren, au froid entre : / Koet bewaren tussen: +20C 1+601 A consommer de préférence avant le : voir pot / Ten minste houdbaar tot zie pot Bel Consumer Service•BP 29208 75361 Paris Cedex 08 -France, www.bel-group.com www.boursin.com",France
"Natural cheddar and monterey jack cheese made from pasteurized cultured milk, salt, enzymes, annatto color.",United States
Riz long grain étuvé.,France
"Légumes (légumes verts 50%** (haricots verts, petits pois, flageolets), carottes, navets), eau, sel. ** % rapporté au poids de légumes",France
"_Sésame_ 60%, miel 40%",France
"Pasteurized goat milk. kalamata olives, olive oil, anchovies, garlic, organic lemon juice, bacterial culture, sea salt, rennet.",United States
"Epeautret (48,75%), riz connpletl (2SQ)é), maist (2096), quinoa' sel de mer (02596). Peut contenir des traces de sésame, du lait. de l'agriculture biologique",France
"Vinaigre de vin rouge (dont _sulfites_), stabilisant : E414, conservateur : E224 (_sulfites_).",France
"Pasteurized cultured milk, salt, microbial enzymes.",United States
"Biscuit (56%) : Farine de _blé_, sucre de canne, BEURRE concentre, _oeufs_ frais, huile de colza, LAIT entier en poudre, sel, poudre à lever: Carbonates de sodium. Nappage (44%) : caramel au beurre salé 02%* (sirop de glucose-fructose, LAIT concentré sucré, humectant : glycérol, BEURRE salé 15,2% (beurre 14,5%, sel 0,73%), sucre, caramel aromatique, arômes, gélifiant : pectines de fruits, acidifiant : acide citrique), chocolat au lait 34% (sucre, beurre de cacao, poudre de _lait_ entier, pâte de cacao, émulsifiant : lécithine de _soja_, arôme naturel de vanille), graisse de coprah non hydrogénée.",France
"Dark chocolate (sugar, chocolate liquor, cocoa butter, anhydrous milk fat, soy lecithin [an emulsifier], vanilla), cashews, cottonseed and peanut oils, sugar, corn syrup, gum arabic, confectioner's glaze.",United States
"Wasser, Bier (Wasser, _Gerstenmalz_, Hopfen), Zucker, Zitronensaft (0,5%), Kohlensäure, Farbstoff E150c, Säuerungsmittel E338, Antioxidationsmittel Ascorbinsäure, Aroma Koffein, Aroma",Germany
"lait à 2% de matière grasse*, sucre de canne non raffiné* (9%), lait écrémé en poudre*, arôme naturel de vanille* (1,6%), ferments lactiques sélectionnés dont Bifidus. - *Issus de l'agriculture biologique.",France
"Beef, water, corn syrup, contains 2% or less: salt, potassium lactate, flavor, dextrose, sodium phosphate, paprika, sodium diacetate, monosodium glutamate, sodium erythorbate, sodium nitrite.",United States
"Ground organic yellow corn, organic vegetable oil (contains organic sunflower and/or organic safflower oil), and sea salt.",United States
"Certified gluten-free oat flour, organic cane sugar*, chocolate chips (cane sugar, chocolate liquor, cocoa butter, soy lecithin, vanilla beans), cocoa powder, organic ground flax seed**, coffee powder, baking soda and sea salt.",United States
"Ingredients: peanuts. vegetable oil (may contain one or more of the following: safflower, rice, peanut and/or sunflower oil), seasoning (salt, paprika, dextrose, monosodium glutamate, spices, onion powder, garlic powder, oleoresin of paprika (natural color), natural flavors, citric acid).",United States
"Soymilk (filtered water, whole soybeans), cane sugar, cocoa (dutch process), guar gum, sea salt, natural flavor, xanthan gum. vitamins & minerals: calcium carbonate, vitamin a palmitate, vitamin d2, riboflavin (b2), vitamin b12.",United States
"Sel fin, antiagglomérant E536.",France
"Mper•pu1Cg, lettKlUtùesyasse",France
"Dark chocolate almonds (dark chocolate [sugar, chocolate liquor, cocoa butter, anhydrous milk fat, soy lecithin, vanilla], almonds, vegetable oil [peanut, cottonseed, soybean and/or sunflower seed], gum acacia, sugar, confectioner's glaze), praline almond pieces (almonds, sugar, contains less than 1% of the following: butter [cream, salt], salt, vegetable oil [peanut and/or cottonseed], soy lecithin, caramel color), dark chocolate mocha pecans (dark chocolate [sugar, chocolate liquor, cocoa butter, anhydrous milk fat, soy lecithin, vanilla], pecans, vegetable oil [peanut, cottonseed, soybean and/or sunflower seed], contains less than 1% of:gum acacia, triacetin, natural flavor, sugar, confectioner's glaze), chocolate chips (sugar, chocolate liquor, cocoa butter, soy lecithin), hazelnuts (filbert), pecans, dark chocolate coffee beans (dark chocolate [sugar, chocolate liquor, cocoa butter, anhydrous milk fat, soy lecithin, vanilla], coffee beans, gum acacia, sugar, confectioner's glaze), vegetable oil (peanut, cottonseed, soybean and/or sunflower seed), sea salt.",United States
"Ingredients, butter toffee popcorn: corn syrup, sugar, popcorn, peanuts (whole and chopped), molasses, salt, canola oil, butter, butter toffee flavor, soy lecithin (an emulsifier). ingredients, chocolate coating: sugar, palm kernel oil, cocoa, dry whey (m",United States
"viande de bœuf (Suisse), sel nitrité (sel de cuisine, conservateur [E250]), épices, dextrose, antioxydant (E301), conservateur (E252), acidfiant (E331).",Switzerland
"Pasteurized milk, cheese culture, salt, enzymes, annatto color.",United States
"ln rédients : fame blé, sucre, beurre, œufs, sucre inverti, lait en poudre, are, sel, arôme fleur d'oranger, traces de fruits à coques, arachides et soja.",France
"couscous 35% (semoule de blé), thon** 23%, huile de maïs, pois chiches 6%, carottes 5%, petits pois 5%, poivrons, tomates 3%, oignons, arômes, sel de glucose. Contient du gluten. **Euthynnus (Katsuwonus) pelamis.",Switzerland
"Roasted green chilies, tomatoes (diced, puree, paste), onions, vinegar, garlic powder, salt, sugar, cilantro, lime juice, pepper",United States
Mogette de Vendée,France
"Organic acai juice (filtered water, organic fair trade acai puree+), organic cane sugar, organic tapioca syrup, organic lime juice, organic flavor, organic sunflower lecithin, citric acid, fruit & vegetable juice (for color)",United States
"Farine complète de _blé_ 91,5%, huile de palme, sucre, levure, sirop de glucose-fructose, farine de _blé_ malté, gluten de _blé_, farine de _blé_, sel, émulsifiants (E471, E481), acide ascorbique (agent de traitement de la farine).",France
"Rolled oats, coconut, pecans, non-gmo soybean oil, wheat germ, honey, brown sugar, dried blueberries, pure vanilla extract, cinnamon, salt.",United States
"Ingredients: tomato puree (water, tomato paste), distilled vinegar, spice rub (sugar, salt, garlic, black pepper, dill, and coriander). molasses, prune juice concentrate, corn syrup, corn starch, malted barley, natural flavor (including smoke), salt, garlic and spices.",United States
"farine de blé bio* T65, eau, levain d'épeautre bio*, sel, levure, améliorant (farine de blé*, acidifiant : E300). produit issu de l'agriculture biologique",France
"Enriched flour (wheat flour, malted barley flour, niacin, reduced iron, thiamine mononitrate, riboflavin, folic acid), tomatoes (water, tomato paste), low moisture mozzarella cheese (cultured pasteurized milk, salt, enzymes), cheddar cheese (cultured past",United States
"Jus de carotte, jus de citron concentré (&lt;1 %).",France
"Organic apple puree, organic apple juice concentrate, organic natural flavors, pectin, malic acid, colored with fruit and vegetable juice. vitamins & minerals: ascorbic acid (vit. c), ferric orthophosphate (iron).",United States
"Farine de _blé_ (dont malt de _blé_), eau, levure, sel, dextrose.",France
Organic russet potatoes.,United States
"Semolina (wheat), durum flour (wheat) wheat gluten, niacin, ferrous sulfate (iron), thiamin mononitrate, riboflavin, folic acid.",United States
"Ripe olives, water, salt and ferrous gluconate (added to stabilize color).",United States
"Natural flavored key lime, yogurt coating (sugar, vegetable oils [palm kernel, palm], whey, yogurt powder [non fat milk, lactic acid], soy lecithin [an emulsifier], salt and vanilla, natural flavor, fractionated coconut oil, natural blue pigment [red cabb",United States
"Poitrine de porc, sel, acidifiants : lactate de potassium et acétates de sodium, dextrose, antioxydant : érythorbate de sodium, conservateur : nitrite de sodium.",France
"Eau, spécialités céréalières cuisinées 20,5% (eau, semoule de dur, poudre de blanc d'?uf, huile de tournesol), tomates 14%, viande de b?uf cuite 8,8% (équivalent viande crue mise en ?uvre : 12,6%), concentré de tomates 5,4%, carottes 4,5%, amidon modifié de pomme de terre, sucre, sel, ail en poudre, oignon en poudre, poivre, thym, origan.",France
"Water organic butternut souash, organic peas, organic red bell pepper, organic sweet potato organic organic brown rice flavors corn olive oil, organic curry powder fenugreek* cumin*, black pepper*, cumin mustard seed*, organic garlic powder.",United States
"Sauce cuisiné : eau, graisse d'oie, concentré de tomate, sel, ail, poivre. Haricots lingots 48%.",France
"Carbonated water, high fructose corn syrup, caramel color, natural and artificial flavor, phosphoric acid, potassium benzoate (preservative), caffeine lactic aid, monopotassium phosphate.",United States
"P ornmJàÈ?x lus de emmeà na ure , vitami acide citriquei préparé en IJnjorfE.â&gt;i Contient des sucrgs: naturellement Informations Pour nutritionnelles Fibres",France
"viande de porc 97,1 %, sel, sirop de glucose, arômes, naturels, épices, sucre. Boyau naturel de mouton. *Viande de porc origine France",France
"Wheat flour, water, modified potato starch, salt, sodium propionate and sodium benzoate, citric acid, l-cysteine, cornstarch.",United States
Maïs biologique précuit.,France
"Farine de froment (_blé_), _œufs_ entiers pasteurisés, sucre, _lait_ frais entier, _beurre_ concentré, sel, colorant : E160a.",France
"Pea protein, whole flaxseed (micro-milled), organic acacia gum (naturally occurring fiber), hemp protein, saviseed (sacha inchi) protein, organic gelatinized maca root, organic broccoli, inulin (from chicory root), organic spirulina, organic kale, organic marine algae calcium, fruit & vegetable blend (spinach, broccoli, carrot, beet, tomato, apple, cranberry, orange, blueberry and/or bilberry, strawberry, shiitake mushroom), chlorella vulgaris (cracked whole cell), papaya extract, probiotics (bacillus coagulans [provides 1 billion cfu/serving]), antioxidant fruit blend (grape seed extract, organic pomegranate, acai, mangosteen, organic goji, organic maqui). contains 2 percent or less of: natural mixed berry flavor, natural strawberry flavor. natural cherry flavor, natural vanilla flavor, stevia extract, citric acid.",United States
"pain de mie au _blé_ malté 45% [farine de _blé_, eau, flocons de _blé_ malté et malté toasté 3,2%, graines (tournesol, millet, pavot), gluten de _blé_, huile de colza, flocons de _seigle_ malté, sel, levure, dextrose, vinaigre d'alcool, sucre, émulsifiants : E471 et E472e, farine d’_orge_ malté toasté, malté et torréfié, lin brun, arôme, agent de traitement de la farine : acide ascorbique) - tomate 13% - filet de poulet traité en salaison rôti 11% (filet de poulet, dextrose, sel, antioxvdant : citrates de sodium) - sauce [mayonnaise allégée en matière grasse (eau, huile de colza, jaune d’_œuf_ amidon transforme, _moutarde_ (eau, graines de _moutarde_, vinaigre d’alcool, sel), vinaigre d'alcool, sucre, sel, épaississant : gomme guar arôme naturel de moutarde, épice), _fromage_ frais, _moutarde_ (graines de _moutarde_, vinaigre d'alcool, eau, sel), _fromage_ blanc, _crème_ fraîche, échalote, ciboulette, amidon transformé, sel] - bacon fumé cuit 5,7% (poitrine de porc, eau, dextrose, poudre de jus de blette, arôme naturels, sel, carottes déshydratées, ferments) - radis 5,7% - beurre - jeune pousse d'épinard 2,8%.",France
"Farines de céréales (_Blé_ {26%}, _Avoine_ {17%}, Riz {i l%)), Sucre, Huile végétale (Colza, Palme), Chocolat (4%)(Sucre, Pâte de cacao), Maltodextrine, Cacao maigre en poudre, _Noisettes_ (2%), _lait_ écrémé en poudre, Petit-_lait_ en poudre, Sel, Émulsiﬁant (Lécithine de tournesol), Colorant (Caroténoïdes, Rocou),  Arôme naturel, Antioxydant (Palmitate d'ascorbyle, Alpha-tocophérol).  Vitamines et Minéraux : Vitamines (Niacine, 86, BZ, Bi, acide folique, 812), Fer.",France
"viande de porc 74%, eau, sel nitrité (sel de cuisine, conservateur [E250]), sirop de glucose, agent épaississant (E 407a, E 410), stabilisants (E 450, E 451), antioxydant (E 301)m condiment, extrait de levure, arôme. Teneur totale en sel de cuisine: 2.1%. ",Switzerland
"Lait entier (Origine : France), sucre (8,2%), lait écrémé concentré ou en poudre (Origine : UE), myrtille (5%), cassis (3%), crème (Lait) (Origine : France), épaississants : amidon transformé, pectine, correcteurs d'acidité : citrates de sodium, citrates de calcium, ferments lactiques dont bifidobacterium (Bifidus ActiRegulariS) (lait) concentré de sureau, arômes.",France
"Ice cream (milk, cream, skim milk, buttermilk, whey, sugar, peanut butter [peanuts, peanut oil, salt, mono-and diglycerides], corn syrup, contains 1% or less of mono- and diglycerides, guar gum, calcium sulfate, carob bean gum, cellulose gum, carrageenan,",United States
"Beef, pork, water, salt, corn syrup solids, dextrose, spices, paprika, sodium phosphates, onion powder, sodium erythorbate, sodium nitrite, spice extractives, extractives of paprika; in a lamb casing.",United States
"Cake base (sugar, enriched wheat flour bleached [flour, niacin, reduced iron, ferrous sulfate, thiamine mononitrate, riboflavin, folic acid], food starch-modified, soybean oil, dry whey, leavening [sodium aluminum phosphate, baking soda], salt, vital whea",United States
"_Lait_ de vache cru et entier, sel, ferment, présure, chlorure de calcium, lysozyme d'_oeuf_ ",France
"Unbleached enriched wheat flour (wheat flour, niacin, reduced iron, thiamin mononitrate, riboflavin, folic acid), water, sea salt, malted barley flour, yeast, ascorbic acid (dough conditioner)",United States
"Sugar, tapioca syrup, modified food starch, contains 2% or less of the following: peach puree concentrate, raspberry puree, strawberry juice concentrate, apple juice concentrate, cherry juice concentrate, watermelon juice concentrate, lime juice concentra",United States
"Organic apples, ascorbic acid and calcium carbonate (added to maintain color).",United States
"Sucre, farine de _blé_, _lait_ entier, huile et graisse végétales (tournesol, karité), _oeufs_ frais, dextrose, chocolat 4 % (cacao maigre en poudre, pâte de cacao, sucre), _beurre_ concentré, maltodextrine, cacao maigre en poudre, pâte de _noisettes_, sel, gluten de _blé_, émulsifiant : lécithines de tournesol, arôme naturel de vanille.",France
_Avoine_,France
"eau, jus d'orange à base de concentré, sucre de canne, jus de citron à base concentré, jus concentré de mandarine et pamplemousse, pulpe d’orange, gaz carbonique, antioxydant : acide ascorbique, stabilisant : pectine et gomme de caroube, arôme naturelle de citronelle, orange et citron.",France
"Enriched bleached flour (bleached wheat flour, niacin, iron, thiamine mononitrate, riboflavin, folic acid), animal and vegetable shortening (contains one or more of the following: beef fat, lard, soybean oil) with emulsifier (mono- and diglycerides), and preservative (tbhq, bht, citric acid), leavening (sodium aluminum phosphate, baking soda), salt.",United States
"pri*lkg 12,gOC poids net",France
"Wheat fl;our. filtered water, unsalted butter, yeast, extra virgin olive oil, sea salt, malted barley, non-fat milk, ascorbic acid, natural enzymes.",United States
Apples,United States
Semoule de BLE dur biologique (GLUTEN Peut contenir des traces d' OEUFS,France
"American cheese (milk, cheese culture, salt, enzymes), water, dry cream, milkfat, sodium citrate, salt, sorbic acid as a preservative, annatto and oleoresin paprika color, soy lecithin (release agent).",United States
"_spelt_bloem*, palmolie*, dadelstroop*, mais* en gerstemoutstroop*, kruiden*, rijsmiddel (natriumbicarbonaat), zout",Netherlands
"Kakaomasse, Rohrohrzucker, Kakaobutter, _Sahnepulver_ 9%, _Magermilchpulver_, Bourbonvanilleextrakt",Germany
"Vegetables (corn, red and green peppers), water, sea salt.",United States
"Mechanically separated, chicken, beef, pork, water, salt, corn syrup solids, flavorings, dextrose, paprika, sodium erythorbate, sodium nitrite, collagen casing.",United States
"Jus de Canne à Sucre Biologique (89%), Sirop de Tapioca Biologique (6%), Sirop d'Erable du Vermont Biologique (1 %), Arôme Naturel de Gingembre (1 %), Rhizome de Gingembre Biologique Moulu (1 %), Stabilisants : Agar-Agar (1 %), Gomme Tragacanthe (1 %).",France
"Carbonated water, natural flavor, pink grapefruit juice concentrate, citric acid, potassium benzoate and potassium sorbate (preservatives), gum acacia, sucralose, green tea, ester gum, calcium disodium edta (to protect flavor), magnesium sulfate, calcium",United States
"Citric acid, natural and artificial flavor, potassium citrate, calcium phosphate aspartame,** maltodextrin, raspberry juice solids, contains less than 2% of: acesulfame potassium, gum arabic calcium silicate, magnesium oxide, red 40, artificial color, blu",United States
"SPÉCULOOS. INGRÉDIENTS'. blé, sirop de candi. leve( (bicarbt7i2te de GLUTEN LA L'HUMIDITÉ. VALEURS MOYENNES 1",France
"Pulpe de tomate 68%, concentré de tomate, aubergines 14%, oignon, huile d'olive vierge extra 1,5%, sel, sucre, ail, basilic 0,2%, origan, arôme",France
Riz long grain de qualité supérieure,France
"Eau; pois cassés (14%); oignons; petits pois (7%); jambon cuit (4%) (cuisse de porc 96%); sels de salaison (sel, conservateur: nitrite de sodium); sucre roux; antioxydant: E301; carottes; poireaux; bacon fumé d'origine britannique (2%) (poitrine de porc 84%); eau; sels de salaison (sel, conservateur: nitrite de sodium); antioxydant: E301; _céleri_; _beurre_; sel; huile de colza; poivre noir moulu.","Belgium,France,United Kingdom"
Semoule de blé dur de qualité supérieure.,France
"Quadra whey protein blend [(whey protein concentrate, whey protein crisps, whey protein isolate, hydrolyzed whey protein), calcium caseinate], peanut butter layer [maltitol, palm kernel and palm oil, peanut butter, defatted peanut flour, non fat dry milk",United States
"Brown rice flour, topioca flour, arrowroot flour, xanthan gum, granulated garlic, cream of tartar, salt, baking soda, italian seasoning, granulated onion and ascorbic acid",United States
"Whole grain australian oats, freeze-dried strawberries, freeze-dried raspberries, freeze-dried blueberries, freeze-dried blackberries",United States
"Viande de porc (origine 'UE), sel, lactose (lait), dextroset épices ail, antioxydant : E316, ferments conservateurs : E252, E250. 138 g de viande utiliséspouÜ100g de produit fini. tesencepossible de fruits à coquet soja, céleri. Atonsommer rapidement après ouvertures Poids net go +13,5 g gratuit = 103,5 R consommer jusqu'au : I uoir ci-dessous",France
"Milk, cream, sugar, egg yolk, vanilla, almonds, toffee (butter, sugar, water, baking soda, corn syrup, salt) dextrose, salt, guar gum, locust bean gum",United States
"Sugars, artificial flavors, artificial colors (may contain one or more of the following: red #40, blue #1, yellow #5, yellow #6).",United States
"Chocolat noir* 59% (pâte de cacao*, sucre de canne*, beurre de cacao*, cacao maigre en poudre*), riz complet* 40,9%, sel marin. *Ingrédients issus de l'agriculture biologique.",France
"Milk, whey, cream, milk protein concentrate, sodium citrate, calcium phosphate, modified food starch, contains less than 2% of salt, whey protein concentrate, gelatin, sodium phosphate, sorbic acid (preservative), citric acid, lactic acid, color added, vitamin d3, vitamin a palmitate, enzymes, cheese culture.",United States
"Cultured pasteurized grade a nonfat milk, cherries (cherries, sugar, crystalline fructose, water, corn starch, cherry puree concentrate, natural flavor, vegetable juice (for color), locust bean gum, malic acid, sodium citrate), live active cultures. granolas: certified gluten free oats, wildflower honey, canola oil, walnuts, pumpkin seeds, cultivated blueberries, vanilla extract, salt.",United States
"Pasteurized part-skim milk, cheese culture, salt, enzymes, potato starch, corn starch and calcium sulfate added to prevent caking, natamycin (a natural mold inhibitor).",United States
"Dessert lacté au café 96,1% (lait entier - crème 16% - sucre - oeuf - jaune d'oeuf - extraits de café 1,2% - amidon transformé en pomme de terre - colorant : caramel ordinaire - lactose) - sachet de crêpe dentelle émietté 3,9% (sucre - farine de blé - beurre concentré - lactose - protéines de lait - sel - farine de malt d'orge - poudre à lever : bicarbonate de sodium). ",France
"59% de découpe de poulet n partie avec peau et os (32% pilons, 15% ailes, 12% aiguillettes) (origine : Allemagne ou Brésil), farine de _blé_, eau, huile de colza, sel iodé (sel, iodate de potassium, _gluten de blé_, amidon de _blé_, levure, dextrose, sel, sucre, arôme naturel (_céleri_, épices, huile de tournesol.",France
"Carrots*, onions*, jicama, jalapenos*, filtered water, himalayan salt.",United States
Dry roasted unbleached organic almonds.,United States
"Dark chocolate (sugar, chocolate liquor, cocoa butter, soy lecithin [emulsifier], vanilla), seeds (pure cane sugar and pure food powdered cornstarch, artificial colors {fd&c yellow #5, yellow #6, red #40, red #3, blue #1, blue #2})",United States
Amidon modifié de maïs.,France
"Mandarin orange segments, water, sugar.",United States
"Kakaopulver (52%), Kokosblütenzucker, Guaranasamenpulver (10%), natürliches Vanillearoma, Vanillepulver (0,6%).",Germany
"Cultured pasteurized milk, jalapeno peppers, salt, enzymes.",United States
Physalis getrocknet,Germany
"eau, crème en poudre 19% (sucre, LAIT écrémé en poudre, amidon de pommes de terre modifié, graisse de palme, gélifiant: E 401, stabilisant: E 450, colorants: E 101, E 160b, arômes), sucre, farine de BLE, préparation aux abricots (sucre, sirop de glucose, eau, purée d'abricots [avec antioxydant: acide ascorbique], gélifiant: pectine, acidifiant: acide citrique, huile de tournesol, conservateur: E 202. arômes), BEURRE concentré, OEUF entier (d'élevage au sol), cacao en poudre dégraissé 1.5%, sirop de glucose, huiles végétales (tournesol, palme), sel de cuisine, humectant: sorbitols, sucre caramélisé, amidon de BLE, poudres à lever: E 450, E 500, conservateur: E 202. Peut contenir fruits à coque, sésame, soja. I oog enthalten Energie I énergie: 976kJ (232kcal), Fett I matieres grasses: 8g, davon gesàttigte Fettsauren I dont acides gras saturés 3,5g, Kohlenhydrate I glucides:35g, davon","France,Switzerland"
"Pommes de terre déshydratées, huiles végétales (tournesol, maïs), farine de riz, amidon de _blé_, assaisonnement piment et épices (épices, sucre, exhausteurs de goût (glutamate monosodique, inosinate disodique, guanylate disodique), huile de tournesol totalement hydrogénée, petit lait en poudre (_lait_), tomate en poudre, bouillon en granules, arômes, arômes de fumée, levure en poudre, dextrose, lactose (_lait_), acidifiant (acide lactique), protéines de lait, oignon en poudre, extrait de piment jalapeno, paprika en poudre, piment en poudre, ail en poudre, colorant (extrait de paprika)), émulsifiant (E471), maltodextrine, sel",France
"Poivrons del piquillo 45 %, poivrons rouges 30 %, oignons, huile d'olive, huile de tournesol, sucre, ail.",France
"Légumes 59% dont légumes poêlés 18% (pomme de terre, carotte, oignon, chou-fleur, poireau, _céleri-rave_), eau, huile de colza, _beurre_ de cuisine, sel, arômes (contient : _céleri_, _blé_), sucre, ail.",France
"Sucre de canne, eau, citrons de Corse 25 0%, beurre, gélifiant : pectines. consommer de préférence avant le : voirsur/e couvercle Après ouverture, à conserver au réfrigérateur et à consommer dans un délai raisonnable. Poids net : Fabriqué en France pour LIDL France SNC 305 g BP 32 - 67039 Strasbourg cedex 2",France
_Lait_ demi-écrémé.,France
"Erythritol, sugar, monk fruit extract, molasses.",United States
"Sugar, egg white solids, distilled vinegar, fd&c red #40, fd&c blue #1, sodium benzoate (preservative), fd&c yellow #6, fd&c yellow #5, fd&c red #3.",United States
"Pasteurized process cheese product ingredients: light cheddar and cheddar cheese (pasteurized cultured milk and skim milk, salt, enzymes), water, skim milk, sodium phosphate, sodium citrate, salt.",United States
"Distilled vinegar, corn syrup, high fructose corn syrup, water, prepared mustard (distilled vinegar, water, mustard seed, salt, and turmeric), modified food starch, tomato paste, salt, hickory smoke flavor, spices, caramel color, xanthan gum, citric acid, paprika, less than 1/10 of 1% sodium benzoate as a preservative and red 40 (color).",United States
"Chipotle peppers, water, tomatoes, vinegar, soybean oil, iodized salt, onion, garlic and spices.",United States
Contient du malt d'_orge_.,France
"Rolled oats, organic corn meal, dried cranberries (cranberries, sugar, sunflower oil), evaporated cane juice, canola oil, molasses, white chocolate chips (sugar, cocoa butter, whole milk powder, nonfat milk powder, soy lecithin, natural flavor), egg, flax",United States
"sucre, graisses/huiles végétales (de palme*, coco), sirop de sucre inverti, sirop de glucose et fructose, pâte de cacao, poudre delait entier, poudre de petit lait, gélatine, émulsifiant (lécithine de soja, E476), amidon, arômes (entre autres vanilline), épaississant (pectine) , agent d'enrobage (shellac), régulateur d'acidité (acide citrique). Peut contenir desitaces de noisettes et d'amandes. SCHUIMSNOEP suiker, plantaardige vetten/oliën (palmolie*, sheaolie,",France
"Corn syrup, sugar, gelatin, sorbitol, citric acid, natural and artificial flavors, white grape juice from concentrate, yellow 5, yellow 6, red 40 and titanium dioxide (for color).",United States
"Filtered carbonated water, natural flavor, citric acid, potassium citrate, aspartame, potassium benzoate (a preservative), acesulfame potassium.",United States
"eau, malt d'orge, orge torrifié, extrait de houblon, levure","France,Ireland"
"Céréales 68 % (riz 36,5 %, _blé_ complet 26 %, _orge_ complète 6,3 %), copeaux de chocolat au _lait_ 17 % (sucre, beurre de cacao, pâte de cacao, _lait_ entier en poudre, _lait_ écrémé en poudre, émulsifiant : lécithines de tournesol, arôme naturel de vanille avec d'autres arômes naturels), sucre 11 %, extrait de malt d'_orge_, sel.",France
"Cheese whey, vegetable oil (contains one or more of the following: sunflower oil, canola oil, soybean oil), modified food starch, cheddar cheese (cultured milk, salt, enzymes), contains 1 percent or less of the following: vinegar, sodium phosphate, salt, jalapeno peppers, sodium caseinate, natural flavor, monosodium glutamate, lactic acid, cellulose gum, annatto and oleoresin paprika color, autolyzed yeast extract, datem, mono and diglycerides.",United States
Dried cranberries.,United States
"Precooked white rice: (long grain, parboiled white rice [rice, water]). vegetables :(tomatoes, celery, onions, green bell peppers). shrimp: (uncooked shrimp, water, sodium phosphate). andouille pork sausage: (pork, water, seasoning {dehydrated garlic & onion, paprika, spices, sugar, salt, sassafras}, less than 2% salt, potato starch, spices, smoke flavoring, paprika, natural flavor.), creole seasoning: (salt, paprika, red pepper and other spices, garlic with less than 2% silicon dioxide added to prevent caking).",United States
"Jalapeno pepper, whipped cream cheese spread (pasteurized milk and cream, cheese culture, salt, stabilizers [carob bean and/or xanthan and/or guar gums], natamycin [a natural mold inhibitor]), artichoke hearts (quartered artichoke hearts, water, salt, cit",United States
"Enriched unbleached and bleached flour (wheat flour, niacin, reduced iron, thiamin mononitrate, riboflavin, folic acid), palm oil, sugar coating (dextrose, modified cornstarch, partially hydrogenated vegetable shortening [soybean oil and/or cottonseed oil",United States
"Sugar, gelatin, contains 2% or less of adipic acid (for tartness), sodium citrate (controls acidity), fumaric acid (for tartness), salt, maltodextrin, red 40, natural and artificial flavoring, dimethylpolysiloxane (prevents foam).",United States
"Pork, wheat flour (wheat flour enriched [niacin, reduced iron, thiamine mononitrate, riboflavin, folic acid], malted barley flour), water, beef, onion, soybean oil, eggs, flavorings, seasoning (salt, dehydrated vegetables [carrot, parsnip, onion, celery,",United States
"Cultured pasteurized nonfat milk, milk, nonfat milk, cream, whey, salt, guar gum, locust bean gum, carrageenan, calcium sulfate, sodium and potassium phosphates, potassium sorbate (to maintain freshness), citric acid, lactic acid, phosphoric acid, natural",United States
"IENTS : MÉLANGE DE PROTÉINES POWERBAR TRISOURCEMC (ISOLAT DE PROTÉINES DE SOYA, CASÉINATE de CALCIUM, isolât de protéines de lactosérum sirop de maltitol ENROBAGE AU YOGOURT (SUCRE, HUILE de palmiste FRACTIONNÉE, POUDRE DE Lactosérum lait écrémé en poudre yaourt en poudre lécithine ' DE SOYA beurre d'amande farine d'arachide oligofructose  sirop de fructose",France
•uoybeans / Sojabohi / Ce Soja elée Frt.ho;abonor (Edarrenepj conqe!ato,France
"Semolina (wheat), durum wheat flour, niacin, iron (ferrous sulfate), thiamine mononitrate, riboflavin, folic acid.",United States
"Cucumber, water, citric acid salt, vinegar, peper, garlic.",United States
"Organic durum semolina, niacin, ferrous lactate (iron), thiamin mononitrate, riboflavin, folic acid.",United States
"huile de colza, oeufs de _cabillaud_ fumés et salés (40%) [œufs de _cabillaud_ (38%), sel] , eau, jus de citron concentré (contient _sulfites_, chapelure (farine de _blé_, levure, sel , sucre, conservateurs : acétates de sodium - benzoate de sodium - sorbate de potassium, colorant : carmins. ",France
"Organic almonds, organic blue weber agave, organic raisins, organic raw cacao, organic coconut, organic coconut butter, organic maca, pink himalayan sea salt, organic vanilla extract.",United States
"Wheat Flour (45%), water, rye flour 11%, rye sourdough 9% (rye flour 67%, water), yeast, sea salt, rye and wheat bran, emulsifier (monoglycerides of fatty acids,  diglycerides of fatty acids)",United Kingdom
"Water, diced tomatoes, tomato paste, beef, pork, onions, carrots, canola oil, celery, sugar, salt, citric acid, garlic basil, oregano, black pepper, dry crushed chili pepper.",United States
"Harina de arroz* (75 %), azúcar de caña* (15 %), sirope de maíz* (3,5 %), cacao en polvo* (2,8 %), cacao en polvo desgrasado* (2,6 %), emulsionante: lecitina de _soja_ (0,7 %), sal (0,4 %)",Spain
"Sugar, glucose syrup, citric acid, artificial flavor, titanium dioxide, artificial color (fd&c red no. 40).",United States
"Bacon (cured with water, salt, sodium erythorbate, sodium nitrite. may also contain smoke flavoring, sugar, dextrose, brown sugar, sodium phosphate, potassium chloride, flavoring).",United States
"Mango puree, can sugar, distilled vinegar, water, lime juice, fresh onion, tequila, jalapeno, garlic, cilantro, hot sauce (vinegar, red pepper, salt), pepper",United States
"Lait demi-écrémé pasteurisé, sel , présure, correcteur d'acidité : acide citrique.","Denmark,France,Switzerland"
Cerneaux de _noix_.,France
"Bleached enriched wheat flour (flour, malted barley flour, niacin, reduced iron, thiamine mononitrate, riboflavin, folic acid), water, soybean oil, hydrogenated vegetable oil (contains one or more of the following: cottonseed oil, soybean oil) with mono-",United States
"Enriched unbleached flour (wheat flour, niacin, reduced iron, thiamine mononitrate, riboflavin and folic acid), water, vegetable shortening (contains one or more of the following: palm oil and or corn oil), contains 2% or less of the following: salt, alum",United States
Strawberries.,United States
"Idaho potatoes with emulsifier (mono and diglycerides) and preservative (sodium acid pyrophosphate, sodium bisulfite, citric acid, mixed tocopherols).",United States
"Thé noir biologique, zestes de citron biologiques et d'oranges biologiques, arômes naturels.",France
"Organic pasteurized milk, cheese cultures, salt, microbial enzymes and organic annatto [vegetable color].",United States
"Pommes de terre pré-frites 33% (pommes de terre, huile de tournesol), carottes 22%, brocolis 16,5% champignons 15%, oignons 10%, épices, huile de colza, romarin, persil, thym.",France
"Enriched bleached and unbleached flour (wheat flour, niacin, iron, thiamin mononitrate, riboflavin, folic acid), liquid sucrose, vegetable shortening (soybean oil, palm oil, and hydrogenated cottonseed oil), nonfat milk, cream cheese (pasteurized milk and",United States
"100% whole rolled oats, organic virgin coconut oil, maple syrup, oat bran, peanut butter (peanuts) brown sugar (sugar, molasses), honey, banana chips (banana, vegetable oil, sugar, natural banana flavor), dried cranberries, sugar, sunflower oil), almonds,",United States
"Haricots lingots 38 %, saucisses de Toulouse 30 % (viande et gras de porc, sel, poivre, boyau naturel de porc), sauce cuisinée (eau, graisse de canard 0,6 %, arômes (_lait_ et _oeuf_), concentré de tomate, épices et plantes aromatiques, sel, antioxydant E330, extraits d'os et de couennes de porc).",France
"Wheat flour, whole wheat flour, sesame seeds, salt, palm fruit oil, wheat gluten, yeast, dextrose, distilled vinegar, oat fiber.",United States
"Walnuts, cranberries (sugar, sunflower oil), dark chocolate (sugar, chocolate liquor, cocoa butter, anhydrous milk fat, soy lecithin [an emulsifier], and vanilla), soybeans, gum arabic, corn syrup, sugar and certified confectioner's glaze.",United States
"Ingredients: tomato puree (water, tomato paste), water, less than 2% of: salt, onion powder, garlic powder, citric acid, natural flavors, dehydrated bell pepper.",United States
Café moulu pur arabica bio,France
"Farine de blé, nappage à la fraise 30% (sirop de glucose-fructose, jus à base de concentré et purée de fraises 28%, sucre, flocons de pommes, arôme fraise, gélifiant: pectine, correcteur d'acidité:acide citrique, jus concentré de sureau, colorant: anthocyanes),  matière grasse végétale, sucre, sirop de glucose, noix de coco rapée, oeufs, sel, poudres à lever (carbonate acide d'ammonium, carbonate acide de sodium, phosphate monocalcique), protéine de lait, poudre de lait écrémé, arômes.",France
"Milk chocolate (sugar, cocoa butter, chocolate liquor, whole milk powder, soy lecithin [an emulsifier], salt, vanilla), sugar, malt center (corn syrup, confectionery coating [sugar, hydrogenated palm kernel oil, cocoa powder, whey powder, nonfat milk powd",United States
"Enriched wheat flour (wheat four, niacin, reduced iron, thiamine mononitrate, riboflavin, folic acid), water, yeast, sugar, soybean oil, salt, dough conditioner (dextrose, datem, ascorbic acid, enzyme).",United States
Honeydew,United Kingdom
"Tomato concentrate, high fructose corn syrup, distilled vinegar, corn syrup, salt, less than 2% of: spice, onion powder, natural flavors.",United States
"Tranches d'oranges confites 65 % (orange, sucre, sirop de glucose-fructose), chocolat noir 35 % (pâte de cacao, sucre, beurre de cacao, émulsifiant : lécithine de _soja_).",France
Crottin de Chèvre au lait pasteurisé (45% MG/ES),Switzerland
"Apples, cucumbers, broccoli, kale, celery, ginger",United States
"American cheese (milk, cheese, salt, enzymes), water, milkfat, whey protein concentrate, whey, sodium citrate, salt, sorbic acid as a preservative, annatto and oleoresin paprika for color.",United States
"Ingredients: tomatoes, tomato juice, chopped green chili peppers, salt, vinegar, spices, cilantro, calcium chloride, citric acid.",United States
"Carbonated water, cane sugar, dark sweet cherry extract, citric acid, natural and artificial flavors, natural color, sodium benzoate (a preservative), caramel color, red #40.",United States
Sugar,United States
"Parsley, green onions, spinach, cilantro leaves, leeks, mint leaves, dill weed, garlic, soy bean oil.",United States
"Cooked chicken breast (chicken breast with rib meat, water, potato starch, soybean oil, lemon juice concentrate, sugar, kosher salt, dehydrated vinegar, granulated garlic, black pepper, natural flavors), tequila lime sauce (chicken stock [water, chicken b",United States
Côtes d'Agneau à l'os.,France
"Almonds, seasoning (sugar, fructose, cocoa powder, natural flavors, butter powder [butter {cream, salt}, nonfat milk, bha {preservative}], dextrose, molasses powder [refiners syrup, cane molasses, cane caramel color], tricalcium phosphate [anti-caking agent]), sugar, corn syrup, contains less than 1% of the following: sweetened condensed milk (milk, sugar, butter (cream, salt), peanut oil, soy lecithin, salt, natural flavor (sugar, glycerine, caramel color, natural flavor), baking soda.",United States
Olive oil,United Kingdom
"Pasteurized milk and cream, sugar, pineapple, whey protein concentrate, water, pineapple juice concentrate, salt, food starch-modified, carob bean gum, guar gum, sorbic acid (as a preservative), citric acid, xanthan gum, natural flavor, vitamin a palmitat",United States
"flocons d'avoine, cornflakes avec couverture à la cannelle (maïs, sucre, cannelle, sel de cuisine, malt d'orge, émulsifiant: E471), sucre, préparation aux pommes avec couverture au yogourt 8% (sucre, graisse de palmiste, concentré de purée de pomme 17%, sirop de glucose et de fructose, lactose, yogourt de lait écrémé en poudre, sirop de glucose, humectant: E422, fibres alimentaires de blé, acidifiant: acide citrique, émulsifiant: lécithine de tournesol, amidon modifié de tapioca, épaississant: pectine et, gomme arabique, arômes nat.de pommes, antioxydant: acide ascorbique, cannelle, arôme vanilline), flocons de blé, crispies (maïs, riz, sucre brut, farine complète [blé, seigle, orge], malt d'orge, cacao maigre en poudre, sel de cuisine), amidon de maïs, huile de tournesol, morceaux de pommes séchées 4%, flocons de coco, miel, cannelle 0.4%, sel de cuisine, arôme naturel de vanille.","France,Switzerland"
"Strawberries, sugar, water, banana puree, apple and/or pear juice concentrate, natural flavor, purple carrot and grape skin extracts, ascorbic acid (vitamin c), oat fiber, guar and xanthan gum, sodium benzoate and potassium sorbate.",United States
"Cooked rice, chicken, water, broccoli, soy sauce (water, soybeans, wheat, salt, sodium benzoate less than 1/10 of 1% as food preservative), corn sweetener, corn starch, potato starch, sweet rice (sweet rice, yeast), thick soy sauce (molasses, water, sugar & salt), salt, brown sugar, vinegar, rice wine (rice, water, salt, brown sugar, vinegar, rice wine (rice, water, salt, alcohol), ginger, hon-dashi (salt, monosodium glutemate, lactose, sugar, dried bonito tune powder, disodium inosinate, bonito extract, yeast extract, disodium inosinate, bonito extract, yeast extract, disodium succinate), soy bean oil, fish flavor, seaweed powder, sesame oil, sesame seed, white pepper.",United States
"Consist of chocolate {sugar, chocolate (chocolate processed with alkali, cocoa butter, whole milk, milk fat, soy lecithin (an emulsifier), vanillin (an artificial flavor)}, sugar, corn syrup, condensed milk, invert sugar, dairy cream, brown sugar, coconut",United States
"Cultured frozen greek style yogurt (condensed skim milk, skim milk, sugar, cream, milk protein concentrate, corn syrup, propylene glycol monoesters, mono and diglycerides, hydrogenated soybean oil, cellulose gum, sodium phosphate, carrageenan, cultures, n",United States
"вода питьевая, пшеница, сахар, соль, сорбат калия, бензоат натрия",Russia
"sucre de canne, cacao maigre en poudre 25% minimum (dont 2,75% de beurre de cacao).",France
"Almonds, sea salt.",United States
"Pain de mie complet 50% (farine complète de _blé_, eau, huile d colza, levure, sucre, _gluten_ de _blé_, sel, dextrose, farine de _blé_, émulsifiant : 471, conservateur : E282, agent de traitement de la farine : E300), jambon cuit standard 15% (jambon de porc, eau, sel, sirop de glucose, dextrose, stabilisant : E451, gélifiant : E407a, conservateurs : E301 et E250), crudités 13% (tomate, salade), _emmental_ 10%, mayonnaise [huile de colza, eau, _moutarde_ de Dijon (eau, graines de _moutarde_, vinaigre d'alcool, sel, antioxydant : E224, acidifiant : E330), jaune d'_œuf_, vinaigre d'alcool, sel, sucre, amidon transformé de pomme de terre, épaississants : E412 et E415, arôme].",France
"Sprouted organically-grown wheat berries, water, vital wheat gluten, sunflower seeds, oat fiber, wheat bran, almond meal vegetables (carrots, onion, tomato, spinach, celery, bell peppers), organic soy flour, sesame, yeast, cultured wheat, vinegar, sea sal",United States
Energie Matières grasses / Vetten dont acides gras saturés / waarvan verzadigde vetzuren I Glucides / Koolhydraten dont sucres/ waarvan suikers Ibtes alimentaires Vezels Protéines Eiwifien Se Zout Calcium Vitamine D,France
"For pez candy: sugar, corn syrup, adipic acid, hydrogenated palm kernel & palm oil, mono & diglycerides, natural & artificial colors fd&c red 3, yellow 5, yellow 6, blue 2.",United States
"Chickpeas, water and salt. disodium edta (added to promote color retention.)",United States
"Rbgh free cream cheese (pasteurized cultured milk and cream), salt, stabilizers (xanthan and or carob bean and/or guar gums)], brown sugar, cranberries (cranberries, sugar, sunflower oil), marionberry puree, unsalted butter (cream) (milk), hazelnuts (tree nuts), dried apricots (unsultered), apricot puree (ascorbic acid, citric acid), xanthan gum.",United States
"Cream cheese (pasteurized cultured milk, cream, salt, stabilizers [xanthan, carob bean, and/or guar gums}), cream (nonfat milk, carrageenan, mono and diglycerides, polysorbate 80), chocolate crumb (enriched wheat flour [wheat flour, niacin, reduced iron,",United States
zer SUCRES 330mle texttaitî avec t acide naturgts (extraits le dans un edraittemgéri 9 Bretagna CS,France
"Bebida de soja 78% (agua, habas de soja 9%), azúcar, arándanos, fosfato de calcio (E-341), zumo concentrado de arándanos, espesantes: harina de semillas de algarroba (E-410), pectina (E-440); aroma natural, fermentos seleccionados.","Spain,Switzerland"
"Sauce bolognaise : eau, purée de tomate mi-réduite 19 %, carottes 5 %, viande bovine 5 %, oignons, amidon modifié de maïs, vin blanc, sucre, sel, arômes, huile de tournesol. Spaghetti courts 9 % : semoule de blé dur (contient _gluten_), blanc d'_oeuf_.",France
"Oats, sunflower seeds, cranberries (cranberries, sugar, safflower oil), honey, coconut oil, pumpkin seeds, chia; quinoa, flax, pure orange oil.",United States
"Cultured nonfat milk, cream, less than 2% of whey, salt, maltodextrin, guar gum, citric acid, carrageenan,mono and diglycerides, locust bean gum, polysorbate 80, potassium sorbate (preservative), natural and artificial flavor, enzyme.",United States
"Enriched flour (wheat flour, niacin, reduced iron, thiamine mononitrate, riboflavin, folic acid), sugar, vegetable shortening (canola, palm oil and palm kernel oils), lemon filling (invert sugar, sugar, glucose, sorbitol, natural flavor, pectin, sodium ci",United States
"Unbleached wheat flour [wheat flour, ascorbic acid (natural dough conditioner), niacin [vitamin b-3], iron [ferrous sulphate], thiamin mononitrate [vitamin b-1], riboflavin [vitamin b-2], folic acid], filtered water, whole grain wheat flour including germ, cranberries (cranberries, sugar, sunflower oil), organic cane sugar, orange puree (concentrated orange juice, water, concentrated tangerine juice, orange pulp, ground oranges an orange oil), sour dough (organic unbleached flour [wheat flour, niacin [vitamin b-3], iron [ferrous sulphate], thiamin mononitrate [vitamin b-1], riboflavin [vitamin b-2], folic acid], filtered water, sea salt, yeast, sunflower oil) crushed oranges, yeast, sea salt, sunflower oil, cultured wheat starch, citric acid, amylase (enzyme).",United States
"Farine de _blé_, sucre, _œufs_ frais 20%, huile de colza, stabilisant : sorbitols, sirop de glucose-fructose, arômes, poudres à lever : E450, E500, sel, amidon de maïs, correcteur d'acidité : acide citrique, amidon de _blé_.",France
Sucre liquide - eau - acidifiant : acide citrique - arôme - jus concentré de sureau - colorant : E151. Contient un extrait de violette,France
"Semoule de blé dur, eau.",Guadeloupe
"Organic sprouted pumpkin seeds, organic raisins, organic sprouted almonds, organic mango, organic dark chocolate chips organic chocolate liquor, organic cane sugar, organic butter, soy lecithin (non-gmo), organic vanilla extract), organic toasted coconut",United States
Grade a cultured cream.,United States
"Viande de porc (dont jambon 20 %), eau, gras de porc, sel, plasma de porc déshydraté, sirop de glucose, stabilisants : diphosphates, triphosphates, polyphosphates, dextrose, épices et plantes aromatiques, arômes, exhausteur de goût : glutamate monosodique, acidifiant : glucono-delta-lactone, antioxydants : acide ascorbique et ascorbate de sodium, conservateur : nitrite de sodium. Boyau non comestible.",France
"Butter pecan ice cream ingredients: milk, cream, skim milk, sugar, corn syrup, roasted pecans (pecans, peanut oil, butter, salt), whey protein concentrate, whey, buttermilk, natural flavor, guar gum, mono and diglycerides, xanthan gum, salt, annatto extract and turmeric (for color), carrageenan.",United States
"Egg whites, whipped topping (water, partially hydrogenated palm kernel oil, high fructose corn syrup, corn syrup, sugar, artificial flavor), sugar, enriched flour (bleached wheat flour enriched, niacin, iron, thiamine mononitrate, riboflavin, folic acid),",United States
"Aged cayenne peppers, vinegar, salt, butter, lemon, spices, garlic, natural gum.",United States
"Water, milk protein concentrate, nonfat milk, sugar, glucose, sunflower oil, taurine, cocoa powder, microcrystalline cellulose, sodium citrate, potassium phosphate, salt, sodium bicarbonate, mono and diglycerides, caffeine, ascorbic acid, natural flavors,",United States
"Blanc d'_oeufs_, chocolat 29 % (sucre, beurre de cacao, poudre de _lait_ entier, émulsifiant : lécithine de _soja_, arôme naturel de vanille), _beurre_, _crème_ liquide, sirop glucose poudre, sucre, poudre de blanc d'_oeuf_.",France
"Feta cheese (pasteurized skim milk, cheese cultures, salt, enzymes, vitamin a palmitate), powdered cellulose (to prevent caking), natamycin (a natural mold inhibitor).",United States
"Farine de blé, Œufs, Sucre, Farine de châtaignes 10%, Huile de tournesol, à Lever (pyrcphosphate acide de sodium, bicarbonate de sodium), Sucre inverti. des trcces de fruits à coque. A conserver au sec et à l'abri de la chaleur. : Les cre:lettes sont cuites dans de l'huile de tournesol. pour 100 g : Valeur énergétique : 472 kcal - 1983 kJ, Graisses : 17,6 g dont : 1,89 g, Glucides : 71,5 g dont Sucres : 17,7 g, Protéines : 6 g, Sel g Fabriqué en Corse, distribué",France
"Water, sugar, powdered milk, oat flour, mono and diglycerides, carrageenan, guar gum, artificial caramel flavor, sodium tripolyphosphate.",United States
Miel d'Acacia,France
"Tomato concentrate (tomato paste, water), distilled white vinegar, high fructose corn syrup, horseradish, salt, corn syrup, contains 2% or less of : soybean oil, dehydrated onions, natural flavorings, onion powder, spices, garlic powder.",United States
"Soybeans, sea salt, wasabi powder (wasabi oil, dextrin).",United States
"Oranges 67 %, sucres extraits de fruits, citrons, gélifiant : pectine de fruits.",France
"Water, nonfat milk, sugar, modified corn starch, partially hydrogenated palm oil, cocoa (processed with alkali), less than 2% of: calcium carbonate, salt, sodium stearoyl lactylate, artificial flavor, color added.",United States
"Organic grade a lowfat milk, organic cane sugar, organic cocoa (dutch process), organic cocoa, organic vanilla extract, gellan gum, dha algal oil,* ascorbic acid and vitamin e blend ( to preserve freshness),* salt, vitamin a palmitate, vitamin d3.",United States
"Filtered water, pumpkin, butternut squash, cream, sugar, cornstarch, salt, vegetable flavor concentrate (vegetable juice concentrate [carrot, celeriac, onion], cooked vegetables [carrot, onion, celery], tomato paste, yeast extract, sea salt, sugar, molasses, onion powder, potato flour, flavor, canola oil), spices.",United States
Lait frais entier pasteurisé et ferments lactiques.,France
"Thé noir 90 %, arômes 8 %, fruits rouges (fraise, framboise, cassis, granulé de jus de cerise) 2 %.",France
"Carbonated water, apple juice concentrate, citric acid, natural flavor, potassium benzoate and potassium sorbate (preservatives), sucralose, gum acacia, green tea, ester gum, calcium chloride, calcium disodium edta (to protect flavor), magnesium sulfate,",United States
"Brauwasser, _Gerstenmalz_, Hopfen",Germany
"Pasteurisierte _Schaf_ und Ziegen _milch_, Speisesalz, Lab, Käsereikulturen.",France
"Spécialité de Pomme Myrtille 130% de sucres en moins qu'une compote classique]. Ingrédients : pomme 80,6%, myr 15,2%, sucre, arôme naturel, antioxydant : acide ascorbique. Sans gluten. A consommer de préférence avant le/ N° de lot: ci-dessus. Fabriqué en France.",France
Miel,France
"Brewed organic guayusa (purified water and organic guayusa leaves), organic cane sugar, organic lemon emulsion, organic lemon extract, lemongrass extract, citric acid, Vitamin C (ascorbic acid)",United States
Canola oil.,United States
"lait* de brebis, ferments lactiques. - * Ingrédient issu de l'agriculture biologique.",France
"Jalapeno, pure cane sugar, cider vinegar, garlic, cayenne pepper, turmeric, celery seed",United States
Jus de pamplemousse rose.,France
"Sugar, cocoa butter, milk, chocolate, lactose, skim milk, soya lecithin (emulsifier), barley malt powder, artificial flavor.",United States
"Pasteurized milk, cheese cultures, salt, enzymes, annatto color.",United States
"Sugar, enriched bleached flour (bleached wheat flour niacin, iron, thiamine mononitrate, riboflavin, folic acid), cocoa (processed with alkali), partially hydrogenated vegetable shortening (contains soybean oil), contains 2% or less of: salt, artificially",United States
"Rehydrated processed peas 95%, Water, Sugar, Salt, Colours (E101, E133)",United Kingdom
"crème entière 36% (pasteuriséé [Suisse]), lait entier 33% (pasteurisé [Suisse]), purée de mangues* 21% (Inde), sucre de canne brut* (Madagascar), sel marin.     ",Switzerland
"Strained yogurt:grade a pasteurized milk and cream, live active yogurt cultures (l. bulgaricus, s. thermophilus, l. acidophilus, bifidus, l.casei), honey (20%).",United States
"Cucumbers, sugar, water, vinegar, salt, spices, red bell peppers, natural & artificial flavors xanthan gum, alum, turmeric and 1/10 of 1 % benzoate, of soda added as a preservative.",United States
"Green peas, vegetable oil (canola, sunflower, and/or safflower oil), rice, salt, calcium carbonate and vitamin c (ascorbyl palmitate).",United States
"Couscous* (semoule de blé dur) 87%, légumes* séchés 8.5% (tomates*, carottes*, oignons*), sel marin, persil*, menthe*, coriandre*, poivre* blanc, huile de tournesol* 0.05%, huile essentielle de citron* 0.01%    ",Switzerland
"Cacahuètes 52%, graine de courges 15%, noix de pécan 10%, huile de palme, riz, farine de Blé, amidon de maïs, farine de mais, sucre, sel, sauce soja (eau, soja, blé, sel), œuf en poudre, huile de tournesol. épices (piments, graines de cumin, poivre, amidon de pomme de terre, maltodextrine de pomme de terre. extrait de levure, oignon, ail, paprika en poudre, émulsifiants : lécithines et E471, amidon transformé de mais, colorant : extrait de paprika, huile de colza, correcteur d'acidité : acide citrique.",France
"céréales complètes 58% (flocons d'_avoine_ 36%, riz 13.5%, farine de _blé_), sucre de canne complet, huile de tournesol (tournesol, antioxydant, extrait de romarin), graines de courge 6.3%, sirop de blé, cannelle.",France
"Sugar, popcorn, corn syrup solids, butter blend (liquid & part hydrogenated soybean oil, water, butter (cream, salt), whey solids, salt sodium benzoate & potassium sorbate (as preservatives), butter milk solids, citric acid, art*** flavors, beta carotene",United States
"Knickebrot-Snaclc. Zutaten: Weizenvoll- kornmehl (69%), TomatenstÜcke getrock- net (7%), natives Olivenôl extra,- Leinsaat, Meersalz, Hefe, Sesam, Gerstenmajzex• trakt, Rohrohrzucker, Kriutermischung (1%) (Basilikum, Ore ano marin).",France
"Organic spread raw almonds, probiotic blend of l.acidophilus, b. bifilus, b. lactis, b. longum.",United States
"Vegetable oil (canola and/or soybean), water, sugar, distilled vinegar, vidalia onions (3%), less than 2% ground mustard seed, salt, garlic powder, minced onion, spices, carrot extract (color), modified dextrose (natural preservative), citric acid",United States
"Ingredients: sugar, fd&c yellow 5 lake, confectioner's glaze, fd&c blue #1 lake, carnauba wax.",United States
"Chicken (chicken white meat, water, potassium lactate, sodium tripolyphosphate, salt), cayenne pepper sauce (aged cayenne red peppers, distilled vinegar, water, salt, and garlic powder), celery, mayonnaise (soybean oil, eggs, water, egg yolks [egg yolks,",United States
"Sugar, corn syrup, partially hydrogenated soybean oil, condensed skim milk, cocoa, whey, soya lecithin, artificial and natural flavors.",United States
"Chia seed gel (filtered water, chia seed), coconut milk, vanilla bean paste, cinnamon.",United States
"Almonds, dried sweetened cranberries (cranberries, sugar, sunflower oil), raisins coated with less than 1% sunflower and/or canola oil, dried sweetened strawberries (strawberries, apple juice, citric acid, sunflower oil), walnuts.",United States
"Gulf shrimp, water, salt, sodium bisulfite (preservative).",United States
"Skim milk, whey (milk), palm oil, water, contains less than 2% of onion*, parsley*, salt, sugar, hydrolyzed soy and corn protein, hydrolyzed torula and brewer's yeast protein, citric acid, lactic acid, acetic acid, monosodium glutamate, food starch-modified, gelatin, sodium hexametaphosphate, locust bean gum, soy lecithin, potassium sorbate (to preserve freshness), guar gum, carrageenan, yellow 5 & 6.",United States
"Germe de _blé_ (40 %), _sésame_ complet toasté (35 %), _soja_ toasté concassé (25 %).",France
"Enriched unbleached flour [wheat flour, malted barley flour, reduced iron, thiamine mononitrate (vitamin b1), riboflavin (vitamin b2), niacin (vitamin b3), folic acid], water, yeast, sugar, wheat gluten, sorghum syrup, soybean oil, salt, wheat protein isolate, monoglycerides, sodium stearoyl lactylate, wheat starch, calcium propionate (a preservative), yellow corn flour, dextrose, spice oils (turmeric and annatto), corn starch, natural and artificial flavor, calcium sulfate, diglycerides, citric acid, lactic acid, ascorbic acid, sodium alginate, polysorbate 60.",United States
"Filtered water, not from concentrate orange juice, citric acid, fruit pectin, potassium citrate, magnesium glycinate, ascorbic acid (vitamin c), reb a, beta carotene, natural flavors, niacin (vitamin b3), thiamine hydrochloride (vitamin b1), pyridoxine hy",United States
"Pork, water, salt, spices (including fennel and pepper), vinegar, paprika, dehydrated garlic, spice extractive, lemon juice concentrate.",United States
"Sugar, enriched bleached wheat flour (flour, niacin, reduced iron, thiamine mononitrate, riboflavin, folic acid), vegetable oil shortening (partially hydrogenated soybean oil, propylene glycol mono-and diesters of fats, mono- and diglycerides), leavening (sodium bicarbobnate, dicalcium phosphate, sodium aluminum phosphate, monocalcium phosphate), wheat starch, contains 2% or less of: modified food starch, dextrose, salt, soy lecithin, natural and artificial flavor, guar gum, xanthan gum.",United States
"Margarine (Palm Oil, Water, Rapeseed Oil, Emulsifier (Mono- and Diglycerides of Fatty Acids), Salt), Maize Starch, Tapioca Starch, Water, Free Range Egg, Potato Starch, Sugar, Yeast, lnverted Sugar Syrup, Stabilisers (Xanthan Gum, Guar Gum), Cellulose, Preservative (Calcium Propionate), Salt, Rice Flour, Icing Sugar.    ",United Kingdom
"Judía verde plana 30%, guisante 30%, zanahoria 18%, champiñón 8%, alcachofa 8%, espárrago blanco 6%.",Spain
"Pasteurized milk, cane sugar, coconut oil, inulin, rice flour, citrus fiber, caramel, sea salt, natural flavors, wheat starch.",United States
Thon blanc huile d'olive (34.796) et sel iodé de un fos eu réh 5pJS,France
"Abricot Bergeron 50%, Eau, Sucre, Antioxydant: Acide  Ascorbique, Acidifiant: Acide citrique.  ",France
"Tea (water, tea powder), cane sugar, citric acid, natural flavors, sucralose.",United States
"Organic soy nuts (organic soybeans, organic sunflower oil, salt), organic sunflower kernels, organic dates (organic dates, organic oat flour, organic sunflower oil), organic pepitas, organic dried cranberries (organic cranberries, organic dried cane syrup",United States
"Enriched wheat flour (wheat flour, niacin, ferrous sulfate, thiamine mononitrate, riboflavin, folic acid), canola and/or sunflower oil, whole wheat flour, dehydrated garlic, rye flour, salt, water, yeast, caramel color, caraway seeds, natural butter flavo",United States
"Carbonated water, high fructose corn syrup, citric acid, malic acid, potassium benzoate (preservative), natural and artificial flavor, red 40.",United States
"Enriched bleached flour [wheat flour, malted barley flour, wheat starch, reduced iron, thiamine mononitrate (vitamin b1), riboflavin (vitamin b2), niacin (vitamin b3), folic acid], water, sugar, soybean oil, wheat gluten, salt, yeast, yeast nutrients (calcium sulfate, monocalcium phosphate, ammonium sulfate), calcium propionate (a mold inhibitor), monoglycerides, potassium chloride, yellow corn flour, sodium stearoyl lactylate, sodium gluconate, spice oils (turmeric and annatto), modified corn starch, citric acid, ascorbic acid, sodium alginate, polysorbate 60; topped with sesame seeds.",United States
"sucre, huile de tournesol non hydrogénée, noisettes 13%, poudre de cacao maigre 7.4%, lait écrémé en poudre, matières grasses végétales non hydrogénées (beurre de cacao, noix de coco) lactosérum en poudre doux (lait) émulsifiant (lécithines) arome",Belgium
"Peanuts, sugar, honey, vegetable oil (peanut, cottonseed, soybean and/or sunflower seed), salt, modified potato starch, maltodextrin, xanthan gum.",United States
"Purées de fruits (goyave*(21%), banane*(6,2%), acérola*(5,1%)), jus de pomme* à base de concentré, eau, sucre de canne*, antioxydant : acide ascorbique - *Ingrédients issus de l’agriculture biologique.",France
"*+dark chocolate (*+chocolate liquor, *+sugar, *+cocoa butter, and *+vanilla), *heavy cream, *rice syrup, *sugar, water, sea salt, and *vanilla extract.",United States
"Sugar, vegetable oil (coconut (tree nut), palm kernel, palm), cocoa mass, cocoa butter, whey powder, lowfat cocoa powder, whole milk powder, hazelnuts (tree nut), cereals (corn flour, rice flour, wheat flour, sugar, lowfat cocoa powder, barley's malt extr",United States
Levadura fresca,Spain
