ingredients_text,countries_en
"ail), anüoxydant (ascorbate de sodium), iodate de potassium, conservateur (nitrite de sodium), fumé au bois de hêtre. Conditionné sous atmosphèr protectrice. Ne convient pas enfants de moins de frois a liés au risque dtétouffement.",France
"Farine de _blé_, huile végétale, huile extra-vierge d'olive, tomates en poudre 3%, aromates, sel, levure, basilic 1%, épices, farine de céréales maltées, _petit-lait_ en poudre, amidon de blé, _lactose_, extrait de levure.","France,Italy"
"Fromage nature (400 g) : lait de vache pasteurisé, sel, coagulant, chlorure de calcium, ferments lactiques et de surface, rocou, carmin de cochenille, natamycine, lysozyme (contient oeuf). Fromage aromatisé poivre (200 g) : Lait de vache pasteurisé, sel, poivres verts et noir, arôme naturel poivre, coagulant, chlorure de calcium, ferments lactiques et de surface, rocou, carmin de cochenille, natamycine, lysozyme (contient oeuf). Fromage goût fumé (200 g) : lait de vache pasteurisé, sel, coagulant, chlorure de calcium, ferments lactiques et de surface, natamycine, lysozyme (contient oeuf), rocou, caramel, arôme de fumée.",France
Split mung beans,United States
"Corn syrup, sugar, hydrogenated palm kernel oil, salt, natural and artificial flavors, modified food starch (corn), soy protein, egg whites, soy lecithin, yellow 5, red 40, yellow 6, blue 1.",United States
"_Dinkelmehl_ 35 %; Vollmilchschokolade 30 % (Rohrzucker unraffiniert, Kakaobutter, _Vollmilchpuver_, Kakaomasse), Rohrzucker unraffiniert, _Butter_, Marzipan (_Mandeln_ Rohrzucker unraffiniert, Inverzuckersirup, Wasser), Honig 1,8 %, Backtriebmittel: Natriumhydrogencarbonat (Natron) und Ammoniumhydrogencarbonat (Hirschhornsalz), Meersalz, _Vollmilchpulver_, Säuerungsmittel: Monokaliumartrat (Reinweinstein), Maisstärke.",Germany
"Wheat flour, potato, wheat starch, rice bean oil, palm oil, seasoning powder (salt, yeast extract, sugar, onion powder, hydrolyzed soy protein, coconut fat, citric acid, artificial flavors, garlic powder, disodium guanylate, disodium inosinate, parsley powder, mustard powder), onion.",United States
"Milk chocolate (sugar, cocoa butter, whole milk powder, cocoa liquor, soy lecithin [emulsifier], vanilla extract), dark chocolate (cocoa liquor, sugar, cocoa butter, soy lecithin [emulsifier], vanilla extract, graham cracker (unbleached enriched flour [wh",United States
"Queen olives, water, jalapeno peppers (acetic acid, calcium chloride, potassium sorbate as preservative), salt and lactic acid.",United States
"Pork, water, contains 2% or less of the following: salt, spices, dextrose, sodium tripolyphosphate, monosodium glutamate, natural flavor, bha, bht, citric acid.",United States
"Cacao, pure cane sugar, whole milk, whole vanilla bean.",United States
"Sugar, corn syrup, partially hydrogenated soybean oil, condensed skim milk, cocoa, whey, soya lecithin, artificial and natural flavors.",United States
Natural sea salt.,United States
"All natural coconut water, natural watermelon flavor",United States
"_Weizenmehl_, Zucker. pﬂanzliche Fette (Palm, Palmkern, Kokos in veränderlichen Gewichtsanteilen), Glukosesirup, fettarmes Kakaopulver (4%), Backtriebmittel (Ammoniumhydrogencarbonat, Natriumhydrogencarbonat), Speisesalz, _Magermilchpulver_, _Molkenerzeugnis_, Säureregulator (Natriumcarbonat). Kann Spuren ent alten von: Sofa, Sulﬁte. ﬁchalenfrüchtçn (Ç : Hasçlnﬁsse), Ei. Vo_r Wärme sçhützen. Trocken. lagemz Hergestelrlt in  ","Germany,Switzerland"
"céréales complètes (24%) (flocons d'avoine), sirop de glucose, morceaux de soja torréfiés, farine de riz, sucre, farine de blé, huile de palme, sirop de fructose-glucose, dextrose, riz soufflé, framboise (1.6%), jus de citron concentré, humectant (glycérol), compote de pommes concentré (1.3%), farine d'avoine, compote de framboises concentrée (0.4%), extrait de malt d’orge, lait écrémé en poudre, jus concentré de bale de sureau, matière grasse de palme, arôme, fibres de blé, sel, arômes naturels, correcteurs d’acidité (acide malique, acide citrique), aliments colorants (concentrés de carotte noire, myrtille, cassis), gélifiant (pectine), émulsifiants (lécithine de soja, lécithine de tournesol",Switzerland
"Potatoes, vegetable oil (contains one or more of the following: corn, sunflower, or canola oil), and salt.",United States
"? pommes* (90 %), ? rhubarbe* (demeter&quot;) (10 %) * Ingrédient issu de l'agriculture biologique demcter est la /ljamuc des produits issus de l'agriculture bio-dynamique certifiée Contient des sucres naturellement présents Conseil d'utilisation : Après ouverture, conserver au réfrigérateur. Analyse nutritionnelle moyenne pour 100 ml 220 kJ - 52 kcal Energie Matières grasses Og",France
"_Lachs_, Speisesalz, Zucker, Buchenholzrauch",Germany
"Corn syrup, sugar, modified food starch, natural and artificial flavors, citric acid, sodium citrate, mineral oil, carnauba wax, artificial colors (fd&c red #40).",United States
beurre pasteurisé,France
"Ingredients: green beans, water",United States
"Boneless skinless chicken breast, water, seasoning (spices, salt, dried garlic, dried red and green bell pepper, dried onion, yeast extract, sugar, cilantro flakes, citric acid, natural flavor, grill flavor (from sunflower oil), natural smoke flavor).",United States
"Farine de blé 50,6% eau flocons de blé malté toasté 10,4% - graines de tournesol 3,3% - gluten de blé lesure - flocons de seigle malté 2% - flocons de blé 2% huile de colza sucre sel - dextrose - vinaigre d'alcool conservateur : propionate de calcium - émulsifiants . esters monoacétyltartriques et diacétyltartriques des mono- et diglycérides d'acides gras, mono- et diglycérides d'acides gras graines de lin brun 0,2% - graines de millet 0,2% - graines de payotSOJ2?/o? - farine d'orge maltée toastée 0,2% - antioxydant : acide ascorbique - farine d'orge maltée torréfiée 0,01%.",France
Canola oil.,United States
"Cream, skim milk, water, liquid sugar (sugar, water), brown sugar, egg yolks, dried cane syrup, wheat flour, eggs, coconut oil, sugar, butter (cream, salt), milkfat, soybean oil, corn syrup, salt, guar gum, vanilla extract, corn starch, monocalcium phosphate, sodium acid pyrophosphate, sodium bicarbonate, cocoa, molasses, natural flavor, paprika extract (color), soy lecithin, carrageenan, lemon juice concentrate.",United States
"Jambon de porc, sel, dextrose, arômes, antioxydant : E316, conservateur : E250.",France
"Sucre - poudre de lait entier - beurre de cacao - vanille bourbon en poudre 0,4% - arôme naturel de vanille bourbon - émulsifiant : lécithine de colza. Traces de gluten, d'œuf, de soja et de fruits à coque.",France
"Crème glacée vanille : lait écrémé réhydraté, crème fraîche liquide 20%, sirop de glucose-fructose de blé, sucre, lait écrémé concentré, lactose et protéines de lait, extraits de vanille 0,5%, émulsifiant : mono- et diglycérides d'acides gras d'origine végétale, stabilisants (farine de graine de caroube, gomme de guar, carraghénanes), gousses de vanille épuisées broyées colorant : beta-carotène",France
Organic honey.,United States
"Pâte de cacao, sucre, cacao maigre en poudre, _lactose_, beurre de cacao, émulsifiant : lécithine de _soja_, arôme.",France
"lait de vache cru, crème, sel, présure, fleur de surface.",France
"Imported italian tomatoes, cannellini beans, pure italian olive oil, fresh onions, fresh garlic, citric acid, fresh basil leaf, sea salt, spices.",United States
"Préparation à base de surimi saveur crabe 35 % (surimi 13,4 % (chair de _poisson_ 12,2 %, sucre, stabilisants : E420 - E450, blancs d'_œufs_), eau, fécule de pomme de terre, blanc d'_œuf_ réhydraté, huile de colza, sel, sucre, colorants : E120, E160c, arôme (contient _crustacés_)), huile de colza, chair de _crabe_ tourteau (cancer pagurus) 12 %, eau, _œufs_, vinaigre, sucre, poudre de jaunes d'_œufs_, _moutarde_ (eau, vinaigre, graines de moutarde, sel, épices), sel, extraits naturels et aromates (contient _poisson_), jaunes d'_œufs_ salés, amidon transformé de maïs, acidifiant : E330, conservateurs : E202 - E211, épaississant : E415, antioxydant : E385.",France
"*organic raw cane sugar, *organic cocoa butter, organic whole milk powder, *organic chocolate liquor, *organic unrefined whole cane sugar.",United States
"Wheat farina, malted barley, calcium carbonate, ferric orthophosphate (iron), niacin (niacinamide), vitamin b6 (pyridoxine hydrochloride), folate (folic acid), vitamin b1 (thiamin mononitrate), vitamin b2 (riboflavin).",United States
"Agua, semillas de _soja_* (8%), azúcar, cacao magro en polvo* (1,6%), alga marina Lithothamnium calcareum, sal marina, espesante: carragenanos (E-407). (* Ingredientes procedentes de la agricultura ecológica).",Spain
Organic peanuts and sea salt.,United States
"Durum semolina, niacin, ferrous sulfate (iron), thiamine mononitrate, riboflavin, folic acid.",United States
"Torsades cuites et assaisonnées 34 % (eau, semoule de blé dur, blanc d'œuf, curcuma, huile de colza, sel), eau, Noix de Saint-Jacques 10 % (*Zygochlamys patagonica, origine Argentine), carottes 7,6 %, crevettes 6,6 % (dont sel), poireaux 5 % (dont sel), céleri 4,2 %, crème fraîche, jus de citron, sauce soja (eau, graines de soja, blé, sel), miel, amidon transformé de riz, huile de colza, gingembre, ail, coriandre, sel, poivre, gomme de xanthane.",France
"Organic tomato puree, organic sugar, organic white vinegar, salt, organic onion powder, organic spices",United States
"Water, sugar, wheat flour, high fructose corn syrup, chocolate chips (sugar, chocolate liquor, anhydrous dextrose, cocoa butter, soy lecithin [emulsifier], vanilla extract), glycerol, cocoa, modified tapioca starch, partially hydrogenated soybean oil, pal",United States
Vegetables,Ireland
"Whole milk, sugar, cream, cocoa processed with alkali, skim milk powder, cocoa liquor, cocoa butter, soy lecithin, vanilla extract, locust bean gum, guar gum, carrageenan, mono and di glycerides",United States
"eau, graines de moutarde 27%, vinaigre de table, vinaigre de vin (avec estragon), sel de cuisine, sucre, épices, curcuma, épaississant: E415. ",Switzerland
"Céréales 51,5 % (farines de _blé_ et de _seigle_), sucre, matières grasses hydrogénées et non hydrogénées (palme, coprah, colza), sirop de glucose, poudre de cacao maigre 3,9 %, _lactose_, poudres à lever : carbonates de sodium, carbonates d'ammonium, diphosphates, _lait_ écrémé et _lait_ entier en poudre, sel, arômes, émulsifiant : lécithines de tournesol, protéines de _lait_.",France
"Milk, sugar",United States
"Poitrine de dinde (78 %), eau (17 %), amidon modifié (E1420) (1 %), sucre, sel, stabilisants (E407, E452), conservateurs (E250, E325), poivre noir, paprika épicé, romarin, fibres alimentaires, arôme fumée, arôme de poulet.",France
"Potatoes, sunflower and/or canola oil, salt.",United States
"Semolina, dried sweet corn, dried carrot, dried squash, niacin, ferrous sulfate (iron), thiamin mononitrate, riboflavin, folic acid.",United States
"Dates, orange chocolate chunks (dark confectionery coating {sugar, partially hydrogenated vegetable oils [palm kernel, palm, coconut], cocoa powder processed with alkali, cocoa powder, whey [milk], soy lecithin [emulsifier], sorbitan monostearate, polysorbate 60, salt, vanillin [artificial flavoring]}, orange oil).",United States
"Pasteurisert _melk_ og _fløte_, salt, løk, stabilisator (johannesbrødkjernemel og guarkjernemel), paprika, krydder, hvitløk",Norway
"Eau, sucre, miel (0,18%), extrait de thé vert (0,14%), arôme naturel, antioxydant : acide ascorbique, acidifiant : acide citrique, arôme ginseng",France
"Bread crumbs (enriched flour[flour, malted barley, niacin, ferrous sulfate, thiamine mononitrate (vitamin b1), riboflavin (vitamin b2), folic acid], high fructose corn syrup, corn syrup, partially hydrogenated vegetable oil (soybean and/or cottonseed and/or corn canola oils), water gluten, whey, soy flour, whole wheat flour, rye flour, corn flour, oat bran, corn meal, rice flour, potato flour, butter, dough conditioners (mono- and diglycerides, sodium and/or calcium srearoyl lactylate, soy lecithin, calcium carbonate), yeast nutrients (ammonium sulfate, calcium sulfate, monocalcium phosphate), distilled vinegar, skim milk, buttermilk, lactic acid, calcium propionate (preservative), potassium sorbate (preservative), sesame seeds, sunflower seeds, eggs), seasoning blend (garlic, onion, monosodium glutamate, salt, parsley, oregano, cumin, tricalcium phosphate), salt and dehydrated parsley.",United States
"Peppers, distilled vinegar, water, salt, calcium chloride, natural flavors, yellow #5, sodium benzoate and sodium metabisulfite (to preserve freshness).",United States
"Morue 50%, huiles végétales (tournesol, colza), farine de blé, oeuf, poivrons rouges, oignons préfrits (oignons, huile de tournesol), fécule de pomme de terre, eau, flocons de pomme de terre, huile d'olive vierge extra, persil, ail, agents levants (poudre à lever : E450i, E500ii, amidon de froment, farine de froment), blanc d'?uf en poudre, épice et extrait d'épice 0.4%, [Oh exprimés sur la totalité du produit.) Traces possibles de lait, crustacés, céleri, soja, mollusques, moutarde.",France
"_Speisequark_, 9% _Joghurt_ mild aus entrahmter Milch",Germany
"Whole pasteurized bufala milk, calcium chloride, salt, fermented lactics, rennet.",United States
"Ingredients: water, whole soybeans, calcium,aulfate, nigari (sea water extract)",United States
"Mangoes, water, sugar, lemon juice, dextrose, less than 1% guar gum and locust bean gum.",United States
"Organic dates, organic chia seeds, organic coconut.",United States
"eau, huile de colza, amidon modifié, sirop de glucose-fructose, arôme (contient du lactose), vinaigre, jaune d'oeuf, poudre de crème, acidifiants:glucono-delta-lactone-acide tartrique-acide citrique-acide lactique, extrait de levure, sel, colorants:beta carotène - extrait de paprika, protéines de lactosérum (contient du lactose), conservateur: sorbate de potassium - benzoate de sodium, épaississants: farine de graines de caroube-gomme xanthane, poudre d'oignons, poudre d'ail, extrait d'épice.",France
"Non-dairy product ingredients: water, cane sugar, palm oil, contains 2% or less of: sodium , caseinate (a milk derivative)*, dipotassium, phosphate, natural and artificial flavors, mono and diglycerides, sodium stearoyl lactylate, polysorbate 60, carragee",United States
Limones de la variedad Primofiori. Categoría I. Calibre: 3/4 ,Spain
"Enriched bleached flour (wheat flour, niacin, reduced iron, thiamin mononitrate [vitamin b1], riboflavin [vitamin b2], folic acid), sugar, corn syrup, water, palm and palm kernel oil, palm and soybean oils with tbhq and citric acid to protect flavor, cocoa, invert sugar. contains 2% or less of each of the following: soy flour, barley malt extract, leavening (baking soda, sodium aluminum phosphate), kosher gelatin, nonfat dry milk, corn starch, modified tapioca and corn starch, salt, datem, annatto extract (color), soy lecithin, mono- and diglycerides, natural and artificial flavors, spice, whey, egg whites, soybean oil.",United States
"Romaine lettuce, carrot, red cabbage.",United States
"Carbonated water, high fructose corn syrup, citric acid, natural and artificial flavors, sodium benzoate (a preservative), potassium citrate, red 40, blue 1.",United States
"Glucose syrup, sugar, vegetable fat, gelatine. acidulant (citric acid), fruit powder mixture (1%), colouring (beetroot red), vitamin c, natural flavouring.",United States
100% café.,France
"Pepperoncini, water, salt, vinegar, citric acid, sodium metabisulfite (to retain color) sodium benzoate, fd&c yellow#5",United States
"Water, balsamic vinegar, soybean oil, vinegar, sugar, extra virgin olive oil, salt, contains less than 2% of: spices, xanthan gum, onion, garlic, red bell peppers*, parsley*, sorbic acid, citric acid, paprika (color).",United States
"_Weizenmehl_, Pflanzenmargarine (Palmöl, Palmkernöl, Palmstearin, Sonnenblumenöl, Wasser, Emulgator: _Sojalecithin_, natürliches Aroma, Zitronensäure), Rosinen (16%), _Gerstenmalzsirup_, _Weizenvollkornmehl_, _Haselnüsse_, _Sesam_, Dattelstückchen (4%), Korinthen (4%), _Eier_, Kokosraspel, _Sojamehl_, Zitronensaft, Reismalzsirup, _Mandelblättchen_, Meersalz.",Germany
"Banana peppers, water, salt, vinegar, tumeric, polysorbate 80.",United States
"Peaches, water, ascorbic acid (vitamin c) to protect color, citric acid, sucralose and acesulfame k",United States
"Enriched wheat flour (wheat flour, ascorbic acid added as dough conditioner, iron, reduced iron, thiamine mononitrate, riboflavin, enzymes, folic acid, sugar, soybean and/or canola oil, water, eggs, chocolate chips (sugar, chocolate liquor, cocoa butter, dextrose, soy lecithin, natural flavor), buttermilk (part-skim milk, salt, sodium citrate, bacterial culture), artificial flavor, baking powder (sodium acid pyrophosphate, sodium bicarbonate, cornstarch, monocalcium phosphate), dextrose, whey powder, salt, mono- and diglycerides, egg whites, sodium stearoyl lactylate, xanthan gum, cellulose gum, citric acid, soy lecithin.",United States
"Whole wheat flour, water, wildflower honey, wheat gluten, sunflower seeds, poppy seeds, sesame seeds, salt, yeast.",United States
"Filtered water, organic corn, organic potatoes, organic onions, organic cream, organic lowfat milk, organic carrots, organic bell peppers, organic green chiles, organic celery, organic grade aa butter (organic cream, salt), organic leeks, organic cornstar",United States
Organic peanuts,United States
"Pork rinds, sunflower oil, salt, maltodextrin, vinegar solids, garlic powder, sugar, malic acid, citric acid, modified food starch, dill, dextrose, canola oil, natural flavor, and acetic acid.",United States
"Fromage 50 % (_lait_ de vache pasteurisé, sel, ferments _lactiques_, enzyme coagulante), huile de colza 49,3 %, herbes de Provence 0,4 %, poivrons rouges 0,3 %.",France
"Alaska pollock, water, egg whites, corn starch, sugar, sorbitol, contains 2% or less of: king crab meat, natural and artificial flavor (extracts of blue crab, snow crab, lobster, and alaska pollock), refined fish oil* (anchovy, sardine), rice wine (water, rice, koji), modified tapioca starch, sea salt, carrageenan, yam flour, potassium chloride, disodium inosinate, sodium pyrophosphate, soy lecithin, carmine, paprika, color added.",United States
"Tomates séchées partiellement réhydratées 53 % (_Anhydride sulfureux_), huile de tournesol, huile d'olive vierge extra, sel marin, sucre, origan, poivre noir moulu, ail (en poudre), arômes, correcteurs d'acidité : acide lactique, acide citrique, affermissant : chlorure de calcium",France
"Apples, high fructose corn syrup, corn syrup, water, ascorbic acid (to maintain color).",United States
"Sugar, enriched bleached wheat flour (flour, niacin, iron, thiamine mononitrate, riboflavin, folic acid), soybean oil, water, eggs, pumpkin, contains 2% or less of: maragarine (palm oil, water, salt, mono and diglycerides, soy lecithin, sodium benzoate, a",United States
"Saumon atlantique d'élevage (Salmo salar) 93,1 %, sel, zeste dl citron 0%, thym thym citron arôme naturel de citron. Peut contenir de traces de sésame et de moutarde. les informations en gras sont destinées aux personnes allergiques et intolérantes. Conseils de préparation : Ouvrir la barquette 20 minutes avant de servir. Conservation : à consommer iusqu'au : voir la date figurant sur l'emballage. Après ouverture, à conserver au réfrigérateur et à consommer dans les 24h. A conserver entre OOC et +40C. Produit décongelé, ne pas recongeler.",France
"Carbonated water, high fructose corn syrup, caramel color, phosphoric acid, caffeine, natural flavor, sucralose.",United States
"Légumes* 74% (pommes de terre du Val de Loire* 39,5%, haricots verts de Vendée* 27,5%, oignons d'Espagne* &quot;Champignons de Paris&quot; de Hollande* 2%), eau de cuisson, viande de dinde fermière du Poitou* 8,5%, huile d'olive vierge extra*, persil de France*. *Ingrédients issus de l'agriculture biologique Analyse nutritionnelle moyenne pour 100g Voedingswaardevermelding voor 100g",France
"Sucre, farine de _blé_ tendre, _beurre_ frais 25 %, _oeufs_ frais, poudres à lever (diphosphates et carbonates de sodium (_blé_)), arôme naturel et arôme naturel de vanille sel.",France
"_Œufs_ frais (origine France) 30 %, chair de _brochet_ (20%), semoule de _blé_ dur, eau, beurre (dont _lait_) (origine France) 11.9%, _lait_ entier, sel",France
"Zucker, Kakaobutter, Kakaomasse, _Vollmilchpulver_, Glukosesirup, _Butter_, _Kondesmilch_, _Schlagsahne_, Wasser, _Haselnusskerne_, Kaffeepulver, Emulgator: _Sojalecithin_; Vanilleextrakt",Germany
"Canola or soybean oil, horseradish, water, dijon mustard (distilled vinegar water, mustard seed, salt, white wine, guar gum, citric acid, tartaric acid, sugar, turmeric spices), egg yolks, distilled vinegar, garlic, spices, sea salt, lemon juice concentra",United States
Sliced Mushrooms,Australia
"Pasteurized organic whole milk, carrots, carrot juice concentrate, sea salt, honey, live active cultures.",United States
Viande de porc dans le filet,France
"Ingredients: water, green chili (30%), ,sugar, garlic (4.1%), salt, acidity regulator (acetic acid : e260), thickener (modified corn starch : e1422), stabilizer(xanthan gum : e415)",United States
"Green tea, citric acid, maltodextrin, sucralose & acesulfame potassium (as sweeteners), sugar, modified corn starch, dextrose, natural flavors",United States
"Cocoa liquor, sugar, almonds (15%), cocoa butter, emulsifier: soy lecithin.",United States
"Calamata olives, extra virgin olive oil, salt, garlic, lactic acid, and/or vinegar.",United States
"Filtered water, sugar, condensed skim milk, cream, pectin, fumaric acid natural flavor, ascorbic acid (vitamin c), lactic acid, purple sweet potato juice (color), citric acid, reb a (purified stevia extract), panax ginseng root extract, yerba mate extract",United States
"Peaches, water, nonfat yogurt (cultured pasteurized fat free milk, fat free milk solids), skim milk, milk, sugar, orange juice concentrate, cream, contains less than 2% of: ascorbic acid, gelatin, modified corn starch, natural flavor, steviol glycosides, vanilla extract, xanthan gum.",United States
"Pasteurized organic sweet cream, natural flavoring.",United States
"farine de blé enrichie, sucre/glucose-fructose, huile de palme modifiée, beurre, bicarbonate de sodium, sel, lécithine de soja, arôme artificiel. ",Canada
"Acqua, Farina di riso (16,6%), Amido di riso, Zucchero, Margarina vegetale non idrogenata (olio di palma non raffinato 96%, acqua), Addensanti: farina di semi di guar, Idrossipropilmetilcellulosa, Lievito di birra, Farina di riso integrale, Proteine di lupino, Sorbitolo, Emulsionanti: mono e di-gliceridi degli acidi grassi, Sale, Destrosio, Fibra di psyllium, Estratto di lievito, Aromi, Regolatore d'acidità: acido tartarico",Italy
"60% fenouils bio, 20% pommes bio, eau, 5% riz basmati bio, 1,5% huile d'olive vierge extra bio, vanille bio en gousse",France
Pumpkin seeds,United States
"Water, gelatin, citric acid, aspartame*, potassium sorbate (preservative), acesulfame potassium, salt, sodium citrate. if strawberry banana: artificial flavor, red 40, blue 1; if mandarin orange: natural flavor, yellow 6; if lime: natural flavor, yellow 5",United States
"Olive oil, tomatoes (25%), cashew nuts, basil (20%), sea salt, pine nuts, onions, citric acid.",United States
"sucre, amidon de blé et de mais, sirop de glucose, colorants riboflavine, complexes cuivre chlorophylines, anthocyanes, jus de betteraves concentré, matière grasse végétale (noix de coco), agent d'enrobage (cire d'abeille), colorants naturels, colorant issu de chlorophylle végétale",France
Quinoa rouge ,Switzerland
"Farine de _blé_ 65%, eau, sucre, huile de colza, sel, gluten de _blé_, arôme, levure, vinaigre, farine de fèves, extrait d'acérola.",France
"Citric acid, potassium and sodium citrate, natural flavor, aspartame,* magnesium oxide, contains less than 2% of: lemon juice solids, acesulfame potassium, maltodextrin, calcium silicate, gum arabic, artificial color, yellow 5.",United States
"Thés (46.7 %), orange (20 %), cynorrhodon (20 %), menthe marocaine (13.3 %). 100 % des ingrédients sont issus de IIAgriculture Biologique.",France
"Organic almonds, organic tapioca syrup, organic dried cane syrup, organic dried cherries, organic roasted soybeans, organic inulin, organic rice flour, organic cashews, organic dried cranberries, organic unsweetened chocolate, organic palm kernel solids, organic cocoa, organic almond butter, organic sunflower oil, salt, organic cocoa butter, soy lecithin, organic natural flavors, organic vanilla extract, mixed tocopherols (antioxidant), calcium carbonate.",United States
"Prepared white beans (water, white beans), water, high fructose corn syrup, tomato puree (water, tomato paste), less than 2% of: molasses, smoked uncured bacon, no nitrites or nitrates added (pork, water, salt, sugar, natural smoke flavor, natural flavors",United States
"Guava, citric acid, sugar, salt, fd&c yellow # 5 sulphur dioxide (as a preservative).",United States
"Roasted peanuts (93%), brown sugar, palm oil, salt",United Kingdom
"_Roggenvollkorn_ (Mehl und Schrot), Wasser, Natursaurteig (Wasser, _Roggenvollkornmehl_, _Roggenmehl_), _Weizenvollkornmehl_, _Weizenmehl_, _Roggenflocken_, _Roggenmehl_, Invertzuckersirup, Salz, Karamellsirup, Hefe.",Germany
"Water, partially hydrogenated palm kernel oil, sugar, dextrose, contains less than 2% of: sorbitol, sodium caseinate*, (a milk derivative), mono and diglycerides, carrageenan, polysorbate 80, sorbitol monostearate, artificial flavor, salt, propellant: nitrous oxide.",United States
"Sugar, glucose syrup, corn starch, high fructose corn syrup, food starch - modified (potato), citric acid: contains less than 2% of: dextrose, malic acid, lactic acid, gelatin, artificial flavors, fumaric acid, artificial colors, glycerol, sorbitol, salt, red 40, blue 1, yellow 5, yellow 6.",United States
"Enriched wheat flour (flour, malted barley flour, reduced iron, niacin, thiamin mononitrate (vitamin b1), riboflavin (vitamin b2), folic acid), water, whole wheat flour, sugar, yeast, wheat gluten, salt, molasses, butter (milk)**, calcium propionate (preservative), wheat bran, monoglycerides, datem, grain vinegar, cellulose gum, calcium sulfate, natural flavors, soy lecithin, citric acid, potassium iodate.",United States
"LAIT pasteurisé de vache (Origine I France), sel, ferments lactiques, colorant: E160b, conserateur lysozyme (OEUF). Valeurs nutritionnelles moyennes pour 1000 Enerç»e 1529 kJ (36e kcal) , Matières grasses 2òg (dont gras satures . 200) Glucides (dont sucres , Protéines : 29g ; Sei 25g A conserver entre +2'C et +6;C 000810182 16:03 B Prix de l'unite: 4.43? P_r1X au kg:",France
"Lowfat milk, nonfat yogurt, sugar, corn syrup solids, peach puree, stabilizers (containing guar gum, carob bean gum and carrageenan), citric acid, natural peach flavor, vanilla extract, vitamin d, vitamin a, dextrose. *probiotic yogurt contains live cultu",United States
"Pasteurisierte _Milch_, _Rahm_, Salz, Kräutermischung, Gewürze, Gewürzextrakte, mikrobielles Lab, Farbstoff Paprikaextrakt, Milchsäuerungskulturen, Reifungskulturen","Belgium,Germany"
"Parmesan cheese (pasteurized milk, cheese culture, salt, enzymes), powdered cellulose to prevent caking, natamycin (mold inhibitor).",United States
"Pasteurized organic sweet cream, natural flavorings",United States
"-tic 'tac grédients: sucre, arômes, Iructosel épaississant: gomme arabique; amidon de riz, huile essentielle de menthé, agentdtenrobage:ciredecarnauba. Valeurs nutritionnelles moyennes pour 100 g: Energiel 669 kJ 1393 kcal, Matières grasses g, dont acides gras saturés 0 g, Glucides",France
"Biscuit: bleached enriched flour (wheat flour, niacin, reduced iron, thiamine mononitrate, riboflavin, folic acid), buttermilk (cultured lowfat milk, nonfat dry milk, corn starch, salt, carrageenan, pectin), partially hydrogenated soybean oil, biscuit base (sugar, leavening [sodium bicarbonate, sodium aluminum phosphate, monocalcium phosphate], enriched flour [wheat flour, niacin, reduced iron, thiamine mononitrate, riboflavin, folic acid], salt, sodium stearoyl lactylate, soybean oil), water, artificial flavor, potassium sorbate (preservative). pork sausage pam: pork, water, salt, sugar, spice, flavoring, bha and bht (antioxidants). egg patty: whole eggs, water, dry whole milk, soybean oil, salt, xanthan gum, citric acid, soy lecithin. process american sharp cheese: cultured milk and skim milk, cream, sodium citrate, salt, artificial color, sodium phosphate, sorbic acid (preservative), acetic acid, enzymes, soy lecithin.",United States
"Enriched bleached flour (wheat flour, niacin, reduced iron, thiamin mononitrate [vitamin b1], riboflavin [vitamin b2], folic acid, corn syrup, vegetable shortening (hydrogenated soybean and cottonseed oil, partially hydrogenated soybean and cottonseed oil",United States
"Unbleached enriched flour (wheat flour, malted barley flour, niacin, reduced iron, thiamin mononitrate, riboflavin, folic acid), water, high fructose, corn syrup, contains 2% or less of each of the following: yeast, salt, soybean oil, wheat gluten, dough",United States
"Roasted salted peanuts (peanuts, peanut, canola and/or cottonseed oil, sea salt), chocolate covered candies (milk chocolate (sugar, cocoa butter, chocolate liquor, whole milk powder, soy lecithin added as an emulsifier and vanilla), sugar, artificial colo",United States
"Ingràentes: A)JC écido citrico, K y sucrclosa, cotes de feta en el lote",France
"Beef, water, contains less than 2% of the following: dextrose, natural flavorings, sea salt, sugar, yeast extract.",United States
"Tarte normande d22 (poudre à décor (dextrose, amidon de _blé_, correcteur d’acidité : carbonate de calcium, émulsifiant : E470a, matière grasse végétale non hydrogénée, arôme naturel (_lait_)), pomme 42.5%, farine de _froment_, sucre, eau, _œufs_ frais, _beurre_ frais, _lait_ entier frais, amidon de maïs, _crème_ fraîche, poudre à lever: E450ai, E500ii, antioxygènes : E330, E300, sel, arômes, colorants: rocou, riboflavine))",France
"Sucre, fraises de Sologne 43%, groseilles 4%, jus d'oranges, jus de citron, chapelure de pain d'épices 1% (_gluten_).",France
"_Lait_ écrémé et _crème_ pasteurisés de Haute-Loire, ferments _lactiques_.",France
"Enriched wheat flour (wheat flour, barley malt, niacin, reduced iron, thiamine mononitrate, riboflavin, folic acid), dextrin, salt, vegetable oil (may contain soybean, palm, safflower, sunflower and/or canola oil), maltodextrin, contains less than 2% of:",United States
"Water, sorbitol, contains less than 2% of cellulose gum, sucralose (splenda brand) (a nonnutritive sweetener), natural and artificial flavors, acesulfame potassium, potassium chloride, xanthan gum, caramel color, phosphoric acid, salt, sodium hexametaphos",United States
"Sucre, farine de _blé_, beurre de cacao, _lait_ écrémé en poudre, graisses végétales (palme, karité, noix de coco), sirop de glucose, _beurre_ concentré, émulsifiants (lécithine de _soja_, lécithine de tournesol), lactosérum en poudre (de _lait_), sel, poudre à lever (503), levure, arôme.",France
"Water, diced tomatoes, chablis wine (wine, sulfites), mushrooms, beef base (beef stock and beef flavor, onion juice concentrate, celeriac juice concentrate, carrot juice concentrate, salt, natural flavoring, tomato concentrate, yeast extract, potato flour, caramel color, citric acid and corn oil), butter (pasteurized sweet cream, starter distillate, lactic acid), modified corn starch, shallots, parsley, salt, natural flavor, phosphoric acid.",United States
"Popcorn, canola oil, seasoning (whey [milk], cheddar cheese [cultured pasteurized milk, salt, enzymes] nonfat milk, lactic acid), sea salt.",United States
"de source (83010) i, jus de fruits base concentrés 12010 (orange 5,910, pomme mangue 0,1%, fruits 0,1%), sucre, acidifiant : acide ascorbique, colorant •",France
"Enriched bleached wheat flour (wheat flour, niacin, reduced iron, thiamine mononitrate. riboflavin, folic acid), water, vegetable shortening (interesterified soybean oil, hydrogenated soybean oil and/or palm oil), contains 2% or less of salt, leavening (s",United States
"Non gmo butterfly popcorn, sunflower oil, cane sugar, pineapple, maltodextrin, salt, citric acid, extractives of habanero chili pepper.",United States
"Eau, légumes 42 % jus de tomates à base de concentré, carotte, pomme de terre, oignon, poireau, potiron, _céleri_, petit pois, navet, courgette), _lait_ écrémé reconstitué, amidon transformé de maïs, huile de colza, sucre, _beurre_ de cuisine, sel, arôme.",France
"Citric acid, maltodextrin, aspartame**, natural and artificial flavors, potassium citrate, contains less than 2% of: acesulfame potassium, calcium silicate, gum arabic, magnesium oxide, soy lecithin, artificial color, red 40, lake, blue 1.",United States
"Beef, water, salt, less than 2% brown sugar, spices, monosodium glutamate, sugar, flavorings, sodium nitrite.",United States
"édulcorants (xylitol, sorbitol, mannitol, .t S sirop de maltitol, maltitol, aspartame, acésulfame-K, sucralose), gomme base, stabilisant (glycérol), arômes, sucroesters dacides gras), épaississants (gomme de cellulose, gomme xanthane, gomme arabique), V extrait naturel de thé vert (0,196), graisse de noix (xylito\, i de coco, agent d'enrobage (cire de carnauba), antioxydant (E321), colorant (bleu brillant FCF), I Une consommation excessive peut avoir des effets laü3tifs.Contientune source de phénylalanine. Pour votre santé, une alimentation variée, équilibrée et I un mode de vie sain sont importants.",France
"Eau minérale naturelle Saint-Amand (99,4%), gaz carbonique, arôme naturel de citron vert et autres arômes naturels",France
Pecan.,United States
"72 % lait écrémé, 10% framboise (morceaux et purée), 7,8% sucre, 7% crème (lait), amidon modifié de maïs, lactose et protéines de lait, arôme naturel, concentrè de végétaux à pouvoir colorant, épaississants : pectines, gomme guar, carraghénanes; correcteur d'acidité : citrates de sodium; ferments lactiques (lait), jus de citron concentré.",France
"Créateur de biscuits depuis 1846 Ibiscuit= (32,5 g) 556 kJ 132 kcal 796* 100g 1770kJ 408 kcal","Belgium,France"
"Vinaigre d'alcool, graines de MOUTARDE, eau, sel, sucre, arôme naturel, acidifiant : acide lactique, conservateur : E224 (SULFITES)","France,Japan"
"Cooked black beans, water, onions, soybean oil, lime juice , salt, jalapeno peppers(including sulfites), sugar, garlic powder, spices.",United States
"INGREDIENTS: Piments, eau, vinagre de vin (sulfites), sel, acidulant: E-330 et antioxidant: E-300",France
"Zucker, 11% Instant-Kaffee, Aromen (mit _Milch_), Salz.","France,Germany"
Pecans.,United States
"Gelatin, adipic acid (for tartness), disodium phosphate (controls acidity), maltodextrin (from corn), fumaric acid (for tartness) contains less than 2% of artificial flavor, aspartame** and acesulfame potassium (sweeteners), red 40.",United States
"Farine de blé, édulcorant : maltitols, huile de colza, amidon de blé, dextrine de blé, arômes naturels, poudres à lever (diphosphates, carbonates de sodium, carbonates d'ammonium), émulsifiant : lécithines de colza, sel marin.",France
"_Soja_crisps (23,5%) (isoliertes _Soja_eiweiß, Stärke, Salz), Glukose-Fruktose-Sirup, geröstete _Erdnüsse_ (10,9%), Maltodextrin, _Soja_bohnen (7,2%), Erbsenprotein (6,3%), Palmfett, kandierte Cranberries (5,4%), (Zucker, Cranberries, Reismehl, Sonnenblumenöl), Fruktose, geröstete _Mandeln_ (4%), kandierte Heidelbeeren (3,4%) (Heidelbeeren, Zucker, Reismehl, Sonnenblumenöl), Feuchthaltemittel (Glycerin), natürliche Aromen, Säuerungsmittel (Citronensäure), Salz, Vanilleextrakt, Emulgator (_Soja_lecithine).",Germany
"Tomato puree, sugar, lemon juice, pectin, lemon zest, cinnamon, clove.",United States
"Pure cane sugar, sweet peppers, vinegar, mango, fruit pectin, spices, and the famous scotch bonnet pepper.",United States
"14 CHIPOLATAS AU SEL DE GUERANDE LABEL ROUGE lando de Porc origine Franco nçrèciènts: viande ce pcrc 94E. sel ce Gerance rri€s naturels, ëpices et èrt%tiques si rep ce naturel ce moyennes",France
"Lait de vache pasteurisé, sel, ferments lactiques, présure non animale origine fongique",France
"Jambon de porc (France), sel sec, dextrose, conservateur E 252, saccharose, arômes naturels.",France
Durum wheat semolina.,United States
"Apples, strawberry puree, apple juice concentrate, banana puree, blackcurrant juice concentrate, ascorbic acid (to maintain color).",United States
"Enriched wheat flour (wheat flour, niacin, reduced iron, thiamin mononitrate, riboflavin, folic acid), peanut butter (roasted peanuts, sugar, salt), salt, less than 2% of: canola oil and/or soybean oil, corn syrup, barley malt extract, leavening (contains",United States
Miel originaire et non originaire de l'Union européenne issu de l'agriculture biologique.,France
"LAIT écrémé réhydraté, sucre, beurre de cacao, LACTOSE et protéines de LAIT, pâte de cacao, huile de coco, sirop de glucose, sirop de glucose-fructose, LAIT en poudre entier, BEURRE concentré, émulsifiants (E471, lécithine de SOJA, E476), stabilisants (E410, E412, E407), gousses de vanille épuisées broyées, arôme naturel de vanille avec autres arômes naturels, arôme, colorant (E160a).",France
"22% Sultaninen (Sultaninen, Sonnenblumenöl), 20% getrocknete Cranberries (Cranberries, Apfeldicksaft, Sonnenblumenöl), _Mandeln_, 15% _Cashewkerne_, 12% getrocknete Aprikosen, 10% Buchweizen, glutenfreie Haferflocken, Bourbon-Vanille.",Germany
camembert cheese (cows' milk),United Kingdom
Pecans,United States
"Pasteurized goat milk, culture, enzymes, salt, honey.",United States
"Organic potatoes, organic expeller pressed sunflower seed, safflower seed and/or canola oil, organic maltodextrin**, organic black pepper, sea salt, organic dextrose, natural flavor, citric acid.",United States
"Roasted red bell peppers, water, salt, sugar, citric acid and calcium chloride.",United States
"Water, brown sugar, corn starch, sea salt, soy sauce powder (soybeans, salt), herbs & spices, maltodextrin, tamarind powder, garlic, onion, distilled vinegar, yeast extract, caramel color, fish sauce powder (fermented sardines), spice extract.",United States
"Brown rice flour, corn flour, gluten free oats, potato starch, potato flakes, high oleic sunflower oil (tocopherols, rosemary extract and ascorbyl palmitate added as an antioxidant), rice flour, sugar, millet, cane sugar, sea salt, whey protein concentrat",United States
"Eau de source 87% ; jus de fruits à base de concentrés 12% (orange 5,5%, pomme 5,3%, ananas 1%, mangue 0,1%, fruits de la passion 0,1%) ; acidifiant: acide citrique ; arômes naturels; édulcorants : aspartame, acésulfame-K; antioxydant : acide ascorbique ; colorant: bêta-carotène. Contient une source de phénylalanine.  ",France
"Farine de _blé_, matières grasses végétales (palme, colza), eau, sucre, levure, émulsifiants (E471, E472e, E481), _gluten_, sel, poudres levantes (E450, E500ii), dextrose, stabilisant : gomme guar (E412), _lactose_, _lait_ dégraissé en poudre, sirop de glucose, épaississant (E415), antioxygène (E300), jus de citron, arôme, auxiliaire technologique (enzymes).",France
"Ingrédients: garniture; sauce tomate (purée de tomates. sel. amidon transformé de mais, hurle de tournesol, sucre. origan). fourme d'Ambert (13%), emmental (5%), mozzarella (5%), olives (olives. eau, sel. stabilisateur de couleur; E579), antimottant amidon de pommes de terre.  Pâte (_soja_, _lait_, _œufs_, _fruits à coque_) : farine de _blé_, eau. levure. huile de tournesol. sel (sel,antiagglomérant E535. E536). sucre, levure déshydratée à pouvoir réducteur. _gluten_. farine de blé malté. enzymes.",France
"White tea, peach, purple corn, apple, orange, rose hip peel, hibiscus petals and natural flavors",United States
"Icing sugar, sugar, non-hydrogenated vegetable oil shortening (canola, palm, modified palm and palm kernel oil), water, bleached enriched wheat flour (wheat flour, niacin, reduced iron, thiamine mononitrate, riboflavin, folic acid), egg, vegetable oil (so",United States
"Cashews, peanut oil.",United States
"Poudre de lait écrémé, protéines de lait (émulsifiant lécithine de soja), cacao maigre en poudre, protéines de soja, protéines de pois, fibres dicacia. grasse végétale (huile de soja, sirop de glucose, protéine de lait, stabilisant : triphosphate pentasod\que. agglomérant : dioxyde de silicium, anti oxydant : tocophérol). épaississants . fécule de pomme de modifiée, graines de lin, farine de riz, minéraux (phosphate tricalcique, phosphate dipctassique, oxyde de magnésium, gluconate de zinc, pyrophosphate de fer, gluconate de manganèse, gluconate de cuivre, de potassium, sélénite de sodium, chlorure de chrome), arôme, dextrose, extrait de thé vert, sucralose et acésulfame de potassium, vitamines (A, D, E, Ci BI B2. BI 85, 86, B8s B), BI 2), maltodeftne, extait naturel de romarin.",France
"lentilles 71%, eau, huile de colza, amidon (pomme de terre, maïs cireux), purée de tomates, sel de cuisine iodé, vinaigre de table, sel de cuisine, épaississant (E415), épices, farine de riz, arôme, sucre, extraits d'épices, concentré de jus de citron. ",Switzerland
"Corn syrup, sugar, nonfat milk, hydrogeneted coconut oil, almonds, and less than 2% of honey, salt, egg whites, canola and/or safflower and/or palm oil, modified soy protein, natural flavor, tbhq and citric acid (to preserve freshness).",United States
"Sugar, corn syrup, cornstarch, modified cornstarch, natural and artificial flavors artificial colors including (red 40, yellow 5, yellow 6, blue 1).",United States
"Potatoes, vegetable oil (contains one or more of the following: corn, cottonseed, sunflower), sugar, salt, chili pepper, tomato powder, corn starch, garlic powder, sodium diacetate, spice (contains mustard), maltodextrin (from corn), torula yeast, honey,",United States
"Cabbage, water, distilled vinegar, sugar, onions, red sweet peppers, salt, spices, guar gum and dextrose, natural and artificial flavoring, turmeric, alum and artificial colors fd&c yellow no. 5, blue no. 1 and red no. 40.",United States
"Pasteurized milk, salt, annatto extract (cheese color), enzyme, cheese culture.",United States
Farine de _blé_ 54% — sucre — cacao maigre en poudre 6% - sirop de glucose - pâte de cacao 3% - amidon de _blé_ — farine de riz - huile de tournesol - fructose - arôme - émulsifiant : lécithine de tournesol - cannelle.,France
"2 cuisses de canard du sud-ouest de la France, graisse de canard, 1,6% de sel des Landes",France
"Gingko, green tea",United States
"Beef, beef jerky seasoning (salt, sugar, monosodium glutamate, pepper, garlic powder, soybean oil [processing aid]), potassium lactate & sodium diacetate blend, water, cure mix (salt, sodium nitrite), sodium erythorbate.",United States
"Framboises 55%, sucre, gélifiant : pectines, jus de citron concentré.",France
"clémentines 40%, sucre, vinaigre d'alcool, cédrat 10%, eau, gélifiant : pectine de fruit, myrte, épices et aromates",France
"Premium dark chocolate (cacao, sugar, cacao butter, soy lecithin [as an emulsifier], natural vanilla). sugar , non-fat dehydrated milk, ground cinnamon, pasilla chile, cayenne pepper.",United States
British boneless pork belly joint  ,United Kingdom
"Hormone free butter brown cash sugar, pecans, gluten-free flour blend (brown rice modified tapioca starch, potato starch, corn starch, corn flour, white rice flour, xanthan gum), pure honey, white cane sugar, cage free eggs, pure vanilla extract (water, a",United States
"Apples, calcium ascorbate (a blend of calcium and vitamin c to maintain freshness and color)",United States
"Almondmilk (filtered water, almonds), tricalcium phosphate, sea salt, gellan gum, dipotassium phosphate, xanthan gum, sunflower lecithin, vitamin a palmitate, vitamin d2, d-alpha tocopherol (natural vitamin e).",United States
"Mélange de fruits à COqUe,graines et fruits séchés. Ingrédients (en oroportion variables) : cranberries (jus de canne,huile de decorti raines de courge,graines de tournesoll Traces possibles d'arachide et autres fruits à coque Produit dlimportation. Valeurs nutritionnelles moyennes pour 100g Energie:1702kJ/406Kcal, matières grasses: 14g,dont acides gras saturés: 2,38g glucides: 49,7 g dont sucres: 24g, fibre alimentaire: 10,5g protéines: 15g,sel: 0,007g, cuivre: 69% AR*) *AR:Apport de référence poue un adult-type besoins individuels dépendant de /'age,du sex et de l'actjvità physique, Conditionné sous atmosphère protectrice. Poids net : 160g e 31%5/2018 LotD1281710H",France
"Curry vinaigrette dressing (water, soybean oil, rice vinegar, sugar, salt, contains less than 2% of spices, turmeric, paprika, dehydrated garlic, xanthan gum, lime juice concentrate, sodium benzoate and potassium sorbate [as preservatives], dehydrated oni",United States
"Sugar, wheat starch, apple juice 5% dextrose natural flavor, lemon concentrate. safflower extract coloring (beta-carotene carminic).",United States
"Flour, vegetable oil (may contain one or more of the following: soybean oil, cottonseed oil, sunflower oil), eggs, sugar, pineapple, strawberries, citric acid, pectin, sodium bicarbonate, sodium and aluminium sulfate, calcium carbonate, chocolate, pork fa",United States
"Sugar, corn syrup, milk, cocoa butter, contains 2% or less of the following: modified food starch, orange puree, lemon puree, chocolate liquor, soy lecithin (emulsifier), sorbitol, sodium lactate, ascorbic acid, citric acid, modified soy protein, natural",United States
"Water, organic cane sugar, organic tamari sauce (water, organic soybeans, salt,), organic apple cider vinegar, organic ginger puree, organic tapioca starch, organic toasted sesame oil, salt, organic caramel color, organic onion powder, xanthan gum, organic garlic powder, organic black pepper, organic crushed red pepper.",United States
"Enriched wheat flour (flour, niacin, reduced iron, thiamin mononitrate [vitamin b1], riboflavin [vitamin b2], folic acid), water, whey, vegetable oil (canola and/or soybean oil), buttermilk, eggs, soy lecithin, leaving (sodium acid pyrophophate, sodium bicarbonate), sugar, calcium carbonate, salt, vitamin a palmitate, niacinamide, reduced iron, pyridoxine hydrochloride (vitamin b6), riboflavin (vitamin b2), thiamin mononitrate (vitamin b1), folic acid, vitamin b12.",United States
"Durum semolina, niacin, ferrous sulfate (iron), thiamine mononitrate, riboflavin, folic acid.",United States
"Farine de blé, huile d'olive, levure, fromage de Gruyère AOP (2%), poudre de tomate (1.8%), sel, arôme (soja), lait écrémé en poudre, extrait de malt d'orge, basilic séché (0.2%), ail en poudre, agent levant (bicarbonate de sodium), sucre, piment en poudre, acérola en poudre sur fécule de manioc.",Switzerland
"(DWN/S) FYLDT cH0KOLADE/FYLT sJOKOLADE/FYLLT CHOKLAD. sukker/socker, Ingredienser: kakaosmor, ristede hasselngdder/.ngtter/rostade hassel- nôtter 13%, kakaomasse, sadmœlks-/hel- melk-/sôtmjôlkspulver, malke-/melkesuk- ker/mjôlksocker, stabilisator (sorbitolsirup/ -Siran), emulgatot/emulgeringsmedel (raps- lecithin), passtonsfrugtpulver, maltodextrin fra majs, salt, orangeolie/orans'eolje/apelsin- olja, aroma/aromâmne, chilipu ver/chllipep- par, Mindst 37 % kakaotor- Stof og mindst '1 8% malke-/melkebestand- dele/mjôlkbestàndsdelar i melkechokoladen/- melkesjokoladen/mjôlkchokladen. Anbefalet OPbevaringstemperatur/Rekommenderad lagringstemoeratuK Nodder/ngtler/nôtteonelk/melWmjôlk.",France
"Lowfat milk, vitamin a palmitate, vitamin d3.",United States
"Carbonated water, high fructose corn syrup, caramel color, natural and artificial flavor, phosphoric acid, potassium benzoate (preservative), caffeine, lactic acid.",United States
"Eau, betteraves, poireaux, panais, sarrasin, sel.",France
"Eau, huile de colza, amidon modifié de maïs, sucre, vinaigre d'alcool, vinaigre de cidre, ail (2 %), sel, farine de microalgue, fibre végétale, concentré de jus de citron, extrait végétal, aromates (1,1 %, dont persil et ciboulette), épaississant : gomme xanthane, conservateur : sorbate de potassium. Contient des _sulfites_.",France
"Ingredients: grade a pasteurized cultured reduced fat milk, sugar, peach puree, water, corn starch-modified, pectin, natural flavors, annatto extract and fruit  and vegetable juice (for color), citric acid, sodium citrate, potassium sorbate (to maintain f",United States
"Madras Sauce(97%) (Water, Onion(20%),Vagetable Oil, Tomato Paste, Gartic Puree, Ginger Puree, Sugar, Garam Masala Thickener (1442), Cumin, Turmeric, Chilli Flake (0.6%),Lemon Juice Concentrate, Salt, Coriander, Fenugreek, Acidity Regutator (330), White Pepper), Spice Cap (3%) Contains Colour (100), Anticaking Agent (551 )]. MAY BE PRESENT: PEANUTS, TREE NUTS, MILK, SESAME, FISH, GLUTEN Cereals & SOY.  ",Australia
"Premium fava beans, water, sunflower oil, salt, sugar, cumin, citric acid, chili, calcium disodium edta (e385) and sodium sulfite (e221) for color retention.",United States
"Milk chocolate (sugar, cocoa butter, chocolate liquor, milk, soy lecithin (an emulsifier) and vanilla), white confection (sugar, fractionated palm, kernel oil, nonfat milk, whole milk, partially hydrogenated palm oil, glycerol-lacto esters of fatty acids",United States
"Sugar, soluble coffee, natural flavors.",United States
"Filling (asparagus, ricotta (whey, whole milk, cream, vinegar), mascarpone cheese (pasteurized milk, cream, citric acid), parmigiano reggiano cheese (cow's milk, salt, rennet), chicory root fiber, whey, roasted onions, mozzarella cheese (pasteurized cultu",United States
"Coated with: paprika, chili pepper, spice, paprika extract., chicken breast meat, water, seasoning (salt, maltodextrin, modified food starch, sugar, dried garlic, yeast extract, sodium diacetate, dried chicken broth, dried onion, flavor (canola oil, yeast",United States
"Pork, beef, salt, contains 2% or less of water, dextrose, spices, lactic acid starter culture, oleoresin of paprika, garlic powder, sodium nitrite, bha, bht, citric acid.",United States
Grapefruit,United States
"Organic fruit puree (organic strawberry puree, organic raspberry puree, organic blackberry puree), organic pear juice concentrate, water (to reconstitute), organic apple juice concentrate, natural flavor, organic flavor, organic locust bean gum, xanthan g",United States
"eau gazéifiée, jus d'orange et autres agrumes à base de concentrés 12% (orange 10%, citron, mandarine, pamplemousse), sucre, pulpe 2% (orange, mandarine), extrait de zeste d'orange, arômes naturels d'orange",France
"Tomato concentrate (water, tomato paste), salt, onion powder, garlic powder, citric acid, natural flavors, dried bell pepper.",United States
"Filtered water, organic erthritol, organic coconut water concentrate, organic lemon juice concentrate, organic enzyme modified stevia extract, citric acid, organic white tea solids, pectin, organic vegetable juice (color), organic caramel color, natural c",United States
"Preparation a base de puree de pomme de terre et de viande de boeuf hachee Puree de pomme de terre reconstituee gratinee au fromage rape viande de boeuf hachee (origine UE) 17.5%, oignons 7%, tomate concassees (tomates fraîches, jus de tomate, sel, acidifiant, affermissant (chlorure de calcium), huile de tourneso, tomates concentrees (tomates, sel, correcteur d'acidite : acide citrique) echalotte, jus de veau lie (fecule de pomme de terre, sel, graisse de poule, legumes (oignons, tomates), maltodextrine, amidon modifie de mais, extrait de levure, sirop de glucose, aromes, sucre, viande de veau 3.8%, farine de ble, extrait de viande de boeuf, epaississant (farine de graine de guar), extrait de chicoree, ail, colorant (E150c), extrait de vin blanc (sulfites), extrait d'epices, antioxidant (extrait de romarin), sel, ail, poivre.  Pourcentage exprime sur l'ensemble du plat.",France
"Lait de vache pasteurisé biologique (Origine : UE), sel, ferments. Fabriqué dans un atelier utilisant du lait de chèvre, de vache. F.L.S - 12 bis bòulevard de Pont Achard - 86000 POITIERS À conserver entre+20C et +60C - À consommer de préférence avant le : voir sur le côté de la boît Valeurs nutritionnelles moyennés I oog BOITE CARTON ?",France
Petits pois extra fins,France
"Ananas, pur jus d'ananas.",France
"eau, Sücrel fructose, extrait de thé noir (1,2 g/l), aCidifiant (acide citrique), jus de citron à base de concentré (0,1%), arôme, correcteur trisodique), antioxydant édulcorant (g!h sicles de Après ouvertüïe, à consommer dans les 4 jourset à conserver au frais] Les extraits de thé peuvent former un léger dépôt naturel, sansincidence sur la qualité du produit&lt; de préférence avant:yoir le bouchon ou le col de la 0 805 803 903",France
"Bière blonde de fermentation haute à base de houblon, d'orge, de malt et de levure.",France
"lait* 90%, crème* 4%, sucre de canne roux* 3% ferments lactiques 3% * Produits issus de l'Agriculture Biologique",France
"Carbonated water, citric acid, natural flavor, potassium citrate, aspartame, potassium benzoate (preservative), acesulfame potassium, malic acid.",United States
"Shrimp, salt, sodium tripolyphosphate (to retain moisture), cocktail sauce: water, tomato paste, sugar, horseradish (horseradish root, distilled vinegar, salt, oil of mustard), salt, citric acid, acetic acid modified tapioca starch, xanthan gum, carrageen",United States
"Muscle brownie protein blend (whey concentrate, soy isolate. wheat isolate), natural brown sugar, non-hydrogenated margarine (palm oil, water, salt, whey, vegetable monoglycerides, soy lecithin, natural butter flavor, citric acid [acidulant], beta caroten",United States
"Chocolat au _lait_ 60% (sucre, beurre de cacao, cacao, pâte de cacao, _lait_ écrémé en poudre, graisses de _lait_, _lactose_, émulsifiants : lécithine de _soja_ et polyricinoléate de polyglycérol, beurre de _cacahuète_ 40% (_cacahuètes_, sucre, dextrose, graisses de _lait_, sel, émulsifiant : propylène glycol,, antioxydant : gallate de propyle, acidifiant : acide citrique).",France
"Sugar, enriched wheat flour (wheat flour, niacin, reduced iron, thiamine mononitrate, riboflavin, folic acid), water, egg, soybean oil, cocoa powder (processed with alkali), modified milk ingredients, modified corn starch, leavening (sodium acid pyrophosp",United States
"Filtered water, rice vinegar, sugar, soy sauce (water, wheat, soybeans, salt, lactic acid), lemongrass, sesame oil, contains less than 2% of food starch- modified, spice, lime juice concentrate, red pepper, xanthan gum, natural flavors.",United States
"Viande et foie de porc, lait, amidon (fécule de pomme de terre, farine de riz), _œufs_ pasteurisés, oignons, couenne de porc déshydratée, sel marin de Noirmoutier, conservateur : sel nitrité, eau de vie, ail, épices.",France
"Pasteurized grade a whole milk, enzymes, vinegar, extra virgin olive oil, canola oil, spices (garlic, basil and crushed chili peppers) & salt.",United States
"water, high fructose corn syrup, citric acid, instant tea, sodium hexametaphosphate (to protect flavor), natural flavor, phosphoric acid, sodium benzoate (preserves freshness), potassium sorbate (protects freshness), caramel color, acesulfame potassium, calcium disodium edta (to protect flavor), sucralose, red 40",United States
"Morceaux de lamelles d'encornet géant blanchis (_mollusques_), Moules du Pacifique décoquillées cuites (_mollusques_), Anneaux de calmars blanchis (_mollusques_), Crevettes décortiquées blanchies (_crustacés_), chair de crabe cuite (_crustacés_), sel, correcteurs d'acidité : E330 et E331, colorant : E160C.",France
"Water, mustard flour, vinegar, salt, sugar, xanthan gum, oleoresin turmeric (color), potassium sorbate and sodium benzoate (preservatives), spice extractives.",United States
"Pasteurized part-skim milk, cheese culture, vinegar, salt, annatto (color), enzymes (non-animal), vitamin a palmitate",United States
"Potatoes, cooked pork sausage crumbles (pork, water, contains 2% or less of: salt, sugar, spices, natural flavor (with maltodextrin, succinic acid), sodium phosphates, caramel color), water, bleached wheat flour, shredded low moisture part-skim mozzarella",United States
"Corn syrup, high fructose corn syrup, honey, honey flavor, natural and artificial coloring",United States
"Sugar, cocoa butter, chocolate liquor, milk, soy lecithin and pgpr (emulsifiers), vanilla salt.",United States
"Céréales Complètes Conservation Grade 53% (Flocons d'Avoine, Flocons d'Orge, Farine d’Avoine), Sucre de Canne non Raffiné, Morceaux de Chocolat au Lait Extra Fin 14% (Cacao: 32% minimum) (Sucre, Beurre de Cacao 23%, Poudre de Lait Entier 22%, Pâte de Cacao, Emulsifiant : Lécithine de Soja, Arôme Naturel). Huiles Végétales, Farine de Riz, Noix de Coco Séchée, Éclats de Noisettes Grillées, Arôme naturel",France
Kale.,United States
"Concentrated grape juice, balsamic vinegar of modena - aceto balsamico di modena pgi 20% (wine vinegar, concentrated grape must, coloring: caramel) and modified starch.",United States
"Sugar, glucose syrup solids, cocoa (processed with alkali), partially hydrogenated vegetable oil (may contain coconut, soybean, sunflower, palm and/or canola), nonfat dry milk, modified whey, maltodextrin, salt, natural and artificial flavors, cellulose g",United States
"Eau minérale de Spa gazéifiée (85,3%),sucre de canne ,jus de citron 5%, arôme naturel de citron",Belgium
"_Lait_, sel présure animale, ferments lactiques.",France
"Tomato* 99%, salt, basil 0.1%, basil extract.",United States
"Milkfat and nonfat milk, sweet cream buttermilk, maple caramel swirl (corn syrup, water, sweetened condensed milk [condensed milk, sugar], sweetened condensed skim milk [condensed skim milk, sugar], sugar, sea salt, pectin, natural flavor, sodium bicarbon",United States
"Milcheiweiß, Glukosesirup, Kokosöl, Kaliumphosphat,  Polyphosphat,",Germany
"Enriched flour (flour malted barley, niacin, ferrous sulfate, thiamine mononitrate (vitamin b1), riboflavin (vitamin b2), folic acid), high fructose corn syrup, corn syrup, partially hydrogenated vegetable oil (soybean and/or cottonseed and/or corn and/or less of: yeast, brown sugar, honey, molasses, sugar, wheat gluten, whey soy flour, whole wheat flour rye meal, rice flour, potato flour, m butter, dough conditioners (mono- and diglycerides, sodium and/or calcium stearoyl lactylate, soy lecithin, calcium carbonate), yeast calcium sulfate, monocalcium phosphate), distilled vinegar, skim milk, buttermilk, lactic acid, calcium propionate (preservative), potassium sorbate (preservative). may contain sesame seed and/or poppy seeds.",United States
"Pecans, dried coconut, icing sugar and artificial flavor.",United States
"Skim milk, water, sugar, modified food starch, cocoa processed with alkali, hydrogenated vegetable oil (coconut and palm kernel oils), contains less than 1% of cornstarch, salt, sodium stearoyl lactylate (for smooth texture), sodium alginate, calcium phos",United States
"Water, tomato paste, sugar, vinegar, salt, modified corn starch. contains 2% or less of each of the following: onion*, garlic*, ancho chili pepper, citric acid, spices, carrots*, potassium sorbate and sodium benzoate (preservatives), xanthan gum, natural flavors, celery seed.",United States
"Jus à base de jus concentrés et de purée de fruits (orange, pomme, ananas, raisin, banane, pêche, mangue, goyave, eau, sucre )",France
"Whole grain popcorn, partially hydrogenated soybean oil, salt, natural and artificial flavor [milk], color added, freshness preserved by propyl gallate.",United States
"Filet de colin d'Alaska 52,8 % (_poissons_), eau, champignons de Paris 5,4 %, poireaux 4,4 %, pommes de terre 4,2 %, lactose* et protéines de _lait_, tomates 2,4 %, crème* fraîche 2 %, concentré de vin blanc, épaississant : amidon transformé de maïs, échalotes (échalotes, sel), arômes (dont _poissons_, _crustacés_), oignons déshydratés, sel, ciboulette 0,2 %, colorant : extrait de paprika, poivre. *dont _lait_.  ",France
100% cocoa.,United States
"Oeufs frais 30% eau, semoule de blé dur, farine de blé 23%, huile de colza non hydrogénée, blanc d'oeufs, sel, arôme naturel  Présence possible de poisson et de protéines de lait",France
Pecans.,United States
"Pâtes alimentaires penne aux oeufs cuites 34,7% (eau, semoule de blé dur, ?uf), sauce Caesar 26% (huile de colza, crème fraiche liquide, eau, fromage blanc, eau, Parmigiano Reggiano 1,8%, purée de câpres 1,3% (câpre, sel, eau, vinaigre, correcteur d'acidité : acide acétique), filet d'anchois à l'huile 1,1% (filet d'anchois salés 0,8%, huile de tournesol), vinaigre d'alcool, sauce Worcestershire 0,5% (eau, sucre, vinaigre de vin, mélasse, purée d'oignon, sel, pâte de tamarin, acidifiant : acide acétique, clous de girofle, extrait de gingembre, extrait d'ail), moutarde de Dijon (eau, graines de moutarde, vinaigre d'alcool, sel), ail 0,3%, jaune d'?uf, sel, amidon modifié de pomme de terre, épaississant : gomme xanthanel, tomates 19,4%, émincés de filet de poulet traité en salaison cuit rôti 11,6% (filet de poulet 11,4% (origine : Hors UE) sel, amidon de tapioca, dextrose), copeaux de fromage italien 4% (lait de vache cru, sel, présure, conservateur : lysozyme (contient ?uf)), roquette, arôme naturel (dont lait), poivre blanc.",France
"_Farina tipo &quot;0&quot;_, olio vegetale di palma, _vino bianco_, peperoncino disidratato 1%, sale, lievito.",Italy
"Cheddar cheese (pasteurized cow's milk salt [salt, yellow prussiate of soda {anti-caking agent}], microbial rennet, dairy cultures), beer (water, malted barley, barley malt extract, sucrose, hops, yeast), mustard (water, mustard seeds, white wine vinegar,",United States
"Lait écrémé à base de poudre de lait, sucre : 6 %, sirop de glucose-fructose : 5,3 %, crème, poudre de lait écrémé, arômes, concentré des minéraux du lait, ferments lactiques.",France
"THEPRoTEiNBHLL INGREblENTS: DATES, CRSHEWS, BERRIES } rote)n-Kuge111 tolt Cio)l Beerer) boKosnuss 6 Zutòte (8,6K), Sseet) Re, IQBjsp) otejt), Ct IIO (VOIVjo lirchsct)nJetIjche EnergJl? / etc (Ijel) , ot)YdYàta Ballaststoffe",France
"Organic pears, organic pumpkin, organic pineapple, organic lemon juice concentrate.",United States
"Organic carrot puree, organic banana puree, organic mango puree, organic sweet potato puree, organic lemon juice concentrate, ascorbic acid (vitamin c).",United States
"Thon blanc germon* (Thunnus alalunga), huile d'olive vierge extra, sel. *poissons.",France
"Rice Flour 90% , Water 10 % INGRÉDIENTS : Farine de riz, Eau INGREDIENTES : Harina de arroz, Agua INGREDIËNTEN : Rijstmeel, Water ZUTATEN : Reismehl, Wasser",France
"Crème glacée chocolat 35,5 % : eau, lait écrémé réhydraté, crème fraîche,  sirop de glucose-fructose de blé, sucre, poudre de cacao (5,4 %), lactose et protéines de lait, émulsifiant : mono et diglycérides d'acides gras, stabilisants : farine de graines de caroube, gomme guar, carraghénanes. Crème glacée pistache 35,5 % : eau, crème fraîche, sirop de glucose-fructose de blé, lait écrémé réhydraté, sucre, lactose et protéines de lait, pâte de pistache (3 %), arôme naturel de pistache avec autres arômes naturels, émulsifiant : mono et diglycérides d'acides gras, colorants : E141, E100, stabilisants : farine de graines de caroube, gomme guar, carraghénanes. Cornet biscuit 15,7 % : farine de blé, sucre, matière grasse végétale de coprah et de palme, dextrose, émulsifiant : lécithine de soja, lactose, sel. Chemisage et décor au cacao maigre 11,4 % : matière grasse végétale de coprah, sucre, cacao maigre en poudre (7,5 %), lactose et protéines de lait, émulsifiant : lécithine de soja. Grains de noisettes sucrées 1,9 % : sucre, noisettes. ",France
"Low moisture part skim mozzarella cheese (pasteurized part skim milk, cheese cultures, salt, enzymes).",United States
"Chocolate naturally flavored filling (68%) [sugar, vegetable oil shortening (palm), cocoa powder, emulsifier: soy lecithin (ins 322) and natural flavor], wheat flour, starch, corn oil, salt, emulsifier: soy lecithin (ins 322) and chemical baking powder: s",United States
"Nonfat milk, cream, sugar, corn syrup, chocolate liquor, coconut oil, soy lecithin, vanilla, salt, locust bean gum, guar gum, dextrose, vanilla extract, caramel and annatto color.",United States
"Boneless duck breast, olive oil, sunflower oil, balsamic vinegar, salt, garlic, lemon juice, sun dried tomatoes, rosemary, thyme.",United States
"Lait pasteurisé de vache, sel, présure, ferments lactiques et d'affinages.",France
"Unbleached enriched flour (wheat flour, niacin, reduced iron, thiamin mononitrate, riboflavin, folic acid), water, yeast high fructose corn syrup, contains 2% or less of each of the following: salt, soybean oil, wheat gluten, yellow corn flour, dough conditioners (contains one or more of the following: sodium stearoyl lactylate, calcium stearoyl lactylate, monoglycerides, mono- and diglycerides, distilled monoglycerides, calcium peroxide, calcium iodate, datem, ethoxylated mono- and diglycerides, enzymes, ascorbic acid), inactive yeast, calcium sulfate, monocalcium phosphate, yeast, calcium sulfate, monocalcium phosphate, colored with extracts of annatto and turmeric, calcium propionate (to retard spoilage).",United States
"Almondmilk (filtered water, almonds), calcium carbonate, natural flavors, sea salt, potassium citrate, sunflower lecithin, gellan gum, vitamin a palmitate, vitamin d2, d-alpha-tocopherol (natural vitamin e).",United States
"Pears, water, pear juice concentrate.",United States
"Water unbleached wheat flour, crushed pineapple, high fructose corn syrup, vegetable oils (palm and soybean), food starch - modified, modified tapioca starch), contains less than 2% of each of the following: arabic gum, ascorbic acid, citric acid, egg yolk, locust bean gum, natural and artificial flavors (propylene), glycol), pectin, potassium sorbate (preservative), salt, soy lecithin, sugar, whole eggs.",United States
"Brie cheese (pasteurized milk, cream, cultures, salt, enzymes), bread flour (enriched wheat flour [niacin, reduced iron, thiamine mononitrate, riboflavin, folic acid], malted barley flour, ascorbic acid as a dough conditioner), water, palm oil, eggs (past",United States
"Pasteurized skim milk, pasteurized cream,blood orange juice, cane sugar, oranges, fruit pectin, live active cultures",United States
"Milk chocolate (sugar, whole milk, cocoa butter, chocolate liquor, soy lecithin and vanillin (an artificial flavoring)), wheat flour, sugar, palm oil, chocolate chips (sugar, chocolate liquor, cocoa butter, soy lecithin), glycerine, high fructose corn syr",United States
"Ice cream (cream, skim milk, whey powder, sucrose, corn syrup, stabilizer & emulsifier [mono & diglycerides, guar gum, locust bean gum, calcium sulfate, polysorbate 80, carrageenan]), chocolate crunch (bleached wheat flour, sugar, caramel color, palm oil, 2% or less of: cocoa, baking soda, salt, soy lecithin), soy & coconut oils, cocoa powder (cocoa processed with alkali, sugar, salt, carrageennan, vanilla), natural & artificial vanilla flavor.",United States
"Pâtes coquillettes 47% (eau, semoule de _blé_ dur, curcuma), préparation de viande de poulet panée traité en salaison 15% [préparation de viande de poulet 60% (filet de poulet, eau, amidon de tapioca, dextrose, sel, protéines de pois), panure (farine de _blé_, sel, levure, épices), huile de colza], eau, _emmental_ 8,4%, _crème_ fraîche, amidon transformé de riz, farine de _blé_, huile de colza, bouillon de volaille (eau, os de poulet, sel), sel, ail, poivre, muscade.",France
"Farine, de blé, eau, huile de colza, gluten de blé, sucre roux de canne, levure, vinaigre de cidre, sel, malt d'orge.",France
"Orange amère 39%, sucre de canne.",France
"Langkorn Spitzenreis Parbolied 84%, Wildreis 16%",Germany
"Wheat flour, sugar, water, palm oil, high fructose corn syrup, dextrose, egg yolks, soy bean oil, corn syrup, neufchatel cheese (pasteurized non fat milk and milk fat, cheese culture, salt, carob bean gum), yeast, mono-and diglycerides, whey, soy flour, wheat starch, milk, raspberry puree concentrate, natural & artificial flavors, salt, modified cornstarch, strawberry puree, tapioca dextrin, egg whites, soy lecithin, sodium stearoyl lactylate, blackberry puree, maltodextrin, corn flour, milk protein concentrate, calcium carbonate, potassium sorbate (preservative), xanthan gum, leavening (sodium acid pyrophosphate, baking soda, monocalcium phosphate), pectin, phosphoric acid, agar, cellulose gum, gellan gum, artificial color, lactic acid, corn starch, citric acid, fruit & vegetable concentrates (color), spice & coloring, lemon juice concentrate, calcium sulfate, sorbitan monostearate, calcium citrate, malic acid, sodium citrate, vitamin a, palmitate, beta carotene (color), almonds (nuts), pecans (nuts), walnuts, coconut, caramel color, annatto color.",United States
"Jus de pomme à base de concentré, jus d'orange à base de concentré, jus de carotte à base de concentré (8%), jus d’ananas à base de concentré, purée de banane, purée de nectarine, jus de fruit de la passion à base de concentré, jus de citron à base de concentré, purée de mangue, purée d'abricot, purée d'umbu, vitamine C, niacine, vitamine E, pantothénate, vitamine B6, thiamin, acide folique, biotine, vitamine B12.",France
"PÂTE (60 %) : semoule de _blé_ dur de qualité supérieure, eau, _œufs_ frais (140 g/kg de semoule). FARCE (40 %) : _Fromages_ 68.3 % (dont ricotte, fromage blanc, Emmental, Comté), chapelure, eau, assaisonnements (sel, persil, poivre, muscade, arôme), fibre de _blé_.",France
"Filling ingredients: butternut squash, sweet potato, panko (wheat flour, organic cane sugar, sea salt, yeast), sugar, canola oil, onion, salt, parmesan cheese (pasteurized part skim milk, cheese cultures, salt, enzymes, cellulose [to prevent caking]), spices, granulated garlic. dough ingredients: extra fancy durum flour, semolina flour, egg, water.",United States
"Préparation de saumon 95,5% -saumon 86%, crème (crème de lait, stabilisant : carraghénanes), eau, farine de blé, échalote, concentré de toma, ciboulette 1%, flocon de pomme de terre (pomme de terre déshydratée, émulsifiant : mono et diglycérides d'acides gras, extrait d'épice), fumet de poisson (sel, protéines de lait, arôme, poisson déshydraté, huile de tournesol, poudre d'oignon, extrait d'épices), gélifiant : carraghénanes, sel, dextrose), huile de tournesol 4,5%",France
Organic extra virgin olive oil,United States
"Milk chocolate (sugar, milk, cocoa butter, chocolate liquor, soy lecithin-an emulsifier, vanillin-an artificial flavor).",United States
"Habanero almonds (almonds, cane sugar, chipotle powder, onion powder, garlic powder, smoked paprika, salt, citric acid), sweet & salty peanuts (peanuts, cane sugar, sea salt), mango cranberries, sugar, sea salt), mango cranberries (cranberries, sugar, glycerine, citric acid, natural mango flavor with other natural flavors, sunflower oil).",United States
"Pomme de terre 89%, huile de colza 11%, dextrose.",France
"Organic unbleached wheat and whole wheat flour, organic tomato puree, reduced fat mozzarella cheese (pasteurized part-skim milk, culture, salt, enzymes [without, animal enzymes or rennet]), filtered water, artichokes, mushrooms, organic spinach, organic green onions, organic cane sugar, organic garlic, organic extra virgin olive oil, yeast, sea salt, organic basil, organic red wine vinegar, black pepper, spices.* *100% pure herbs & spices (no hidden ingredients)",United States
"Unbleached enriched flour (wheat flour, malted barley flour, niacin,reduced iron, thiamine mononitrate, riboflavin, folic acid), water, sour culture, walnuts, sugar, cranberries, whole wheat flour, dark rye flour, salt, walnut oil, dried extract of malted barley and corn, yeast, white degerminated corn meal, sunflower oil.",United States
"Garniture 60.5% : fromage 56.5% (edam 29.5% (colorant: E160a), mozzarella 19%, chèvre 6.5%, emmental 1.5%), eau, purée de tomates 13%, amidon transformé de pomme de terre, sel, basilic, pulpe d'ail, origan, persil, poudre de betterave, extrait naturel de poivre. Pâte cuite 39.5% : farine de blé, eau, levure boulangère, huile de tournesol, levain de seigle et de blé (soja), sel, sucre, extrait de malt (orge).","France,Switzerland"
Tomatoes,United States
"Potatoes, vegetable oil (contains one or more of the following: peanut, corn, sunflower and/or canola oil).",United States
"Pomme de terre, huile de tournesol (32%), arôme de chorizo (4%) (maltodextrine, sel, exhausteurs de goût (glutamate monosodique, 5'-ribonucléotide disodique), arômes, arôme de fumée, dextrose, ail, colorant (extrait de piment rouge) et correcteur d'acidité (acide citrique)) et sel.",France
"Apricots, cane sugar, lemon juice, pectin, ginger.",United States
"édients : Huile de colza, œufs de cabillaud fumés et salés de cabillaud 33,6%, sel), eau, chapelure (farine de -h lait entier en poudre,. préparation à base de jus de IEJ. jus de citron à base de concentré, acidifiant E33C. antioxydant : E300, épaississant naturels de • E120, conservateur : E211. éventuelles de crustacés, mollusques, moutarde isarne, céleri, œuf, soja. Les informations er gras sont , rées aux personnes intolérantes ou allerfiues.",France
"Vinagre, chile rojo y sal.",Spain
"Sugar, bleached wheat flour, margarine [palm oil, water, soybean oil, salt, contains less than 2% of whey solids, vegetable mono & diglycerides, soy lecithin, bha & bht added to protect flavor, vitamin a palmitate and vitamin d3 added, natural & artificia",United States
ÉNERGIE MATIÈRES GRASSES dont acides gras saturés GLUCIDES dont sucres PROTÉINES SEL,France
"Fiber blend (whole rolled oats, whole wheat flour, wheat bran, organic kamut brand khorasan wheat, psyllium, flax, millet), chicory root inulin, fruit juices, rice dextrins, raisins, non-gmo canola oil, apples plums, rice, wheat protein isolate, vanilla, cinnamon, baking powder.",United States
"bio _tarwe_stroop 30%, bio _tarwe_bloem, bio rietsuiker, bio palmolie, bio roomboter 5% (_melk_), bio rijstestroop, bio gebrande suiker, bio _soja_meel, bio magere _melk_poeder, bio honing, rijsmiddel (E500), zeezout, bio _tarwe_zemelen, bio suiker, emulgator (_soja_lecithine), kaneel, bio Bourbon vanille",Netherlands
"Cultured nonfat milk, nonfat milk, contains less than 2% of: milk*, salt, locust bean gum, carrageenan, vitamin a palmitate, enzymes, carbon dioxide (to preserve freshness).",United States
"Céréales 60.6% (blé complet 38.9%, farine de blé 18.5%, farine de riz 3.2%), sucre, sirop de glucose, pâte de caramel 6.4% (lait concentré sucré, sucre, sirop de glucose, sucre caramélisé, sel), huile de palme, chocolat 4.1% (poudre de cacao, pâte de cacao, cacao maigre en poudre), sel, arômes, émulsifiant: lécithine de tournesol, vitamines et minéraux (niacine, acide pantothénique, D, B6, thiamine (B1), riboflavine (B2), acide folique, carbonate de calcium, fer). Peut Contenir des traces d'arachides et de fruits à coque.",Switzerland
"Enriched wheat flour (flour, niacin, reduced iron, thiamin mononitrate [vitamin b1], riboflavin [vitamin b2], folic acid), vegetable oil (palm and/or soybean), soy flour, high fructose corn syrup, salt, onion*, spices, dextrose, less than 1% of: garlic*, tomato*, torula yeast, yeast, sugar, caramel color, yellow 6, red 3, with citric acid, tbhq and calcium propionate added to preserve freshness, natural and artificial flavor, paprika extracts, paprika, corn starch, nonfat milk solids, corn flour, monosodium glutamate, corn syrup solids, soy lecithin.",United States
Porcini mushrooms.,United States
Huile d'olive vierge extra.,France
"Whole Wheat, Sultanas, Wheat Bran, Sugar, malt extract, salt, humectant, iron, zinc oxide, niacin, riboflavin, vitamin b6, thiamin, folate","France,New Zealand"
"Potatoes, vegetable oil (contains one or more of the following: soybean oil, canola oil), salt, color added, disodium dihydrogen pyrophosphate (to promote color retention).",United States
"Canola oil, sunflower oil, tbhq (antioxidant).",United States
"Golden raisins (sulphur dioxide, to promote color retention, non-hydrogenated sunflower oil, (from sunflower seed)), currants (trisun oil), cranberries (cranberries, sugar, sunflower oil, natural flavor), dark seedless raisins (vegetable oiled - sunflower oil)), blueberry flavor cranberries (sugar, cranberries, blueberry juice from concentrate, grape juice concentrate, and sunflower oil), tart michigan cherries (red tart cherries, sugar, sunflower oil and corn syrup), bing cherries (sunflower oil).",United States
"Chili pepper and other spices, wheat flour, salt, dextrose, maltodextrin, onion powder, garlic powder, disodium inosinate, extractive of paprika (color), spice extractives, onion extractives and less than 2% silicon dioxide to prevent caking.",United States
"Lemon peel, invert sugar, citric acid.",United States
"Sunflower kernels, salt, cornstarch, sugar, monosodium glutamate, maltodextrin, yeast, corn syrup solids, paprika and other spices, extractives of paprika, hydrolyzed soy protein, natural flavor, garlic and onion powder.",United States
"Semisweet chocolate (sugar, cocoa mass, cocoa butter, lecithin as emulsifier (soy), vanillin: an artificial flavor), sugar, vegetable oils (palm and sunflower), cocoa powder, hazelnuts, whey powder (milk), wheat flour, milk chocolate (sugar, cocoa butter,",United States
"portion de filets de colin d'Alaska 53,3%, crème fraîche 12,3%, eau, beurre, vin blanc (dont sulfites), oseille 3,3%, fumet de poisson (maltodextrine, sel, farine de blé, poisson en poudre, céleri rave, poireau, oignon, sucre, extrait de levure, crème en poudre, arôme naturel (dont poisson), huile d'Olive, épices et plantes aromatiques, crevette en poudre, extrait de vin blanc), échalote 1,6%, amidon transformé, poudre de lait écrémé, vinaigre d'alcool, arômes naturels, sel,",France
Soybean oil & peanut oil.,United States
"Viande de porc bio, sel de Camargue, lactose bio, sucre bio, poivre blanc bio, dextrose de blé ou de maïs bio, poivre gris bio, ail bio, muscade bio, conservateurs : nitrite de sodium et nitrate de potassium, ferments. 140g de viande de porc mis en œuvre pour 100g de produit fini.",France
"Organic baby lettuces (red & green romaine, red & green oak leaf, red leaf, lollo rosa, tango), organic red & green chard, organic mizuna organic arugula, organic radicchio, organic baby spinach, the ingredients in each package may vary.",United States
"Vegatables in variable proportions (Onions, carrots, rutabaga, cauliflower, marrow, gherkins), sugar, malt vinegar from Barley, spirit vinegar, salt, chopped dates (with rice flour), apples (with sulphur diowide), modified maize starch, tomato paste, sulphite ammonia caramel, spices, concentrated lemon juice, onion powder, garlic extract)",United Kingdom
"Sparkling water, organic cane syrup, organic white grape juice concentrate, citric acid, apple acid, natural flavors, organic green tea leaf extract, organic guarana seed extract, organic echinacea flower extract, organic panax ginseng root extract.",United States
"Juice from ripe, whole, black cherries.",United States
"Coconut, milk, sugar, sodium bicarbonate, potassium sorbate, bht (food grade) and acetic acid.",United States
"farine de froment, pulpe de tomates 19.0%, eau, jambon cru 14.3% (viande de porc, sel de cuisine, arômes, conservateur: nitrate de potassium), mozzarella 14.3% (lait, ferments lactiques, sel de cuisine, présure), semoule de blé dur, sel de cuisine, huile d'olive extra vierge, levure, origan",Switzerland
"Soybean, salt, water, ethy alcohol, chili, calcium sulfate, sesame oil.",United States
"Only carbonated water, naturally essenced.",United States
"Enriched wheat flour (flour, niacin, iron, thiamine mononitrate, riboflavin, folic acid), yellow corn flour, modified corn starch, salt, leavening (sodium aluminum phosphate, sodium bicarbonate, and monocalcium phosphate), and spices (including celery seed and black pepper).",United States
Basil.,United States
"Ingredients: water, lemon juice from concentrate, vinegar, high fructose corn syrup, salt, soy sauce (wheat, soybeans, salt), contains 2% or less of the following, cracked black pepper, mustard seed, paprika, dried garlic, dried red bell peppers, modified corn starch, soybean oil, caramel color, xanthan gum, canola oil, sodium benzoate and potassium sorbate (preservatives), calcium disodium edta (to protect flavor), citric acid, natural flavor.",United States
"Water, peaches, sugar, carrageenan, natural and artificial flavors, locust bean gum, cochineal extract (color), malic acid, fumaric acid, sodium citrate, potassium citrate, and ascorbic acid (to promote color retention).",United States
Certified organic almonds.,United States
"Tomato, onion, cucumber, poblano&jalapeno pep, cilantro",United States
Pommes de terre variété Cheyenne,France
" EAU, PUREE DE COROSSOL (25%), SUCRE, AROME ARTIFICIEL DE COROSSOL, ACIDE CITRIQUE (E330), CMC (E466), ACIDE ASCORBIQUE (E300)  ",France
"Whole grain oats*, cane sugar*+, rice*, sunflower oil*, almonds*, molasses*, sea salt, vanilla extract*, vanilla flavor*. vitamin e (mixed tocopherols) added to preserve freshness.",United States
Almonds.,United States
"Milk chocolate (sugar, cocoa butter, cocoa mass, skim milk powder, butteroil, lecithin as emulsifier (soy), vanillin: an artificial flavor), hazelnuts, sugar, palm oil, wheat flaour, whey (milk), lowfat cocoa powder, lecithin as emulsifier (soy) sodium bi",United States
"feuilles de plantain lancéole, menthe à geuilles rondes, baies de l'Aronia 14 %, romarin 8 %, persil 8 %, thym 6 %, stévia 2 %, extrait de fleurs de bach ""Power"" (Prunus cerasifera, Carnipus betulus, Impatiens glandulifera, Larix decidua, Mimulus guttatus, Olea europaea, Scleranthus annuus, Aesculus hippocastanum, Broums ramosus) 1 % ",Switzerland
"Cultured pasteurized grade a cream, enzymes.",United States
Freeze dried mango.,United States
"56% _Weizenmehl_, 17% _Butter_, Wasser, Zucker, Hefe, _Vollmilchpulver_, _Weizengluten_, Speisesalz, _Weizenstärke_, natürliches Aroma (enthält _Milch_), Säureregulator: Natriumacetate; Dextrose, _Gerstenmalzmehl_, natürliches Vanille-Aroma.",Germany
"aubergines (76%), huile de tournesol, olives noires, persil, huile d'olive vierge extra, ail, sel, poivre, sarriette, jus de citron concentré. bocal de Sauce tomate au basilic (190g net O) Ingrédients : tomates (68%), coulis de tomates (27%), basilic (1 ,8%), huile d'olive vierge extra, sucre, ail, sel, poivre. Pour toute correspondance concernant ce produit, indiquer le numéro de lot imprimé sur chacun des bocaux.",France
"Water, high fructose corn syrup, pineapple juice concentrate, natural flavor, citric acid, yellow 5, blue 1.",United States
"Spices (including chili pepper, paprika, cumin), onion, salt, potato starch, garlic, sugar, potassium chloride, and natural flavor.",United States
"marrons 65%, sucre, eau, huile de tournesol, kirsch, arôme naturel de vanille",Switzerland
"Sugar, corn syrup, citric acid, natural & artificial flavors, color added (titanium dioxide), artificial colors red 40, blue 1, yellow 5, yellow 6.",United States
"Semolina, durum flour, niacin, ferrous sulfate (iron), thiamin mononitrate, riboflavin, folic acid.",United States
"Water, nonfat milk, sugar, modified corn starch, partially hydrogenated palm oil, cocoa (processed with alkali), less than 2% of: calcium carbonate, salt, sodium stearoyl lactylate, artificial flavor, color added.",United States
"Garniture (53%) composée :  poulet rôti Tandoori (47%) préparé dans nos ateliers : poulet rôti (viande de poulet, eau, sel, dextrose, sucre, amidon, stabilisant : E451, gélifiant : E407, arôme naturel de romarin, arôme naturel de fumée), huile de colza, assaisonnement tandoori (épices et aromates, sucre, sel, maltodextrine, colorant : E160c, E120, huile végétale, arôme naturel). Sauce tandoori (26 %) : huile de colza, eau, jaune d’œuf, moutarde de Dijon (eau, graines de moutarde, vinaigre d‘alcool, sel), vinaigre d'alcool, amidon de mais, assaisonnement tandoori (épices et aromates, sucre, sel, maltodextrine, colorant: E160c, E120, huile végétale, arôme naturel), sel, poivre  Salade (26%). Pain nordique (41%) : farines (blé, seigle, blé malté), eau, sucre, huile de colza, levure boulangère, sirop de glucose, levain de seigle dévitalisé dévitalisé (levain de seigle, germes de blé, farine d’orge maltée toastée), gluten de blé, vinaigre d'alcool, sel, germes de blé.",France
Orange Juice 100% and nothing else! No Concentrates,Australia
"Gelatin, adipic acid (for tartness), disodium phosphate (controls acidity), maltodextrin (from corn), fumaric acid (for tartness), contains less than 2% of artificial flavor, aspartame and acesulfame potassium (sweeteners), salt, red 40.",United States
Pro Zog SPro loog GRATIS Energie Energie 28*J 4411 0 -67 kcal. 337kcal:,France
"Peanuts, peanut oil, salt.",United States
Vitabiët; SPECIALrre•OE FRUITS Ingrédients : Pcmrîe•,France
"Coconut, sugar, salt, sulfur dioxide (preservative).",United States
"Pâte de cacao, sucre, émulsifiants : lécithines de tournesol et E476, arôme vanille.",France
"Ground turkey, natural flavoring",United States
"Piment frais 55%, sucre, eau, sel, ail, amidon modifié, correcteur dlaci0ité: acide acétique, exhausteur de goût glutamate monosodique, epaississant: gomme xanthane. éventuelles de glute n, arachides, poisson, graines de sésame et soja.",France
"Organic popcorn, organic sunflower oil, organic spirulina, nutritional yeast, sea salt crystals, organic cayenne pepper, organic garlic powder, organic kelp powder, organic beet powder, and organic carrot powder.",United States
"Pasta de cacao, azúcar, cacao desgrasado en polvo, emulgente: lecitinas (E-322) (contiene _soja_), aroma natural de vainilla. Cacao: 62% mínimo en el chocolate.",Spain
"Corn starch, white rice flour, organic palm oil, modified corn starch, eggs, sugar, salt, vegetable fibers, tomato powder, dehydrated oregano, dehydrated garlic, guar gum, dextrose, sodium bicarbonate, ammonium bicarbonate, monocalcium phosphate, natural flavor.",United States
"Cultured milk and cream, butter (cream, salt), food starch - modified (corn), locust bean gum, carrageenan, sea salt, sodium citrate, annatto, vitamin d3",United States
"sardines, huile de soja, légumes, épices, piment, sel",France
Corn oil,United States
"Aiguillettes de canard 90 %, eau, huile de tournesol, plantes aromatiques 0,4 %, chapelure (GLUTEN), sel, dextrose, épices, arômes naturels.",France
"Cashews, canola and/or peanut oil, salt.",United States
"Viande de porc 52%, eau, viande de volaille 12%, gras de porc, couenne de porc, sel, sirop de glucose et dextrose, protéines de lait, protéines de _soja_, épices et plantes aromatiques, protéines de sang de porc, stabilisants : E450, E452, exhausteur de goût : E621, arômes naturels, acidifiant : E575, colorant : E120, antioxydant : E316, conservateur : E250, enveloppe (E120, E160b).",France
"sel de cuisine, graisse végétale (antioxydant: E310), exhausteurs de saveur (glutamate monosodique, inosinate disotique ( E631), guanylate disotique (E627)), extrait de viande, arôme (avec soja), 1% légumes (oignons, carottes), extrait de levure, persil, sirop de caramel, épices,",Switzerland
Basmati rice,United States
"Haricots verts, eau, sel.  ",France
Rooibos.,Spain
"Skim milk, milk, high fructose corn syrup, sugar, cocoa processed with alkali, salt, carrageenan, artificial flavor, vitamin a palmitate, vitamin d3.",United States
"Huile de colza, œufs de _cabillaud_ salés fumés 22% (œufs de _cabillaud_ 21%, sel, conservateur : E211), chair de _homard_ américain 8% (_crustacé_) (Homarus americanus), eau, chapelure (farine de _blé_, eau, sel, levure), arôme (_poissons_, _crustacés_, céréales content du _gluten), acidifiant : E270, conservateurs : E262 et E202, sel, sirop de glucose, extrait d'épices.",France
Vodka,United Kingdom
"aromatisée en poudre au café soluble. : sucre, 20,7 % lalt écrémé en poudre, sirop de glucose, graisse de coco, 6,8% café en grains soluble, arôme naturel, 2% cacao en poudre foËment dégraissé, stabilisants: ÙŒphates de sodium, phosphate de potassium;zsel. ouvert, à préférence",France
"Viande bovine 70 %, eau gras de bœuf, sel, acidifiants : E326, E262, E327, dextrose de blé, arômes, épices, aromates, colorants : E160c, E120, antioxydants : E301, E300, enveloppe végétale : gélifiant : E404.  ",France
"Sugar, hydrogenated vegetable oil (soybean), wheat flour lecithin (emulsifier), raising agent (sodium bicarbonate), vanillin, salt.",United States
Mechanically (expeller) pressed naturally unrefined virgin organic coconut oil,United States
"Corn, whole grain wheat, sugar, whole grain rolled oats, brown sugar, rice, canola oil, wheat flour, malted barley flour, corn syrup, salt, whey (from milk), malted corn and barley syrup, wildflower honey, caramel color, natural and artificial flavor, ann",United States
"Flocons d'_épeautre_ complets 46 %, fruits secs (raisins de Smyrne (avec huile de tournesol), abricots, dattes, pommes, framboises), flakes d'_épeautre_ 8,8 % (farine d'_épeautre_ complète, sucre de canne non raffiné, malt de maïs, sel de mer), miel, _épeautre_ sauté 5,5 %, nougatine aux _amandes_ (_amandes_ grillées, sucre de canne non raffiné, miel), graines de tournesol, huile de coco, farine de riz, cannelle.",France
Red split lentils.,United States
_Nuez_ mondada.,Spain
"Enriched wheat flour [wheat flour, niacin, reduced iron, thiamin mononitrate (vitamin b1), riboflavin (vitamin b2), folic acid], corn syrup, sugar, high fructose corn syrup, palm oil, brown sugar, whey permeate, modified corn starch, precooked yellow corn meal, salt, cinnamon, leavening (sodium aluminium phosphate, baking soda), color added, citric acid, potassium sorbate (a preservative), gelatin, soy lecithin, modified soy protein, vitamin a palmitate, reduced iron, niacinamide, pyridoxine hydrochloride (vitamin b6), riboflavin (vitamin b2), thiamin mononitrate (vitamin b1).",United States
"Thon listao (Katsuwonus pelamis) huile d'olive vierge extra 33,8%, sel.",France
"Fruits à coques 39% (noix du Brésil, noix de pécan, noix de cajou), sirop de glucose, graines de grenade 14%, sirop d'agave, crispies de riz complet, dattes 9%%, graines de courge, huile de tournesol, arôme naturel.",Switzerland
100% thé vert Ceylan - issu de l'agriculture biologique.,France
"Croutons de pain spécial - Ingrédients: Farine de blé (gluten), huile de tournesol' préparation pour panification (farine de blé (gluten), son de blé (gluten), gluten, farine de blé malté (gluten), agent de traitement de la farine : acide ascorbique, enzymes), levure, sel' son de blé (gluten), antioxydant : extrait de romarin. Traces de lait.",France
"Shrimp, salt, sodium tripolyphosphate (to retain moisture).",United States
"Milk chocolate [sugar, cocoa butter, milk, chocolate liquor, soy lecithin (an emulsifier), and vanilla], sweetened dried cranberries (cranberries, sugar), coating (gum acacia, maltodextrin, and sugar), confectioner's glaze.",United States
"Cultured pasteurized milk, salt, enzymes, annatto (for natural color).",United States
"Carbonated water, high fructose corn syrup, citric acid, artificial flavor, potassium benzoate (preservative), modified food starch, grape juice concentrate, red 40, blue 1.",United States
"Unbleached enriched wheat flour (flour, barley malt, niacin [vitamin b3], iron, thiamin mononitrate [vitamin b1], riboflavin [vitamin b2], folic acid), water, sugar, yeast, whey, nonfat milk, palm oil, wheat gluten, eggs, unsalted butter, contains 2% or l",United States
"Water, organic apple juice, organic blueberry juice, organic lemon juice, organic aloe vera juice.",United States
"Whole grain rolled oats, natural and artificial flavor, flaxseed, salt, sucralose, acesulfame potassium. vitamins & minerals: calcium carbonate, ferric orthophosphate (source of iron), alpha tocopherol acetate (vitamin e), niacinamide*, vitamin a palmitate, pyridoxine hydrochloride*, riboflavin*, thiamin mononitrate*, folic acid*. *one of the b vitamins",United States
"Fresh roasted peanuts, corn syrup solids, sugar, pea protein, contains 2% or less: molasses, salt, hydrogenated vegetable oils (rapeseed, cottonseed and soybean), monoglycerides, magnesium oxide, niacinamide, ferric orthophosphate, zinc oxide, copper sulf",United States
Eau gazifie sucre acide citrique,France
"Bigarreaux avec noyaux, eau, sucre, colorant : E127",France
"Cassava (yuca), tapioca starch, sunflower oil, leek, cane sugar, sea salt, sesame, spices, yeast extract, garlic powder, vinegar powder (organic maltodextrin, white distilled vinegar), natural flavors, rice concentrate.",United States
"Petit beurre 52% : farine de blé, sucre, beurre patissier 14,7%, Lait écrémé en poudre, poudre à lever : carbonate acide d'ammonium, carbonate acide de sodium, diphosphate disodique, sel, correcteur d'acidité : acide citrique - Chocolat au lait 48% : sucre, beurre et pâte de cacao, Lait écrémé en poudre, sirop de glucose, beurre pâtissier, émulsifiant : lécithine de soja, arôme vanille ","Belgium,Denmark,France,Switzerland"
semoule de _blé_ dur,France
Jus de raisin (Origine Languedoc : minimum 50%),France
"Whole navy beans, long grain rice, sunflower oil, tapioca, cheddar cheese blend (pasteurized milk, cheese cultures, sea salt, enzymes, whey buttermilk, annatto, lactic acid, citric acid, spices).",United States
"Filtered water, pineapple juice concentrate, apple juice concentrate, orange juice concentrate, natural flavors, ascorbic acid (vitamin c) and citric acid.",United States
"Pasteurized process american cheese (american cheese (cultured milk, salt, enzymes), water, cream, sodium phosphate, sorbic acid (preservative), artificial color), mayonnaise (soybean oil, egg yolks, water, distilled vinegar, high fructose corn syrup, corn syrup, salt, mustard flour, calcium disodium edta), pimientoes (pimientoes, water, citricacid), jalapenos (jalapeno peppers, water, salt, distilled vinegar, natural flavorings, calcium chloride, potassium sorbate and sodium benzoate (preservatives), turmeric), brown sugar, hot sauce (peppers, vinegar, salt, xanthan gum, sodium benzoate (to preserve freshness)), lemon juice (water, concentrated lemon juice, citric acid salt ester of wood rosin, glycerin, sodium benzoate and potassium sorbate (preservatives), sodium bisulfate, yellow #5(tartrazine)), sodium benzoate and potassium sorbate (preservatives), black pepper.",United States
"Gnocchi à la pomme de terre précuit [semoule de blé (gluten), pomme de terre déshydratée 20,3%, eau, sel], purée de tomate 12,2%, oignon grillé 5,9%, mozzarella 5,9% [lait, sel, présure, acidifiant : acide citrique], tomate cerise mi- séchée 5%, eau, huile d'olive vierge extra, épinard 1,4%, basilic, ail, préparation d'oignon (jus d'oignon concentré, huile de tournesol), sel, poivre.",France
100% semoule de blé dur,France
Huile de _sésame_.,France
"Stone ground whole wheat flour, dried cane syrup, brown rice syrup, fig paste, canola oil, pumpkin spice paste (organic dried cane sugar, naturally milled cane sugar, glycerin, pumpkin, rice starch, apple powder, natural flavor, pectin, citric acid, cinna",United States
"Riz blanc cuit 40,7 % (riz blanc, eau), _poisson_ pané 23,3 % [filet de hoki 64 % (_poisson_); enrobage et chapelure 36 % : farine de _blé_, huile de tournesol, eau, amidon transformé de _blé_, amidon de _blé_, sel, gluten de _blé_, levure, épices (paprika, curcuma)], concassé de tomates 14,2 %, eau, concentré de tomates, huile de colza, beurre (_lait_), arômes, huile d'olive, sucre, ciboulette, sel, épaississant : amidon transformé de maïs, plantes aromatiques (romarin, basilic, origan, thym, marjolaine, sarriette). ",France
"Farine de _blé_ 90%, farine de _seigle_ 8%, _gluten_ de _blé_, levure, huile végétale (tournesol), farine de seigle malté, sucre, sel, agent de traitement de la farine (acide ascorbique)",France
"Nonfat milk, vitamin a palmitate, vitamin d3.",United States
"Pomme de terre 46%, tomate 20%, eau, huile de colza, jambon de poulet cuit choix Halal 7,7% (viande de poulet Halal 7,1%, eau, épices, sel), cornichon 3,9%, jus de citron à base de concentré, sel, jaune d'_oeuf_, amidon transformé (_blé_), vinaigre, sucre, épices, épaississant : gomme xanthane, ail, sirop de glucose.",France
Saffron threads,United States
"eau, sucre, jus de citron a base de concentré 2%, thé noir, cynorhodon, fleur d'hibiscus, acidifiant (E 330),",Switzerland
100% viande bovine.,France
"Farine de _blé_, eau, _fromages_ (_oeuf_), jambon de porc, huile de colza, huile de palme, _beurre_, amidons modifiés, protéines de _lait_, dextrose, sel, _lactosérum_, _gluten_ de _blé_, levure, sels émulsifiants: E331, E452, émulsifiants: E322, E471, conservateurs : E202, E250, E282, stabilisants: E450, E541, gélifiant: E407, arômes (_céleri_,_blé_), épices et aromates, antioxydant: E316, acidifiant: E270",France
"POLENTA BRAMATA ORCANIC, WHOLECRAIN GLUTEN FREE Average Nutritional Values per 100g Energy/Energie/énergie/energia 1440kI/340kcaI [Evépyewenergi/energie/energi Fat/FeWgraisse/rasvaa/AlTlapd/FeWvetten/fett lg ofwtlich saturates/davon gesâttigte Fettsâuren/ 0.24g dont acides gras saturés[psta tyydytwnyttâ/ oJToiwv Kopeopéva/hvorav mettet fett/ waarvan verzadigde vetzuren /varav mâttat fett 74g Carbohydrate/Kohlenhydrate/glucides/ hiilihydraatitNôaTdvepaKWkarbohydrater/ koolhydraten /kolhydrat of which sugars/davon Zucker/dont sucres/ 0.64g josta sokereita/EK oJToiwv hvorav sukkerafter/waarvan suikers/varav sockerafter 4.1g Fibre/Ballaststoffe/fibres alimentaires/ fiberavintokuitu/lvwfiber/vezels/fiber Protein/EiweiB/protéines/proteiini/npQ)TÉiVeç/ 6.6g protein/eiwitten/protein &lt;0.lg Salt/Salz/sel/suola/AÀdTl/salt/zout/salt",France
"Chicken stock (water, concentrated chicken stock). contains less than 2% of the following: salt, sugar, vegetable stock (carrot, onion, celery, sea salt), concentrated cabbage juice, dried parsley.",United States
"Soybean oil, tbhq (antioxidant).",United States
"Filtered water, natural flavor, black tea, phosphoric acid, sodium benzoate and potassium sorbate as preservatives for freshness.",United States
"Wheat flour, sugar, palm kernel oil, palm oil, margarine (palm oil, rice oil, yoghurt, salt, skim milk powder, mix tocopherol), lactose, maltose, corn starch, egg, skim milk powder, glucose, sweetened condensed milk, salt, soy lecithin, glycerin esters of",United States
"Ciabattini [enriched unbleached flour (wheat flour, malted barley flour, niacin, reduced iron, thiamin, mononitrate, riboflavin, folic acid), water, olive oil, egg white, palm shortening, salt, wheat gluten, sugar, yeast, wheat four, enzymes], cheese blen",United States
"Pomme de terre préfrites 67,2 % (pomme de terre, huile de tournesol), champignons de Paris 14,9 % (_sulfites_), lardons crus fumés 9 % (poitrine de porc, eau, sel, dextrose de blé, épices, arômes, acidifiant : acide citrique, conservateurs : ascorbate de sodium, nitrite de sodium, érythorbate de sodium, nitrate de potassium), oignons.",France
"Pork broth, seasoning (chili pepper, spices, dehydrated green bell pepper, onion powder, maltodextrin, garlic powder, natural smoke flavor), cultured dextrose (contains maltodextrin), dried vinegar, soybean oil, flavor (yeast extract, natural flavor), sal",United States
"Water, glycerine, maltodextrin, contains less than 2% of: hibiscus extract, citric acid, salt, natural citrus extract (as a preservative), natural flavor, calcium lactate, calcium gluconate.",United States
"Enriched wheat flour (flour, niacin, iron, thiamine mononitrate, riboflavin, folic acid), wheat starch, dextrose, salt, whey (milk), chicken fat, chicken, silicon dioxide (added to make free flowing), onion, hydrolyzed corn gluten, yeast extract, chicken broth, paprika, xanthan gum, disodium inosinate and guanylate (flavor enhancers), spices, natural flavor (including soy), turmeric.",United States
"Tomatoes [tomatoes tomato juice, salt, citric acid, calcium chloride], tomato puree [tomato concentrate, salt, citric acid], onions, mangoes, peaches in light syrup, chile peppers, lime juice, lemon juice and apple cider vinegar.",United States
"Oat flakes, spelt flakes (spelt, sugar, table salt, barley malt, emulsifier sunflower lecithin), raw sugar, sunflower oil, crispies (maize, rice, raw sugar, wholemeal flour (wheat, rye, barley), barley malt, table salt, cocoa powder), flour (wheat, rye), coconut flakes, wheat germ, dextrose, raspberry granulate (glucose, sugar, raspberries, thickener sodium alginate), strawberry granulate (maltodextrin, strawberries, sugar, modified potato starch, thickener sodium alginate), honey, roasted hazelnuts, freeze-dried strawberries, table salt.",United States
"Butternut squash, celery, onion, carrots, sage.",United States
"Eau, purée de goyave (25%), sucre, acidifiant : jus de citron à base de concentré, jus de cassis à base de concentré, antioxydant : acide ascorbique.",France
Passion flower.,United States
"Salz, 19,9% Gemüse (Zwiebeln, Pastinakenpulver, _Selleriepulver_, Karotten, Spinat), Maltodextrin, Zucker, Sonnenblumenöl, Kräuter, Gewürze",Germany
"Riz cuit 46 %, poulet traité en salaison 14 % (filet de poulet 95 %, amidon de tapioca, dextrose, sel), tomates 13 %, poivrons 12 % (rouges, jaunes et verts), eau, concentré de tomates, huile d'olive vierge extra, oignons frits (oignons, huile d‘olive, sel), sel, amidon transformé de riz, basilic, sucre, herbes de Provence (basilic, origan, romarin, thym), thym, poivre, piment.  ",France
"Rice, palm oil, sugar, com starch, salt, monosodium glutamate, gelatin, strawberry flavor, color (fd&c red no.40).",United States
"White cheddar cheese (pasteurized milk, cheese cultures, salt, enzymes), potato starch and powdered cellulose (to prevent caking), natamycin (a natural mold inhibitor)",United States
"Sweet peas, water, sugar, salt",United States
"Olive oil, flavoring",United States
"Sugar, corn syrup, gelatin, citric acid, white grape juice from concentrate, sorbitol, natural and artificial flavors, artificial colors including (yellow 6, red 40, yellow 5).",United States
"Sorbitol, maltitol, gum base, maltitol syrup, natural & artificial flavor, xylitol, glycerine, titanium dioxide (color), aspartame, soy lecithin, acesulfame-k, gum arabic, resinous glaze, carnauba wax, neotame, bht (to preserve freshness).",United States
Spinach.,United States
"Enriched flour (wheat flour, niacin, reduced iron, thiamine mononitrate, riboflavin, folic acid), water, palm oil, whey powder, buttermilk powder, salt, onion powder, garlic powder, maltodextrin, yeast extract, corn syrup solids, yeast, monosodium glutamate, xanthan gum, lactose, dextrose, malic acid, parsley, citric acid, vinegar, cellulose powder, nonfat milk, sweet cream, disodium inosinate and guanylate, lactic acid, spices, natural and artificial flavors, modified corn starch, soy lecithin, molasses, caramel color, spices.",United States
"Dried Vine Fruits 43% (Sultanas, Raisins, Vostizza Currants), Demerara Sugar, Brandy 5%, Vegetable Suet (Palm Oil, Rice Flour, Sunflower Oil), Wheatflour (Wheatflour, Calcium Carbonate, Iron, Niacin, Thiamin), Brandy Soaked Glacé Cherries 4.5% (Cherries, Brandy, Glucose, Fructose Syrup, Colour: Anthocyanins (from Grapes), Acidity Regulator: Citric Acid), Cognac 4%, Chilean Flame Raisins 3%, Pecan Nuts 3%, Ruby Port 3%, Stout (contains Barley, Gluten) 2.5%, Pasteurised Free Range Eggs, Sugar, Sweetened Dried Cranberries, Humectant: Glycerol, Water, Orange Peel, Split Almonds, Molasses, Single Cream, Spices (Coriander, Cinnamon, Ginger, Nutmeg, Caraway, Cloves), Lemon Peel, Yeast, Salt, Vinegar, Wheat Gluten, Emulsifier: E471, E472e, Sunflower Oil, Rapeseed Oil, Palm Oil, Concentrated Lemon Juice, Flour Treatment Agent: Ascorbic Acid.",United Kingdom
"Product contains: golden raisins (raisins, sulphur dioxide), cranberries (cranberries, sugar, sunflower oil), almonds, blueberries (blueberries, sugar, sunflower oil).",United States
"Rosehips, maltodextrin (corn, tapioca), hibiscus flowers, chamomile flowers, orange leaves, licorice root, sweet blackberry leaves, lemon grass, natural flavor, roasted chicory root, soy lecithin.",United States
"Organic buckwheat, organic peanut butter, organic dark chocolate (unsweetened organic chocolate, organic cane juice, organic cocoa butter, vanilla), raw honey, organic flaxseeds, organic coconut, organic sunflower seeds, organic pumpkin seeds, brazil nuts",United States
"Water, sugar, gelatin, partially hygrogenated palm kernal oil corn syrup, citric acid, natural and artificial flavors, salt, sodium citrate, potassium sorbate and sodium benzoate to preserve freshness, polysorbate 60, modified cellulose, sorbitan monostearate, sodium stearoyllactylate soy lecithin xanthan gum red 40, yellow 6, blue 1.",United States
"WHOLEGRAIN FLAKED ERAZiL ROASTED CHOPPED OAT Fla Nuts Sliced BRAZIL NUTS (7%), Roasted ChoppeC AAZELNUTS (1 JL)), sugar'ble Oils (Rapeseed Oil, Palm Oil), Honey (1%), Suninwer Seeds, Natural Flai ALLERGY ADVICE: For allergens, including cereals containing gluten, see ingredients in BOLD MAY ALSO CONTAN: Wheat (Cluten), Barley (Gluten), Rye (Gluten), OtherN NUYiilONAL INFORMATION",France
"Organic bittersweet chocolate (organic chocolate organic raw cane sugar, organic cocoa butter, soy lecithin, natural orange and spice flavor, orange and spice flavor, organic vanilla extract).",United States
"Cultured milk, water, cream, whey sodium citrate, milk protein concentrate, modified food starch, whey protein concentrate, calcium phosphate, salt, sorbic acid (preservative), sodium phosphate. citric acid, color added, lactic acid, enzymes, vitamin d3.",United States
"Bun: enriched bleached flour (wheat flour, malted barley flour, niacin, iron, thiamine mononitrate, riboflavin, folic acid), water, corn syrup, soybean oil, contains 2% or less of: yeast, salt, calcium stearoyl lactylate, vital wheat gluten, corn syrup solids, guar gum, monoglycerides, oat fiber, monocalcium phosphate, sodium alginate, wheat flour, xanthan gum, ascorbic acid (vitamin c), enzymes. hamburger: beef. pasteurized process american cheese with peppers and other natural flavor: milk, water, cream, sodium citrate, contains 2% or less of: calcium chloride, cheese culture, color added, enzymes, jalapeno peppers, natural flavor, salt, serrano peppers, sodium phosphate, sorbic acid (preservative), vinegar, soy lecithin. water, dried onion, salt, pepper.",United States
"Huiles et graisses Gemiddeldevcding$HüÎd GRASSE. végétateSnon hydrogénées 70 % (palme, colza, fiergie/ft$ eau - émulsifiant : esters citriques de monolet digiycérides diacides gras sel 0,7% - tait écrémé Q Voudre - coriécteurs? d'acidité : aclde citrtque, iacide21actique - cokrant : carotecoides - arôme, VETST0F OM TE SMFREN EN TE BAKKFN fibresAkftires/Ve1 MET 70% - WGREDIËNTEN: Niet-geharde plantaardige vetlgfl 70% Sel/Z01ÌXI (palm, *LUS DilHFOS A met citroenzuur 0,7% .consommerde préf magere-melkpoeder zoot citroenzuar zubaeregelaars: plaquette/ Tebewa melkzuur",France
"Champiñón (Agaricus bisporus), shiitake (Lentinula edodes), pholiota nameko, pleorotus cornucopiae, pleorotus ostreatus.",Spain
"Farine de _blé_, édulcorant : maltitols, amidon de _blé_, huile de colza, _graines de sésame_ toastées 5 %, dextrine de _blé_, arômes naturels, poudres à lever (diphosphates, carbonates de sodium), émulsifiant : lécithines de colza, sel marin.",France
"Dextrose, citric acid, calcium stearate, artificial flavors, red 40 lake, yellow 5 lake, yellow 6 lake, blue 2 lake.",United States
100% new zealand honey,United States
"Sucre, huile de colza, oeuf entier (reconstitué à partir de poudre farine de blé, amidons de pomme de terre et de blé stabilisants : glycérol, gomme xanthane,aRu, arôme naturel de citron (1 poudre àfeüer. diphosphate disodique, carbonate de sodium émulsifiant : mono- et diglycérides d'acides conservateur : sorbate de potassium, sel, colora t: riboflavine. Peut contenir des traces de soja.",France
"Potatoes, sunflower and/or canola oil, salt.",United States
"Baby kale, sweet onion dijon vinaigrette (water, canola oil, sugar, sweet onions, dijon mustard [water, mustard seed, distilled vinegar, salt, white wine, citric acid, turmeric {color}, tartaric acid, spices], cider vinegar, white wine vinegar, salt, lemon juice concentrate, dried onion, spices, xanthan gum, smoke flavor, caramel color, annatto extract [color], bacon (cured with water, salt, sodium phosphate, sodium erythorbate, sodium nitrite, may also contain up to 2% or less of the following ingredients: sugar, brown sugar, hickory smoke flavor), dried cranberries (cranberries, sugar, sunflower oil), honey roasted almonds (almonds, sugar, honey, water, maltodextrin, salt), carrots.",United States
"High fructose corn syrup, water, concentrated grape juice, citric acid, concentrated pineapple juice, concentrated apple juice, natural flavors, sugar syrup, ascorbic acid (vitamin c).",United States
"White grape juice from concentrate (water, white grape juice concentrate), white grape juice, citric acid, ascorbic acid (vitamin c), potassium metabisulfite added to maintain flavor and freshness. no artificial flavors or colors added.",United States
Spinach.,United States
"Carotte 71 %, vinaigrette (huile de tournesol, eau, vinaigre d'alcool, _MOUTARDE_ (vinaigre d'alcool, graines de _MOUTARDE_, eau, sel), sel, épaississants : gomme xanthane - gomme guar), _NOISETTE_ 6 %, vinaigre balsamique 1,5 % (vinaigre de vin, moût de raisin), sel, cannelle, poivre.",France
"Organic beef stock (water, organic beef stock from concentrate, dried organic beef stock), contains less than 2% of sea salt, organic beef flavor (organic beef flavor, sea salt), organic cane sugar, organic potato flour, organic yeast extract, organic car",United States
"Potatoes, milk, butter (sweet cream, salt, annato color), margarine (vegetable oil blend [liquid soybean oil, partially hydrogenated soybean oil], artificial color, water, salt, whey [milk], soy lecithin, vegetable mono and diglycerides, sodium benzoate [to protect quality], artificial flavor, citric acid, vitamin a palmitate), salt, potassium sorbate to protect flavor, disodium pyrophosphate to maintain color, water, spice.",United States
"Caramel coating (sugar, palm kernel oil, nonfat dry milk powder, whole milk powder, cocoa powder, natural flavor, soy lecithin, paprika extract (color), salt), pretzel (corn starch, potato starch, white rice flour, soluble corn fiber, palm oil, salt, sugar, cellulose gum, soy lecithin, baking soda, yeast extract, sodium acid pyrophosphate, citric acid), sea salt.",United States
"_Lait_ écrémé pasteurisé, _ferments lactiques_.",France
"Pâtes collerettes 48.9% (eau, semoule de _blé_ dur, _oeufs_, curcuma), eau, _viande de boeuf 7.4%, _crème_ fraîche, crème de riz, farine de _blé_, huile de colza, _emmental_, échalotes, chapelure (farine de _blé_, eau, sel, levure), sel, trompettes réhydratées 0.6%, extrait de malt d'_orge_, poivre noir 0.17%, poudre de jaune d'_oeuf_, caramel (sucre, eau).  ",France
"Water, organic juice from (organic apples and organic lemons), organic apple cider vinegar, organic turmeric, organic cinnamon, organic cayenne extract.",United States
jus de pomme,France
"Turnip greens, diced turnips, water, sugar, salt, minced onion, hydrolyzed corn protein, sodium diacetate, spices, artificial flavor (natural smoke flavor, caramel color, spice extractives), autolyzed yeast extract, maltodextrin, disodium inosinate.",United States
"Dark chocolate (sugar, chocolate liquor, cocoa butter, milkfat, soy lecithin [an emulsifier], natural vanilla flavor), raisins, sugar, cocoa powder, tapioca dextrin, confectioner's glaze.",United States
"Apples [apples, calcium ascorbate (to promote freshness)], melon (may contain one or more of the following: cantaloupe, honeydew), grapes.",United States
"Wheat flour, sugar, soybean oil, vegetable shortening (partially hydrogenated soybean & cottonseed oils, mono- & diglycerides), dextrose, water, contains less than 2% of each of the following: high fructose corn syrup, cornstarch, salt, baking soda, artificial flavors, soy lecithin, monocalcium phosphate.",United States
"Tomatoes, sugar, fd&c red #4 sulfur dioxide (as a preservative).",United States
"Chickpeas, water, roasted red peppers, tahini, canola oil, olive oil, garlic, citric acid, sea salt, potassium sorbate, sodium benzoate (to maintain freshness), xanthan gum.",United States
"Citric acid, potassium and sodium citrate, natural flavor, aspartame,** magnesium oxide, contains less than 2% of: lemon juice solids, acesulfame potassium, maltodextrin, calcium silicate, gum arabic, soy lecithin, artifcial color, yellow 5.",United States
"Protein blend* [whey protein concentrate, rice protein crisp (rice protein concentrate, brown rice), milk protein concentrate, rice protein concentrate}, coating* (palm kernel oil, inulin, cane sugar, whole milk powder, whey protein, alkalized cocoa, coco",United States
"Quinoas (blanc et rouge) (55%), blé dur précuit (gluten) (15%), semoule de blé dur précuite (gluten) (14%), pépites de lupin, huiles (tournesol et olive), maltodextrine, poivrons rouges déshydratés, plantes aromatiques, sel, arômes naturels (lait), épices (moutarde) (0,6%), fécule, poudre de légumes, sucre.",France
"Enriched macaroni product [semolina and durum flour (wheat), niacin, ferrous sulfate (iron), thiamin mononitrate (vitamin b1), riboflavin (vitamin b2), folic acid], maltodextrin (corn, potato), corn starch, whey protein concentrate (milk), salt, onion powder, sugar, disodium guanylate, disodium inosinate, potassium chloride, hydrolyzed soy protein, natural flavor, high oleic sunflower oil, soybean oil, spices and herbs, skim milk powder, extract of turmeric (for color).",United States
"Tomato puree (water, tomato paste, citric acid), sugar, soybean oil, salt, dried onions, extra virgin olive oil, imported pecorino romano cheese (sheep's milk, cheese cultures, salt, enzymes), spices, dried garlic.",United States
"Popcorn, vegetable oil (safflower, sunflower, and/or canola oil), maltodextrin, salt, sugar, spices (chili pepper, red chili, cayenne pepper), red bell pepper, garlic powder, paprika, vinegar, dried red pepper sauce (aged red pepper, vinegar,s alt), natur",United States
_Soja_ texturé issus de l'Agriculture Biologique.,France
"pois chiches, eau, sel de cuisine.",Switzerland
"Sweet bell peppers, water, vinegar, soybean oil, olive oil, salt, calcium chloride, spices, 1/10 of 1% benzoate of soda (preservative), sodium bisulphite (maintains colors) fd&c yellow #5.",United States
